"STATISTIC","STATISTIC Label","TLIST(A1)","Year","C02172V02618","Taxation Class","C03396V04087","Colour","UNIT","VALUE"
"TEA26","New and Secondhand Vehicles","2010","2010","011","New Private Cars","-","All colours","Number","84907"
"TEA26","New and Secondhand Vehicles","2010","2010","011","New Private Cars","01","Black","Number","20655"
"TEA26","New and Secondhand Vehicles","2010","2010","011","New Private Cars","02","Grey","Number","14660"
"TEA26","New and Secondhand Vehicles","2010","2010","011","New Private Cars","03","White","Number","1932"
"TEA26","New and Secondhand Vehicles","2010","2010","011","New Private Cars","04","Beige","Number","1027"
"TEA26","New and Secondhand Vehicles","2010","2010","011","New Private Cars","05","Brown","Number","949"
"TEA26","New and Secondhand Vehicles","2010","2010","011","New Private Cars","06","Orange","Number","117"
"TEA26","New and Secondhand Vehicles","2010","2010","011","New Private Cars","07","Yellow","Number","255"
"TEA26","New and Secondhand Vehicles","2010","2010","011","New Private Cars","08","Green","Number","539"
"TEA26","New and Secondhand Vehicles","2010","2010","011","New Private Cars","09","Blue","Number","10816"
"TEA26","New and Secondhand Vehicles","2010","2010","011","New Private Cars","10","Purple","Number","211"
"TEA26","New and Secondhand Vehicles","2010","2010","011","New Private Cars","11","Pink","Number","14"
"TEA26","New and Secondhand Vehicles","2010","2010","011","New Private Cars","12","Red","Number","9008"
"TEA26","New and Secondhand Vehicles","2010","2010","011","New Private Cars","13","Bronze","Number","132"
"TEA26","New and Secondhand Vehicles","2010","2010","011","New Private Cars","14","Gold","Number","4090"
"TEA26","New and Secondhand Vehicles","2010","2010","011","New Private Cars","15","Silver","Number","20501"
"TEA26","New and Secondhand Vehicles","2010","2010","011","New Private Cars","16","Navy","Number","1"
"TEA26","New and Secondhand Vehicles","2010","2010","011","New Private Cars","17","Multi-coloured","Number","0"
"TEA26","New and Secondhand Vehicles","2010","2010","011","New Private Cars","18","Other","Number","0"
"TEA26","New and Secondhand Vehicles","2010","2010","012","New Goods Vehicles","-","All colours","Number","10510"
"TEA26","New and Secondhand Vehicles","2010","2010","012","New Goods Vehicles","01","Black","Number","1169"
"TEA26","New and Secondhand Vehicles","2010","2010","012","New Goods Vehicles","02","Grey","Number","495"
"TEA26","New and Secondhand Vehicles","2010","2010","012","New Goods Vehicles","03","White","Number","4375"
"TEA26","New and Secondhand Vehicles","2010","2010","012","New Goods Vehicles","04","Beige","Number","58"
"TEA26","New and Secondhand Vehicles","2010","2010","012","New Goods Vehicles","05","Brown","Number","22"
"TEA26","New and Secondhand Vehicles","2010","2010","012","New Goods Vehicles","06","Orange","Number","10"
"TEA26","New and Secondhand Vehicles","2010","2010","012","New Goods Vehicles","07","Yellow","Number","130"
"TEA26","New and Secondhand Vehicles","2010","2010","012","New Goods Vehicles","08","Green","Number","853"
"TEA26","New and Secondhand Vehicles","2010","2010","012","New Goods Vehicles","09","Blue","Number","958"
"TEA26","New and Secondhand Vehicles","2010","2010","012","New Goods Vehicles","10","Purple","Number","23"
"TEA26","New and Secondhand Vehicles","2010","2010","012","New Goods Vehicles","11","Pink","Number","0"
"TEA26","New and Secondhand Vehicles","2010","2010","012","New Goods Vehicles","12","Red","Number","968"
"TEA26","New and Secondhand Vehicles","2010","2010","012","New Goods Vehicles","13","Bronze","Number","7"
"TEA26","New and Secondhand Vehicles","2010","2010","012","New Goods Vehicles","14","Gold","Number","65"
"TEA26","New and Secondhand Vehicles","2010","2010","012","New Goods Vehicles","15","Silver","Number","1369"
"TEA26","New and Secondhand Vehicles","2010","2010","012","New Goods Vehicles","16","Navy","Number","0"
"TEA26","New and Secondhand Vehicles","2010","2010","012","New Goods Vehicles","17","Multi-coloured","Number","8"
"TEA26","New and Secondhand Vehicles","2010","2010","012","New Goods Vehicles","18","Other","Number","0"
"TEA26","New and Secondhand Vehicles","2010","2010","013","New Tractors","-","All colours","Number","1359"
"TEA26","New and Secondhand Vehicles","2010","2010","013","New Tractors","01","Black","Number","16"
"TEA26","New and Secondhand Vehicles","2010","2010","013","New Tractors","02","Grey","Number","0"
"TEA26","New and Secondhand Vehicles","2010","2010","013","New Tractors","03","White","Number","0"
"TEA26","New and Secondhand Vehicles","2010","2010","013","New Tractors","04","Beige","Number","1"
"TEA26","New and Secondhand Vehicles","2010","2010","013","New Tractors","05","Brown","Number","4"
"TEA26","New and Secondhand Vehicles","2010","2010","013","New Tractors","06","Orange","Number","32"
"TEA26","New and Secondhand Vehicles","2010","2010","013","New Tractors","07","Yellow","Number","26"
"TEA26","New and Secondhand Vehicles","2010","2010","013","New Tractors","08","Green","Number","427"
"TEA26","New and Secondhand Vehicles","2010","2010","013","New Tractors","09","Blue","Number","286"
"TEA26","New and Secondhand Vehicles","2010","2010","013","New Tractors","10","Purple","Number","0"
"TEA26","New and Secondhand Vehicles","2010","2010","013","New Tractors","11","Pink","Number","0"
"TEA26","New and Secondhand Vehicles","2010","2010","013","New Tractors","12","Red","Number","546"
"TEA26","New and Secondhand Vehicles","2010","2010","013","New Tractors","13","Bronze","Number","0"
"TEA26","New and Secondhand Vehicles","2010","2010","013","New Tractors","14","Gold","Number","0"
"TEA26","New and Secondhand Vehicles","2010","2010","013","New Tractors","15","Silver","Number","14"
"TEA26","New and Secondhand Vehicles","2010","2010","013","New Tractors","16","Navy","Number","0"
"TEA26","New and Secondhand Vehicles","2010","2010","013","New Tractors","17","Multi-coloured","Number","7"
"TEA26","New and Secondhand Vehicles","2010","2010","013","New Tractors","18","Other","Number","0"
"TEA26","New and Secondhand Vehicles","2010","2010","014","New Motor Cycles","-","All colours","Number","1321"
"TEA26","New and Secondhand Vehicles","2010","2010","014","New Motor Cycles","01","Black","Number","432"
"TEA26","New and Secondhand Vehicles","2010","2010","014","New Motor Cycles","02","Grey","Number","89"
"TEA26","New and Secondhand Vehicles","2010","2010","014","New Motor Cycles","03","White","Number","84"
"TEA26","New and Secondhand Vehicles","2010","2010","014","New Motor Cycles","04","Beige","Number","6"
"TEA26","New and Secondhand Vehicles","2010","2010","014","New Motor Cycles","05","Brown","Number","5"
"TEA26","New and Secondhand Vehicles","2010","2010","014","New Motor Cycles","06","Orange","Number","29"
"TEA26","New and Secondhand Vehicles","2010","2010","014","New Motor Cycles","07","Yellow","Number","33"
"TEA26","New and Secondhand Vehicles","2010","2010","014","New Motor Cycles","08","Green","Number","42"
"TEA26","New and Secondhand Vehicles","2010","2010","014","New Motor Cycles","09","Blue","Number","177"
"TEA26","New and Secondhand Vehicles","2010","2010","014","New Motor Cycles","10","Purple","Number","9"
"TEA26","New and Secondhand Vehicles","2010","2010","014","New Motor Cycles","11","Pink","Number","0"
"TEA26","New and Secondhand Vehicles","2010","2010","014","New Motor Cycles","12","Red","Number","202"
"TEA26","New and Secondhand Vehicles","2010","2010","014","New Motor Cycles","13","Bronze","Number","1"
"TEA26","New and Secondhand Vehicles","2010","2010","014","New Motor Cycles","14","Gold","Number","4"
"TEA26","New and Secondhand Vehicles","2010","2010","014","New Motor Cycles","15","Silver","Number","185"
"TEA26","New and Secondhand Vehicles","2010","2010","014","New Motor Cycles","16","Navy","Number","0"
"TEA26","New and Secondhand Vehicles","2010","2010","014","New Motor Cycles","17","Multi-coloured","Number","23"
"TEA26","New and Secondhand Vehicles","2010","2010","014","New Motor Cycles","18","Other","Number","0"
"TEA26","New and Secondhand Vehicles","2010","2010","01606","New Other Vehicles","-","All colours","Number","4979"
"TEA26","New and Secondhand Vehicles","2010","2010","01606","New Other Vehicles","01","Black","Number","935"
"TEA26","New and Secondhand Vehicles","2010","2010","01606","New Other Vehicles","02","Grey","Number","719"
"TEA26","New and Secondhand Vehicles","2010","2010","01606","New Other Vehicles","03","White","Number","414"
"TEA26","New and Secondhand Vehicles","2010","2010","01606","New Other Vehicles","04","Beige","Number","57"
"TEA26","New and Secondhand Vehicles","2010","2010","01606","New Other Vehicles","05","Brown","Number","78"
"TEA26","New and Secondhand Vehicles","2010","2010","01606","New Other Vehicles","06","Orange","Number","13"
"TEA26","New and Secondhand Vehicles","2010","2010","01606","New Other Vehicles","07","Yellow","Number","182"
"TEA26","New and Secondhand Vehicles","2010","2010","01606","New Other Vehicles","08","Green","Number","59"
"TEA26","New and Secondhand Vehicles","2010","2010","01606","New Other Vehicles","09","Blue","Number","566"
"TEA26","New and Secondhand Vehicles","2010","2010","01606","New Other Vehicles","10","Purple","Number","20"
"TEA26","New and Secondhand Vehicles","2010","2010","01606","New Other Vehicles","11","Pink","Number","0"
"TEA26","New and Secondhand Vehicles","2010","2010","01606","New Other Vehicles","12","Red","Number","522"
"TEA26","New and Secondhand Vehicles","2010","2010","01606","New Other Vehicles","13","Bronze","Number","12"
"TEA26","New and Secondhand Vehicles","2010","2010","01606","New Other Vehicles","14","Gold","Number","185"
"TEA26","New and Secondhand Vehicles","2010","2010","01606","New Other Vehicles","15","Silver","Number","1208"
"TEA26","New and Secondhand Vehicles","2010","2010","01606","New Other Vehicles","16","Navy","Number","0"
"TEA26","New and Secondhand Vehicles","2010","2010","01606","New Other Vehicles","17","Multi-coloured","Number","9"
"TEA26","New and Secondhand Vehicles","2010","2010","01606","New Other Vehicles","18","Other","Number","0"
"TEA26","New and Secondhand Vehicles","2010","2010","021","Secondhand Private Cars","-","All colours","Number","39103"
"TEA26","New and Secondhand Vehicles","2010","2010","021","Secondhand Private Cars","01","Black","Number","8955"
"TEA26","New and Secondhand Vehicles","2010","2010","021","Secondhand Private Cars","02","Grey","Number","5062"
"TEA26","New and Secondhand Vehicles","2010","2010","021","Secondhand Private Cars","03","White","Number","1244"
"TEA26","New and Secondhand Vehicles","2010","2010","021","Secondhand Private Cars","04","Beige","Number","268"
"TEA26","New and Secondhand Vehicles","2010","2010","021","Secondhand Private Cars","05","Brown","Number","48"
"TEA26","New and Secondhand Vehicles","2010","2010","021","Secondhand Private Cars","06","Orange","Number","79"
"TEA26","New and Secondhand Vehicles","2010","2010","021","Secondhand Private Cars","07","Yellow","Number","103"
"TEA26","New and Secondhand Vehicles","2010","2010","021","Secondhand Private Cars","08","Green","Number","1194"
"TEA26","New and Secondhand Vehicles","2010","2010","021","Secondhand Private Cars","09","Blue","Number","7727"
"TEA26","New and Secondhand Vehicles","2010","2010","021","Secondhand Private Cars","10","Purple","Number","93"
"TEA26","New and Secondhand Vehicles","2010","2010","021","Secondhand Private Cars","11","Pink","Number","26"
"TEA26","New and Secondhand Vehicles","2010","2010","021","Secondhand Private Cars","12","Red","Number","3092"
"TEA26","New and Secondhand Vehicles","2010","2010","021","Secondhand Private Cars","13","Bronze","Number","65"
"TEA26","New and Secondhand Vehicles","2010","2010","021","Secondhand Private Cars","14","Gold","Number","207"
"TEA26","New and Secondhand Vehicles","2010","2010","021","Secondhand Private Cars","15","Silver","Number","10926"
"TEA26","New and Secondhand Vehicles","2010","2010","021","Secondhand Private Cars","16","Navy","Number","0"
"TEA26","New and Secondhand Vehicles","2010","2010","021","Secondhand Private Cars","17","Multi-coloured","Number","14"
"TEA26","New and Secondhand Vehicles","2010","2010","021","Secondhand Private Cars","18","Other","Number","0"
"TEA26","New and Secondhand Vehicles","2010","2010","022","Secondhand Goods Vehicles","-","All colours","Number","8207"
"TEA26","New and Secondhand Vehicles","2010","2010","022","Secondhand Goods Vehicles","01","Black","Number","450"
"TEA26","New and Secondhand Vehicles","2010","2010","022","Secondhand Goods Vehicles","02","Grey","Number","175"
"TEA26","New and Secondhand Vehicles","2010","2010","022","Secondhand Goods Vehicles","03","White","Number","4613"
"TEA26","New and Secondhand Vehicles","2010","2010","022","Secondhand Goods Vehicles","04","Beige","Number","9"
"TEA26","New and Secondhand Vehicles","2010","2010","022","Secondhand Goods Vehicles","05","Brown","Number","4"
"TEA26","New and Secondhand Vehicles","2010","2010","022","Secondhand Goods Vehicles","06","Orange","Number","45"
"TEA26","New and Secondhand Vehicles","2010","2010","022","Secondhand Goods Vehicles","07","Yellow","Number","156"
"TEA26","New and Secondhand Vehicles","2010","2010","022","Secondhand Goods Vehicles","08","Green","Number","287"
"TEA26","New and Secondhand Vehicles","2010","2010","022","Secondhand Goods Vehicles","09","Blue","Number","941"
"TEA26","New and Secondhand Vehicles","2010","2010","022","Secondhand Goods Vehicles","10","Purple","Number","6"
"TEA26","New and Secondhand Vehicles","2010","2010","022","Secondhand Goods Vehicles","11","Pink","Number","0"
"TEA26","New and Secondhand Vehicles","2010","2010","022","Secondhand Goods Vehicles","12","Red","Number","774"
"TEA26","New and Secondhand Vehicles","2010","2010","022","Secondhand Goods Vehicles","13","Bronze","Number","3"
"TEA26","New and Secondhand Vehicles","2010","2010","022","Secondhand Goods Vehicles","14","Gold","Number","16"
"TEA26","New and Secondhand Vehicles","2010","2010","022","Secondhand Goods Vehicles","15","Silver","Number","656"
"TEA26","New and Secondhand Vehicles","2010","2010","022","Secondhand Goods Vehicles","16","Navy","Number","0"
"TEA26","New and Secondhand Vehicles","2010","2010","022","Secondhand Goods Vehicles","17","Multi-coloured","Number","72"
"TEA26","New and Secondhand Vehicles","2010","2010","022","Secondhand Goods Vehicles","18","Other","Number","0"
"TEA26","New and Secondhand Vehicles","2010","2010","023","Secondhand Tractors","-","All colours","Number","2194"
"TEA26","New and Secondhand Vehicles","2010","2010","023","Secondhand Tractors","01","Black","Number","17"
"TEA26","New and Secondhand Vehicles","2010","2010","023","Secondhand Tractors","02","Grey","Number","10"
"TEA26","New and Secondhand Vehicles","2010","2010","023","Secondhand Tractors","03","White","Number","37"
"TEA26","New and Secondhand Vehicles","2010","2010","023","Secondhand Tractors","04","Beige","Number","2"
"TEA26","New and Secondhand Vehicles","2010","2010","023","Secondhand Tractors","05","Brown","Number","49"
"TEA26","New and Secondhand Vehicles","2010","2010","023","Secondhand Tractors","06","Orange","Number","62"
"TEA26","New and Secondhand Vehicles","2010","2010","023","Secondhand Tractors","07","Yellow","Number","58"
"TEA26","New and Secondhand Vehicles","2010","2010","023","Secondhand Tractors","08","Green","Number","340"
"TEA26","New and Secondhand Vehicles","2010","2010","023","Secondhand Tractors","09","Blue","Number","732"
"TEA26","New and Secondhand Vehicles","2010","2010","023","Secondhand Tractors","10","Purple","Number","0"
"TEA26","New and Secondhand Vehicles","2010","2010","023","Secondhand Tractors","11","Pink","Number","0"
"TEA26","New and Secondhand Vehicles","2010","2010","023","Secondhand Tractors","12","Red","Number","818"
"TEA26","New and Secondhand Vehicles","2010","2010","023","Secondhand Tractors","13","Bronze","Number","2"
"TEA26","New and Secondhand Vehicles","2010","2010","023","Secondhand Tractors","14","Gold","Number","1"
"TEA26","New and Secondhand Vehicles","2010","2010","023","Secondhand Tractors","15","Silver","Number","8"
"TEA26","New and Secondhand Vehicles","2010","2010","023","Secondhand Tractors","16","Navy","Number","0"
"TEA26","New and Secondhand Vehicles","2010","2010","023","Secondhand Tractors","17","Multi-coloured","Number","53"
"TEA26","New and Secondhand Vehicles","2010","2010","023","Secondhand Tractors","18","Other","Number","5"
"TEA26","New and Secondhand Vehicles","2010","2010","024","Secondhand Other Vehicles","-","All colours","Number","4893"
"TEA26","New and Secondhand Vehicles","2010","2010","024","Secondhand Other Vehicles","01","Black","Number","450"
"TEA26","New and Secondhand Vehicles","2010","2010","024","Secondhand Other Vehicles","02","Grey","Number","239"
"TEA26","New and Secondhand Vehicles","2010","2010","024","Secondhand Other Vehicles","03","White","Number","1104"
"TEA26","New and Secondhand Vehicles","2010","2010","024","Secondhand Other Vehicles","04","Beige","Number","88"
"TEA26","New and Secondhand Vehicles","2010","2010","024","Secondhand Other Vehicles","05","Brown","Number","92"
"TEA26","New and Secondhand Vehicles","2010","2010","024","Secondhand Other Vehicles","06","Orange","Number","89"
"TEA26","New and Secondhand Vehicles","2010","2010","024","Secondhand Other Vehicles","07","Yellow","Number","407"
"TEA26","New and Secondhand Vehicles","2010","2010","024","Secondhand Other Vehicles","08","Green","Number","328"
"TEA26","New and Secondhand Vehicles","2010","2010","024","Secondhand Other Vehicles","09","Blue","Number","712"
"TEA26","New and Secondhand Vehicles","2010","2010","024","Secondhand Other Vehicles","10","Purple","Number","15"
"TEA26","New and Secondhand Vehicles","2010","2010","024","Secondhand Other Vehicles","11","Pink","Number","0"
"TEA26","New and Secondhand Vehicles","2010","2010","024","Secondhand Other Vehicles","12","Red","Number","762"
"TEA26","New and Secondhand Vehicles","2010","2010","024","Secondhand Other Vehicles","13","Bronze","Number","16"
"TEA26","New and Secondhand Vehicles","2010","2010","024","Secondhand Other Vehicles","14","Gold","Number","86"
"TEA26","New and Secondhand Vehicles","2010","2010","024","Secondhand Other Vehicles","15","Silver","Number","454"
"TEA26","New and Secondhand Vehicles","2010","2010","024","Secondhand Other Vehicles","16","Navy","Number","0"
"TEA26","New and Secondhand Vehicles","2010","2010","024","Secondhand Other Vehicles","17","Multi-coloured","Number","50"
"TEA26","New and Secondhand Vehicles","2010","2010","024","Secondhand Other Vehicles","18","Other","Number","1"
"TEA26","New and Secondhand Vehicles","2010","2010","025","Secondhand Motor Cycles","-","All colours","Number","2945"
"TEA26","New and Secondhand Vehicles","2010","2010","025","Secondhand Motor Cycles","01","Black","Number","686"
"TEA26","New and Secondhand Vehicles","2010","2010","025","Secondhand Motor Cycles","02","Grey","Number","86"
"TEA26","New and Secondhand Vehicles","2010","2010","025","Secondhand Motor Cycles","03","White","Number","175"
"TEA26","New and Secondhand Vehicles","2010","2010","025","Secondhand Motor Cycles","04","Beige","Number","20"
"TEA26","New and Secondhand Vehicles","2010","2010","025","Secondhand Motor Cycles","05","Brown","Number","8"
"TEA26","New and Secondhand Vehicles","2010","2010","025","Secondhand Motor Cycles","06","Orange","Number","60"
"TEA26","New and Secondhand Vehicles","2010","2010","025","Secondhand Motor Cycles","07","Yellow","Number","117"
"TEA26","New and Secondhand Vehicles","2010","2010","025","Secondhand Motor Cycles","08","Green","Number","169"
"TEA26","New and Secondhand Vehicles","2010","2010","025","Secondhand Motor Cycles","09","Blue","Number","570"
"TEA26","New and Secondhand Vehicles","2010","2010","025","Secondhand Motor Cycles","10","Purple","Number","29"
"TEA26","New and Secondhand Vehicles","2010","2010","025","Secondhand Motor Cycles","11","Pink","Number","0"
"TEA26","New and Secondhand Vehicles","2010","2010","025","Secondhand Motor Cycles","12","Red","Number","649"
"TEA26","New and Secondhand Vehicles","2010","2010","025","Secondhand Motor Cycles","13","Bronze","Number","9"
"TEA26","New and Secondhand Vehicles","2010","2010","025","Secondhand Motor Cycles","14","Gold","Number","25"
"TEA26","New and Secondhand Vehicles","2010","2010","025","Secondhand Motor Cycles","15","Silver","Number","257"
"TEA26","New and Secondhand Vehicles","2010","2010","025","Secondhand Motor Cycles","16","Navy","Number","0"
"TEA26","New and Secondhand Vehicles","2010","2010","025","Secondhand Motor Cycles","17","Multi-coloured","Number","85"
"TEA26","New and Secondhand Vehicles","2010","2010","025","Secondhand Motor Cycles","18","Other","Number","0"
"TEA26","New and Secondhand Vehicles","2010","2010","03","All Private Cars","-","All colours","Number","124010"
"TEA26","New and Secondhand Vehicles","2010","2010","03","All Private Cars","01","Black","Number","29610"
"TEA26","New and Secondhand Vehicles","2010","2010","03","All Private Cars","02","Grey","Number","19722"
"TEA26","New and Secondhand Vehicles","2010","2010","03","All Private Cars","03","White","Number","3176"
"TEA26","New and Secondhand Vehicles","2010","2010","03","All Private Cars","04","Beige","Number","1295"
"TEA26","New and Secondhand Vehicles","2010","2010","03","All Private Cars","05","Brown","Number","997"
"TEA26","New and Secondhand Vehicles","2010","2010","03","All Private Cars","06","Orange","Number","196"
"TEA26","New and Secondhand Vehicles","2010","2010","03","All Private Cars","07","Yellow","Number","358"
"TEA26","New and Secondhand Vehicles","2010","2010","03","All Private Cars","08","Green","Number","1733"
"TEA26","New and Secondhand Vehicles","2010","2010","03","All Private Cars","09","Blue","Number","18543"
"TEA26","New and Secondhand Vehicles","2010","2010","03","All Private Cars","10","Purple","Number","304"
"TEA26","New and Secondhand Vehicles","2010","2010","03","All Private Cars","11","Pink","Number","40"
"TEA26","New and Secondhand Vehicles","2010","2010","03","All Private Cars","12","Red","Number","12100"
"TEA26","New and Secondhand Vehicles","2010","2010","03","All Private Cars","13","Bronze","Number","197"
"TEA26","New and Secondhand Vehicles","2010","2010","03","All Private Cars","14","Gold","Number","4297"
"TEA26","New and Secondhand Vehicles","2010","2010","03","All Private Cars","15","Silver","Number","31427"
"TEA26","New and Secondhand Vehicles","2010","2010","03","All Private Cars","16","Navy","Number","1"
"TEA26","New and Secondhand Vehicles","2010","2010","03","All Private Cars","17","Multi-coloured","Number","14"
"TEA26","New and Secondhand Vehicles","2010","2010","03","All Private Cars","18","Other","Number","0"
"TEA26","New and Secondhand Vehicles","2010","2010","04","All Goods Vehicles","-","All colours","Number","18717"
"TEA26","New and Secondhand Vehicles","2010","2010","04","All Goods Vehicles","01","Black","Number","1619"
"TEA26","New and Secondhand Vehicles","2010","2010","04","All Goods Vehicles","02","Grey","Number","670"
"TEA26","New and Secondhand Vehicles","2010","2010","04","All Goods Vehicles","03","White","Number","8988"
"TEA26","New and Secondhand Vehicles","2010","2010","04","All Goods Vehicles","04","Beige","Number","67"
"TEA26","New and Secondhand Vehicles","2010","2010","04","All Goods Vehicles","05","Brown","Number","26"
"TEA26","New and Secondhand Vehicles","2010","2010","04","All Goods Vehicles","06","Orange","Number","55"
"TEA26","New and Secondhand Vehicles","2010","2010","04","All Goods Vehicles","07","Yellow","Number","286"
"TEA26","New and Secondhand Vehicles","2010","2010","04","All Goods Vehicles","08","Green","Number","1140"
"TEA26","New and Secondhand Vehicles","2010","2010","04","All Goods Vehicles","09","Blue","Number","1899"
"TEA26","New and Secondhand Vehicles","2010","2010","04","All Goods Vehicles","10","Purple","Number","29"
"TEA26","New and Secondhand Vehicles","2010","2010","04","All Goods Vehicles","11","Pink","Number","0"
"TEA26","New and Secondhand Vehicles","2010","2010","04","All Goods Vehicles","12","Red","Number","1742"
"TEA26","New and Secondhand Vehicles","2010","2010","04","All Goods Vehicles","13","Bronze","Number","10"
"TEA26","New and Secondhand Vehicles","2010","2010","04","All Goods Vehicles","14","Gold","Number","81"
"TEA26","New and Secondhand Vehicles","2010","2010","04","All Goods Vehicles","15","Silver","Number","2025"
"TEA26","New and Secondhand Vehicles","2010","2010","04","All Goods Vehicles","16","Navy","Number","0"
"TEA26","New and Secondhand Vehicles","2010","2010","04","All Goods Vehicles","17","Multi-coloured","Number","80"
"TEA26","New and Secondhand Vehicles","2010","2010","04","All Goods Vehicles","18","Other","Number","0"
"TEA26","New and Secondhand Vehicles","2010","2010","05","All Tractors","-","All colours","Number","3553"
"TEA26","New and Secondhand Vehicles","2010","2010","05","All Tractors","01","Black","Number","33"
"TEA26","New and Secondhand Vehicles","2010","2010","05","All Tractors","02","Grey","Number","10"
"TEA26","New and Secondhand Vehicles","2010","2010","05","All Tractors","03","White","Number","37"
"TEA26","New and Secondhand Vehicles","2010","2010","05","All Tractors","04","Beige","Number","3"
"TEA26","New and Secondhand Vehicles","2010","2010","05","All Tractors","05","Brown","Number","53"
"TEA26","New and Secondhand Vehicles","2010","2010","05","All Tractors","06","Orange","Number","94"
"TEA26","New and Secondhand Vehicles","2010","2010","05","All Tractors","07","Yellow","Number","84"
"TEA26","New and Secondhand Vehicles","2010","2010","05","All Tractors","08","Green","Number","767"
"TEA26","New and Secondhand Vehicles","2010","2010","05","All Tractors","09","Blue","Number","1018"
"TEA26","New and Secondhand Vehicles","2010","2010","05","All Tractors","10","Purple","Number","0"
"TEA26","New and Secondhand Vehicles","2010","2010","05","All Tractors","11","Pink","Number","0"
"TEA26","New and Secondhand Vehicles","2010","2010","05","All Tractors","12","Red","Number","1364"
"TEA26","New and Secondhand Vehicles","2010","2010","05","All Tractors","13","Bronze","Number","2"
"TEA26","New and Secondhand Vehicles","2010","2010","05","All Tractors","14","Gold","Number","1"
"TEA26","New and Secondhand Vehicles","2010","2010","05","All Tractors","15","Silver","Number","22"
"TEA26","New and Secondhand Vehicles","2010","2010","05","All Tractors","16","Navy","Number","0"
"TEA26","New and Secondhand Vehicles","2010","2010","05","All Tractors","17","Multi-coloured","Number","60"
"TEA26","New and Secondhand Vehicles","2010","2010","05","All Tractors","18","Other","Number","5"
"TEA26","New and Secondhand Vehicles","2010","2010","06","All Motor Cycles","-","All colours","Number","4266"
"TEA26","New and Secondhand Vehicles","2010","2010","06","All Motor Cycles","01","Black","Number","1118"
"TEA26","New and Secondhand Vehicles","2010","2010","06","All Motor Cycles","02","Grey","Number","175"
"TEA26","New and Secondhand Vehicles","2010","2010","06","All Motor Cycles","03","White","Number","259"
"TEA26","New and Secondhand Vehicles","2010","2010","06","All Motor Cycles","04","Beige","Number","26"
"TEA26","New and Secondhand Vehicles","2010","2010","06","All Motor Cycles","05","Brown","Number","13"
"TEA26","New and Secondhand Vehicles","2010","2010","06","All Motor Cycles","06","Orange","Number","89"
"TEA26","New and Secondhand Vehicles","2010","2010","06","All Motor Cycles","07","Yellow","Number","150"
"TEA26","New and Secondhand Vehicles","2010","2010","06","All Motor Cycles","08","Green","Number","211"
"TEA26","New and Secondhand Vehicles","2010","2010","06","All Motor Cycles","09","Blue","Number","747"
"TEA26","New and Secondhand Vehicles","2010","2010","06","All Motor Cycles","10","Purple","Number","38"
"TEA26","New and Secondhand Vehicles","2010","2010","06","All Motor Cycles","11","Pink","Number","0"
"TEA26","New and Secondhand Vehicles","2010","2010","06","All Motor Cycles","12","Red","Number","851"
"TEA26","New and Secondhand Vehicles","2010","2010","06","All Motor Cycles","13","Bronze","Number","10"
"TEA26","New and Secondhand Vehicles","2010","2010","06","All Motor Cycles","14","Gold","Number","29"
"TEA26","New and Secondhand Vehicles","2010","2010","06","All Motor Cycles","15","Silver","Number","442"
"TEA26","New and Secondhand Vehicles","2010","2010","06","All Motor Cycles","16","Navy","Number","0"
"TEA26","New and Secondhand Vehicles","2010","2010","06","All Motor Cycles","17","Multi-coloured","Number","108"
"TEA26","New and Secondhand Vehicles","2010","2010","06","All Motor Cycles","18","Other","Number","0"
"TEA26","New and Secondhand Vehicles","2010","2010","07","All Other Vehicles","-","All colours","Number","9872"
"TEA26","New and Secondhand Vehicles","2010","2010","07","All Other Vehicles","01","Black","Number","1385"
"TEA26","New and Secondhand Vehicles","2010","2010","07","All Other Vehicles","02","Grey","Number","958"
"TEA26","New and Secondhand Vehicles","2010","2010","07","All Other Vehicles","03","White","Number","1518"
"TEA26","New and Secondhand Vehicles","2010","2010","07","All Other Vehicles","04","Beige","Number","145"
"TEA26","New and Secondhand Vehicles","2010","2010","07","All Other Vehicles","05","Brown","Number","170"
"TEA26","New and Secondhand Vehicles","2010","2010","07","All Other Vehicles","06","Orange","Number","102"
"TEA26","New and Secondhand Vehicles","2010","2010","07","All Other Vehicles","07","Yellow","Number","589"
"TEA26","New and Secondhand Vehicles","2010","2010","07","All Other Vehicles","08","Green","Number","387"
"TEA26","New and Secondhand Vehicles","2010","2010","07","All Other Vehicles","09","Blue","Number","1278"
"TEA26","New and Secondhand Vehicles","2010","2010","07","All Other Vehicles","10","Purple","Number","35"
"TEA26","New and Secondhand Vehicles","2010","2010","07","All Other Vehicles","11","Pink","Number","0"
"TEA26","New and Secondhand Vehicles","2010","2010","07","All Other Vehicles","12","Red","Number","1284"
"TEA26","New and Secondhand Vehicles","2010","2010","07","All Other Vehicles","13","Bronze","Number","28"
"TEA26","New and Secondhand Vehicles","2010","2010","07","All Other Vehicles","14","Gold","Number","271"
"TEA26","New and Secondhand Vehicles","2010","2010","07","All Other Vehicles","15","Silver","Number","1662"
"TEA26","New and Secondhand Vehicles","2010","2010","07","All Other Vehicles","16","Navy","Number","0"
"TEA26","New and Secondhand Vehicles","2010","2010","07","All Other Vehicles","17","Multi-coloured","Number","59"
"TEA26","New and Secondhand Vehicles","2010","2010","07","All Other Vehicles","18","Other","Number","1"
"TEA26","New and Secondhand Vehicles","2011","2011","011","New Private Cars","-","All colours","Number","86932"
"TEA26","New and Secondhand Vehicles","2011","2011","011","New Private Cars","01","Black","Number","21004"
"TEA26","New and Secondhand Vehicles","2011","2011","011","New Private Cars","02","Grey","Number","15700"
"TEA26","New and Secondhand Vehicles","2011","2011","011","New Private Cars","03","White","Number","3033"
"TEA26","New and Secondhand Vehicles","2011","2011","011","New Private Cars","04","Beige","Number","997"
"TEA26","New and Secondhand Vehicles","2011","2011","011","New Private Cars","05","Brown","Number","2403"
"TEA26","New and Secondhand Vehicles","2011","2011","011","New Private Cars","06","Orange","Number","92"
"TEA26","New and Secondhand Vehicles","2011","2011","011","New Private Cars","07","Yellow","Number","101"
"TEA26","New and Secondhand Vehicles","2011","2011","011","New Private Cars","08","Green","Number","468"
"TEA26","New and Secondhand Vehicles","2011","2011","011","New Private Cars","09","Blue","Number","9812"
"TEA26","New and Secondhand Vehicles","2011","2011","011","New Private Cars","10","Purple","Number","254"
"TEA26","New and Secondhand Vehicles","2011","2011","011","New Private Cars","11","Pink","Number","21"
"TEA26","New and Secondhand Vehicles","2011","2011","011","New Private Cars","12","Red","Number","9037"
"TEA26","New and Secondhand Vehicles","2011","2011","011","New Private Cars","13","Bronze","Number","217"
"TEA26","New and Secondhand Vehicles","2011","2011","011","New Private Cars","14","Gold","Number","2285"
"TEA26","New and Secondhand Vehicles","2011","2011","011","New Private Cars","15","Silver","Number","21507"
"TEA26","New and Secondhand Vehicles","2011","2011","011","New Private Cars","16","Navy","Number","1"
"TEA26","New and Secondhand Vehicles","2011","2011","011","New Private Cars","17","Multi-coloured","Number","0"
"TEA26","New and Secondhand Vehicles","2011","2011","011","New Private Cars","18","Other","Number","0"
"TEA26","New and Secondhand Vehicles","2011","2011","012","New Goods Vehicles","-","All colours","Number","11188"
"TEA26","New and Secondhand Vehicles","2011","2011","012","New Goods Vehicles","01","Black","Number","1037"
"TEA26","New and Secondhand Vehicles","2011","2011","012","New Goods Vehicles","02","Grey","Number","481"
"TEA26","New and Secondhand Vehicles","2011","2011","012","New Goods Vehicles","03","White","Number","6087"
"TEA26","New and Secondhand Vehicles","2011","2011","012","New Goods Vehicles","04","Beige","Number","59"
"TEA26","New and Secondhand Vehicles","2011","2011","012","New Goods Vehicles","05","Brown","Number","12"
"TEA26","New and Secondhand Vehicles","2011","2011","012","New Goods Vehicles","06","Orange","Number","9"
"TEA26","New and Secondhand Vehicles","2011","2011","012","New Goods Vehicles","07","Yellow","Number","183"
"TEA26","New and Secondhand Vehicles","2011","2011","012","New Goods Vehicles","08","Green","Number","456"
"TEA26","New and Secondhand Vehicles","2011","2011","012","New Goods Vehicles","09","Blue","Number","637"
"TEA26","New and Secondhand Vehicles","2011","2011","012","New Goods Vehicles","10","Purple","Number","7"
"TEA26","New and Secondhand Vehicles","2011","2011","012","New Goods Vehicles","11","Pink","Number","0"
"TEA26","New and Secondhand Vehicles","2011","2011","012","New Goods Vehicles","12","Red","Number","861"
"TEA26","New and Secondhand Vehicles","2011","2011","012","New Goods Vehicles","13","Bronze","Number","6"
"TEA26","New and Secondhand Vehicles","2011","2011","012","New Goods Vehicles","14","Gold","Number","76"
"TEA26","New and Secondhand Vehicles","2011","2011","012","New Goods Vehicles","15","Silver","Number","1260"
"TEA26","New and Secondhand Vehicles","2011","2011","012","New Goods Vehicles","16","Navy","Number","0"
"TEA26","New and Secondhand Vehicles","2011","2011","012","New Goods Vehicles","17","Multi-coloured","Number","17"
"TEA26","New and Secondhand Vehicles","2011","2011","012","New Goods Vehicles","18","Other","Number","0"
"TEA26","New and Secondhand Vehicles","2011","2011","013","New Tractors","-","All colours","Number","1731"
"TEA26","New and Secondhand Vehicles","2011","2011","013","New Tractors","01","Black","Number","19"
"TEA26","New and Secondhand Vehicles","2011","2011","013","New Tractors","02","Grey","Number","0"
"TEA26","New and Secondhand Vehicles","2011","2011","013","New Tractors","03","White","Number","3"
"TEA26","New and Secondhand Vehicles","2011","2011","013","New Tractors","04","Beige","Number","0"
"TEA26","New and Secondhand Vehicles","2011","2011","013","New Tractors","05","Brown","Number","0"
"TEA26","New and Secondhand Vehicles","2011","2011","013","New Tractors","06","Orange","Number","32"
"TEA26","New and Secondhand Vehicles","2011","2011","013","New Tractors","07","Yellow","Number","22"
"TEA26","New and Secondhand Vehicles","2011","2011","013","New Tractors","08","Green","Number","482"
"TEA26","New and Secondhand Vehicles","2011","2011","013","New Tractors","09","Blue","Number","354"
"TEA26","New and Secondhand Vehicles","2011","2011","013","New Tractors","10","Purple","Number","0"
"TEA26","New and Secondhand Vehicles","2011","2011","013","New Tractors","11","Pink","Number","0"
"TEA26","New and Secondhand Vehicles","2011","2011","013","New Tractors","12","Red","Number","652"
"TEA26","New and Secondhand Vehicles","2011","2011","013","New Tractors","13","Bronze","Number","0"
"TEA26","New and Secondhand Vehicles","2011","2011","013","New Tractors","14","Gold","Number","1"
"TEA26","New and Secondhand Vehicles","2011","2011","013","New Tractors","15","Silver","Number","19"
"TEA26","New and Secondhand Vehicles","2011","2011","013","New Tractors","16","Navy","Number","0"
"TEA26","New and Secondhand Vehicles","2011","2011","013","New Tractors","17","Multi-coloured","Number","146"
"TEA26","New and Secondhand Vehicles","2011","2011","013","New Tractors","18","Other","Number","1"
"TEA26","New and Secondhand Vehicles","2011","2011","014","New Motor Cycles","-","All colours","Number","1102"
"TEA26","New and Secondhand Vehicles","2011","2011","014","New Motor Cycles","01","Black","Number","348"
"TEA26","New and Secondhand Vehicles","2011","2011","014","New Motor Cycles","02","Grey","Number","78"
"TEA26","New and Secondhand Vehicles","2011","2011","014","New Motor Cycles","03","White","Number","108"
"TEA26","New and Secondhand Vehicles","2011","2011","014","New Motor Cycles","04","Beige","Number","6"
"TEA26","New and Secondhand Vehicles","2011","2011","014","New Motor Cycles","05","Brown","Number","5"
"TEA26","New and Secondhand Vehicles","2011","2011","014","New Motor Cycles","06","Orange","Number","20"
"TEA26","New and Secondhand Vehicles","2011","2011","014","New Motor Cycles","07","Yellow","Number","29"
"TEA26","New and Secondhand Vehicles","2011","2011","014","New Motor Cycles","08","Green","Number","38"
"TEA26","New and Secondhand Vehicles","2011","2011","014","New Motor Cycles","09","Blue","Number","165"
"TEA26","New and Secondhand Vehicles","2011","2011","014","New Motor Cycles","10","Purple","Number","4"
"TEA26","New and Secondhand Vehicles","2011","2011","014","New Motor Cycles","11","Pink","Number","3"
"TEA26","New and Secondhand Vehicles","2011","2011","014","New Motor Cycles","12","Red","Number","150"
"TEA26","New and Secondhand Vehicles","2011","2011","014","New Motor Cycles","13","Bronze","Number","2"
"TEA26","New and Secondhand Vehicles","2011","2011","014","New Motor Cycles","14","Gold","Number","1"
"TEA26","New and Secondhand Vehicles","2011","2011","014","New Motor Cycles","15","Silver","Number","117"
"TEA26","New and Secondhand Vehicles","2011","2011","014","New Motor Cycles","16","Navy","Number","0"
"TEA26","New and Secondhand Vehicles","2011","2011","014","New Motor Cycles","17","Multi-coloured","Number","28"
"TEA26","New and Secondhand Vehicles","2011","2011","014","New Motor Cycles","18","Other","Number","0"
"TEA26","New and Secondhand Vehicles","2011","2011","01606","New Other Vehicles","-","All colours","Number","4808"
"TEA26","New and Secondhand Vehicles","2011","2011","01606","New Other Vehicles","01","Black","Number","842"
"TEA26","New and Secondhand Vehicles","2011","2011","01606","New Other Vehicles","02","Grey","Number","740"
"TEA26","New and Secondhand Vehicles","2011","2011","01606","New Other Vehicles","03","White","Number","560"
"TEA26","New and Secondhand Vehicles","2011","2011","01606","New Other Vehicles","04","Beige","Number","68"
"TEA26","New and Secondhand Vehicles","2011","2011","01606","New Other Vehicles","05","Brown","Number","157"
"TEA26","New and Secondhand Vehicles","2011","2011","01606","New Other Vehicles","06","Orange","Number","17"
"TEA26","New and Secondhand Vehicles","2011","2011","01606","New Other Vehicles","07","Yellow","Number","265"
"TEA26","New and Secondhand Vehicles","2011","2011","01606","New Other Vehicles","08","Green","Number","52"
"TEA26","New and Secondhand Vehicles","2011","2011","01606","New Other Vehicles","09","Blue","Number","449"
"TEA26","New and Secondhand Vehicles","2011","2011","01606","New Other Vehicles","10","Purple","Number","40"
"TEA26","New and Secondhand Vehicles","2011","2011","01606","New Other Vehicles","11","Pink","Number","1"
"TEA26","New and Secondhand Vehicles","2011","2011","01606","New Other Vehicles","12","Red","Number","474"
"TEA26","New and Secondhand Vehicles","2011","2011","01606","New Other Vehicles","13","Bronze","Number","16"
"TEA26","New and Secondhand Vehicles","2011","2011","01606","New Other Vehicles","14","Gold","Number","49"
"TEA26","New and Secondhand Vehicles","2011","2011","01606","New Other Vehicles","15","Silver","Number","1064"
"TEA26","New and Secondhand Vehicles","2011","2011","01606","New Other Vehicles","16","Navy","Number","0"
"TEA26","New and Secondhand Vehicles","2011","2011","01606","New Other Vehicles","17","Multi-coloured","Number","14"
"TEA26","New and Secondhand Vehicles","2011","2011","01606","New Other Vehicles","18","Other","Number","0"
"TEA26","New and Secondhand Vehicles","2011","2011","021","Secondhand Private Cars","-","All colours","Number","41149"
"TEA26","New and Secondhand Vehicles","2011","2011","021","Secondhand Private Cars","01","Black","Number","10208"
"TEA26","New and Secondhand Vehicles","2011","2011","021","Secondhand Private Cars","02","Grey","Number","5862"
"TEA26","New and Secondhand Vehicles","2011","2011","021","Secondhand Private Cars","03","White","Number","1188"
"TEA26","New and Secondhand Vehicles","2011","2011","021","Secondhand Private Cars","04","Beige","Number","305"
"TEA26","New and Secondhand Vehicles","2011","2011","021","Secondhand Private Cars","05","Brown","Number","140"
"TEA26","New and Secondhand Vehicles","2011","2011","021","Secondhand Private Cars","06","Orange","Number","79"
"TEA26","New and Secondhand Vehicles","2011","2011","021","Secondhand Private Cars","07","Yellow","Number","81"
"TEA26","New and Secondhand Vehicles","2011","2011","021","Secondhand Private Cars","08","Green","Number","989"
"TEA26","New and Secondhand Vehicles","2011","2011","021","Secondhand Private Cars","09","Blue","Number","7840"
"TEA26","New and Secondhand Vehicles","2011","2011","021","Secondhand Private Cars","10","Purple","Number","119"
"TEA26","New and Secondhand Vehicles","2011","2011","021","Secondhand Private Cars","11","Pink","Number","16"
"TEA26","New and Secondhand Vehicles","2011","2011","021","Secondhand Private Cars","12","Red","Number","3033"
"TEA26","New and Secondhand Vehicles","2011","2011","021","Secondhand Private Cars","13","Bronze","Number","77"
"TEA26","New and Secondhand Vehicles","2011","2011","021","Secondhand Private Cars","14","Gold","Number","183"
"TEA26","New and Secondhand Vehicles","2011","2011","021","Secondhand Private Cars","15","Silver","Number","11000"
"TEA26","New and Secondhand Vehicles","2011","2011","021","Secondhand Private Cars","16","Navy","Number","2"
"TEA26","New and Secondhand Vehicles","2011","2011","021","Secondhand Private Cars","17","Multi-coloured","Number","27"
"TEA26","New and Secondhand Vehicles","2011","2011","021","Secondhand Private Cars","18","Other","Number","0"
"TEA26","New and Secondhand Vehicles","2011","2011","022","Secondhand Goods Vehicles","-","All colours","Number","5227"
"TEA26","New and Secondhand Vehicles","2011","2011","022","Secondhand Goods Vehicles","01","Black","Number","264"
"TEA26","New and Secondhand Vehicles","2011","2011","022","Secondhand Goods Vehicles","02","Grey","Number","107"
"TEA26","New and Secondhand Vehicles","2011","2011","022","Secondhand Goods Vehicles","03","White","Number","2994"
"TEA26","New and Secondhand Vehicles","2011","2011","022","Secondhand Goods Vehicles","04","Beige","Number","3"
"TEA26","New and Secondhand Vehicles","2011","2011","022","Secondhand Goods Vehicles","05","Brown","Number","2"
"TEA26","New and Secondhand Vehicles","2011","2011","022","Secondhand Goods Vehicles","06","Orange","Number","30"
"TEA26","New and Secondhand Vehicles","2011","2011","022","Secondhand Goods Vehicles","07","Yellow","Number","88"
"TEA26","New and Secondhand Vehicles","2011","2011","022","Secondhand Goods Vehicles","08","Green","Number","153"
"TEA26","New and Secondhand Vehicles","2011","2011","022","Secondhand Goods Vehicles","09","Blue","Number","540"
"TEA26","New and Secondhand Vehicles","2011","2011","022","Secondhand Goods Vehicles","10","Purple","Number","4"
"TEA26","New and Secondhand Vehicles","2011","2011","022","Secondhand Goods Vehicles","11","Pink","Number","0"
"TEA26","New and Secondhand Vehicles","2011","2011","022","Secondhand Goods Vehicles","12","Red","Number","438"
"TEA26","New and Secondhand Vehicles","2011","2011","022","Secondhand Goods Vehicles","13","Bronze","Number","2"
"TEA26","New and Secondhand Vehicles","2011","2011","022","Secondhand Goods Vehicles","14","Gold","Number","7"
"TEA26","New and Secondhand Vehicles","2011","2011","022","Secondhand Goods Vehicles","15","Silver","Number","425"
"TEA26","New and Secondhand Vehicles","2011","2011","022","Secondhand Goods Vehicles","16","Navy","Number","0"
"TEA26","New and Secondhand Vehicles","2011","2011","022","Secondhand Goods Vehicles","17","Multi-coloured","Number","170"
"TEA26","New and Secondhand Vehicles","2011","2011","022","Secondhand Goods Vehicles","18","Other","Number","0"
"TEA26","New and Secondhand Vehicles","2011","2011","023","Secondhand Tractors","-","All colours","Number","2537"
"TEA26","New and Secondhand Vehicles","2011","2011","023","Secondhand Tractors","01","Black","Number","10"
"TEA26","New and Secondhand Vehicles","2011","2011","023","Secondhand Tractors","02","Grey","Number","1"
"TEA26","New and Secondhand Vehicles","2011","2011","023","Secondhand Tractors","03","White","Number","40"
"TEA26","New and Secondhand Vehicles","2011","2011","023","Secondhand Tractors","04","Beige","Number","0"
"TEA26","New and Secondhand Vehicles","2011","2011","023","Secondhand Tractors","05","Brown","Number","70"
"TEA26","New and Secondhand Vehicles","2011","2011","023","Secondhand Tractors","06","Orange","Number","77"
"TEA26","New and Secondhand Vehicles","2011","2011","023","Secondhand Tractors","07","Yellow","Number","56"
"TEA26","New and Secondhand Vehicles","2011","2011","023","Secondhand Tractors","08","Green","Number","303"
"TEA26","New and Secondhand Vehicles","2011","2011","023","Secondhand Tractors","09","Blue","Number","807"
"TEA26","New and Secondhand Vehicles","2011","2011","023","Secondhand Tractors","10","Purple","Number","2"
"TEA26","New and Secondhand Vehicles","2011","2011","023","Secondhand Tractors","11","Pink","Number","0"
"TEA26","New and Secondhand Vehicles","2011","2011","023","Secondhand Tractors","12","Red","Number","964"
"TEA26","New and Secondhand Vehicles","2011","2011","023","Secondhand Tractors","13","Bronze","Number","2"
"TEA26","New and Secondhand Vehicles","2011","2011","023","Secondhand Tractors","14","Gold","Number","1"
"TEA26","New and Secondhand Vehicles","2011","2011","023","Secondhand Tractors","15","Silver","Number","12"
"TEA26","New and Secondhand Vehicles","2011","2011","023","Secondhand Tractors","16","Navy","Number","0"
"TEA26","New and Secondhand Vehicles","2011","2011","023","Secondhand Tractors","17","Multi-coloured","Number","191"
"TEA26","New and Secondhand Vehicles","2011","2011","023","Secondhand Tractors","18","Other","Number","1"
"TEA26","New and Secondhand Vehicles","2011","2011","024","Secondhand Other Vehicles","-","All colours","Number","4031"
"TEA26","New and Secondhand Vehicles","2011","2011","024","Secondhand Other Vehicles","01","Black","Number","388"
"TEA26","New and Secondhand Vehicles","2011","2011","024","Secondhand Other Vehicles","02","Grey","Number","209"
"TEA26","New and Secondhand Vehicles","2011","2011","024","Secondhand Other Vehicles","03","White","Number","795"
"TEA26","New and Secondhand Vehicles","2011","2011","024","Secondhand Other Vehicles","04","Beige","Number","77"
"TEA26","New and Secondhand Vehicles","2011","2011","024","Secondhand Other Vehicles","05","Brown","Number","58"
"TEA26","New and Secondhand Vehicles","2011","2011","024","Secondhand Other Vehicles","06","Orange","Number","77"
"TEA26","New and Secondhand Vehicles","2011","2011","024","Secondhand Other Vehicles","07","Yellow","Number","313"
"TEA26","New and Secondhand Vehicles","2011","2011","024","Secondhand Other Vehicles","08","Green","Number","270"
"TEA26","New and Secondhand Vehicles","2011","2011","024","Secondhand Other Vehicles","09","Blue","Number","634"
"TEA26","New and Secondhand Vehicles","2011","2011","024","Secondhand Other Vehicles","10","Purple","Number","19"
"TEA26","New and Secondhand Vehicles","2011","2011","024","Secondhand Other Vehicles","11","Pink","Number","4"
"TEA26","New and Secondhand Vehicles","2011","2011","024","Secondhand Other Vehicles","12","Red","Number","558"
"TEA26","New and Secondhand Vehicles","2011","2011","024","Secondhand Other Vehicles","13","Bronze","Number","13"
"TEA26","New and Secondhand Vehicles","2011","2011","024","Secondhand Other Vehicles","14","Gold","Number","61"
"TEA26","New and Secondhand Vehicles","2011","2011","024","Secondhand Other Vehicles","15","Silver","Number","426"
"TEA26","New and Secondhand Vehicles","2011","2011","024","Secondhand Other Vehicles","16","Navy","Number","0"
"TEA26","New and Secondhand Vehicles","2011","2011","024","Secondhand Other Vehicles","17","Multi-coloured","Number","127"
"TEA26","New and Secondhand Vehicles","2011","2011","024","Secondhand Other Vehicles","18","Other","Number","2"
"TEA26","New and Secondhand Vehicles","2011","2011","025","Secondhand Motor Cycles","-","All colours","Number","2072"
"TEA26","New and Secondhand Vehicles","2011","2011","025","Secondhand Motor Cycles","01","Black","Number","509"
"TEA26","New and Secondhand Vehicles","2011","2011","025","Secondhand Motor Cycles","02","Grey","Number","61"
"TEA26","New and Secondhand Vehicles","2011","2011","025","Secondhand Motor Cycles","03","White","Number","108"
"TEA26","New and Secondhand Vehicles","2011","2011","025","Secondhand Motor Cycles","04","Beige","Number","10"
"TEA26","New and Secondhand Vehicles","2011","2011","025","Secondhand Motor Cycles","05","Brown","Number","1"
"TEA26","New and Secondhand Vehicles","2011","2011","025","Secondhand Motor Cycles","06","Orange","Number","57"
"TEA26","New and Secondhand Vehicles","2011","2011","025","Secondhand Motor Cycles","07","Yellow","Number","60"
"TEA26","New and Secondhand Vehicles","2011","2011","025","Secondhand Motor Cycles","08","Green","Number","115"
"TEA26","New and Secondhand Vehicles","2011","2011","025","Secondhand Motor Cycles","09","Blue","Number","380"
"TEA26","New and Secondhand Vehicles","2011","2011","025","Secondhand Motor Cycles","10","Purple","Number","11"
"TEA26","New and Secondhand Vehicles","2011","2011","025","Secondhand Motor Cycles","11","Pink","Number","1"
"TEA26","New and Secondhand Vehicles","2011","2011","025","Secondhand Motor Cycles","12","Red","Number","427"
"TEA26","New and Secondhand Vehicles","2011","2011","025","Secondhand Motor Cycles","13","Bronze","Number","3"
"TEA26","New and Secondhand Vehicles","2011","2011","025","Secondhand Motor Cycles","14","Gold","Number","8"
"TEA26","New and Secondhand Vehicles","2011","2011","025","Secondhand Motor Cycles","15","Silver","Number","182"
"TEA26","New and Secondhand Vehicles","2011","2011","025","Secondhand Motor Cycles","16","Navy","Number","0"
"TEA26","New and Secondhand Vehicles","2011","2011","025","Secondhand Motor Cycles","17","Multi-coloured","Number","139"
"TEA26","New and Secondhand Vehicles","2011","2011","025","Secondhand Motor Cycles","18","Other","Number","0"
"TEA26","New and Secondhand Vehicles","2011","2011","03","All Private Cars","-","All colours","Number","128081"
"TEA26","New and Secondhand Vehicles","2011","2011","03","All Private Cars","01","Black","Number","31212"
"TEA26","New and Secondhand Vehicles","2011","2011","03","All Private Cars","02","Grey","Number","21562"
"TEA26","New and Secondhand Vehicles","2011","2011","03","All Private Cars","03","White","Number","4221"
"TEA26","New and Secondhand Vehicles","2011","2011","03","All Private Cars","04","Beige","Number","1302"
"TEA26","New and Secondhand Vehicles","2011","2011","03","All Private Cars","05","Brown","Number","2543"
"TEA26","New and Secondhand Vehicles","2011","2011","03","All Private Cars","06","Orange","Number","171"
"TEA26","New and Secondhand Vehicles","2011","2011","03","All Private Cars","07","Yellow","Number","182"
"TEA26","New and Secondhand Vehicles","2011","2011","03","All Private Cars","08","Green","Number","1457"
"TEA26","New and Secondhand Vehicles","2011","2011","03","All Private Cars","09","Blue","Number","17652"
"TEA26","New and Secondhand Vehicles","2011","2011","03","All Private Cars","10","Purple","Number","373"
"TEA26","New and Secondhand Vehicles","2011","2011","03","All Private Cars","11","Pink","Number","37"
"TEA26","New and Secondhand Vehicles","2011","2011","03","All Private Cars","12","Red","Number","12070"
"TEA26","New and Secondhand Vehicles","2011","2011","03","All Private Cars","13","Bronze","Number","294"
"TEA26","New and Secondhand Vehicles","2011","2011","03","All Private Cars","14","Gold","Number","2468"
"TEA26","New and Secondhand Vehicles","2011","2011","03","All Private Cars","15","Silver","Number","32507"
"TEA26","New and Secondhand Vehicles","2011","2011","03","All Private Cars","16","Navy","Number","3"
"TEA26","New and Secondhand Vehicles","2011","2011","03","All Private Cars","17","Multi-coloured","Number","27"
"TEA26","New and Secondhand Vehicles","2011","2011","03","All Private Cars","18","Other","Number","0"
"TEA26","New and Secondhand Vehicles","2011","2011","04","All Goods Vehicles","-","All colours","Number","16415"
"TEA26","New and Secondhand Vehicles","2011","2011","04","All Goods Vehicles","01","Black","Number","1301"
"TEA26","New and Secondhand Vehicles","2011","2011","04","All Goods Vehicles","02","Grey","Number","588"
"TEA26","New and Secondhand Vehicles","2011","2011","04","All Goods Vehicles","03","White","Number","9081"
"TEA26","New and Secondhand Vehicles","2011","2011","04","All Goods Vehicles","04","Beige","Number","62"
"TEA26","New and Secondhand Vehicles","2011","2011","04","All Goods Vehicles","05","Brown","Number","14"
"TEA26","New and Secondhand Vehicles","2011","2011","04","All Goods Vehicles","06","Orange","Number","39"
"TEA26","New and Secondhand Vehicles","2011","2011","04","All Goods Vehicles","07","Yellow","Number","271"
"TEA26","New and Secondhand Vehicles","2011","2011","04","All Goods Vehicles","08","Green","Number","609"
"TEA26","New and Secondhand Vehicles","2011","2011","04","All Goods Vehicles","09","Blue","Number","1177"
"TEA26","New and Secondhand Vehicles","2011","2011","04","All Goods Vehicles","10","Purple","Number","11"
"TEA26","New and Secondhand Vehicles","2011","2011","04","All Goods Vehicles","11","Pink","Number","0"
"TEA26","New and Secondhand Vehicles","2011","2011","04","All Goods Vehicles","12","Red","Number","1299"
"TEA26","New and Secondhand Vehicles","2011","2011","04","All Goods Vehicles","13","Bronze","Number","8"
"TEA26","New and Secondhand Vehicles","2011","2011","04","All Goods Vehicles","14","Gold","Number","83"
"TEA26","New and Secondhand Vehicles","2011","2011","04","All Goods Vehicles","15","Silver","Number","1685"
"TEA26","New and Secondhand Vehicles","2011","2011","04","All Goods Vehicles","16","Navy","Number","0"
"TEA26","New and Secondhand Vehicles","2011","2011","04","All Goods Vehicles","17","Multi-coloured","Number","187"
"TEA26","New and Secondhand Vehicles","2011","2011","04","All Goods Vehicles","18","Other","Number","0"
"TEA26","New and Secondhand Vehicles","2011","2011","05","All Tractors","-","All colours","Number","4268"
"TEA26","New and Secondhand Vehicles","2011","2011","05","All Tractors","01","Black","Number","29"
"TEA26","New and Secondhand Vehicles","2011","2011","05","All Tractors","02","Grey","Number","1"
"TEA26","New and Secondhand Vehicles","2011","2011","05","All Tractors","03","White","Number","43"
"TEA26","New and Secondhand Vehicles","2011","2011","05","All Tractors","04","Beige","Number","0"
"TEA26","New and Secondhand Vehicles","2011","2011","05","All Tractors","05","Brown","Number","70"
"TEA26","New and Secondhand Vehicles","2011","2011","05","All Tractors","06","Orange","Number","109"
"TEA26","New and Secondhand Vehicles","2011","2011","05","All Tractors","07","Yellow","Number","78"
"TEA26","New and Secondhand Vehicles","2011","2011","05","All Tractors","08","Green","Number","785"
"TEA26","New and Secondhand Vehicles","2011","2011","05","All Tractors","09","Blue","Number","1161"
"TEA26","New and Secondhand Vehicles","2011","2011","05","All Tractors","10","Purple","Number","2"
"TEA26","New and Secondhand Vehicles","2011","2011","05","All Tractors","11","Pink","Number","0"
"TEA26","New and Secondhand Vehicles","2011","2011","05","All Tractors","12","Red","Number","1616"
"TEA26","New and Secondhand Vehicles","2011","2011","05","All Tractors","13","Bronze","Number","2"
"TEA26","New and Secondhand Vehicles","2011","2011","05","All Tractors","14","Gold","Number","2"
"TEA26","New and Secondhand Vehicles","2011","2011","05","All Tractors","15","Silver","Number","31"
"TEA26","New and Secondhand Vehicles","2011","2011","05","All Tractors","16","Navy","Number","0"
"TEA26","New and Secondhand Vehicles","2011","2011","05","All Tractors","17","Multi-coloured","Number","337"
"TEA26","New and Secondhand Vehicles","2011","2011","05","All Tractors","18","Other","Number","2"
"TEA26","New and Secondhand Vehicles","2011","2011","06","All Motor Cycles","-","All colours","Number","3174"
"TEA26","New and Secondhand Vehicles","2011","2011","06","All Motor Cycles","01","Black","Number","857"
"TEA26","New and Secondhand Vehicles","2011","2011","06","All Motor Cycles","02","Grey","Number","139"
"TEA26","New and Secondhand Vehicles","2011","2011","06","All Motor Cycles","03","White","Number","216"
"TEA26","New and Secondhand Vehicles","2011","2011","06","All Motor Cycles","04","Beige","Number","16"
"TEA26","New and Secondhand Vehicles","2011","2011","06","All Motor Cycles","05","Brown","Number","6"
"TEA26","New and Secondhand Vehicles","2011","2011","06","All Motor Cycles","06","Orange","Number","77"
"TEA26","New and Secondhand Vehicles","2011","2011","06","All Motor Cycles","07","Yellow","Number","89"
"TEA26","New and Secondhand Vehicles","2011","2011","06","All Motor Cycles","08","Green","Number","153"
"TEA26","New and Secondhand Vehicles","2011","2011","06","All Motor Cycles","09","Blue","Number","545"
"TEA26","New and Secondhand Vehicles","2011","2011","06","All Motor Cycles","10","Purple","Number","15"
"TEA26","New and Secondhand Vehicles","2011","2011","06","All Motor Cycles","11","Pink","Number","4"
"TEA26","New and Secondhand Vehicles","2011","2011","06","All Motor Cycles","12","Red","Number","577"
"TEA26","New and Secondhand Vehicles","2011","2011","06","All Motor Cycles","13","Bronze","Number","5"
"TEA26","New and Secondhand Vehicles","2011","2011","06","All Motor Cycles","14","Gold","Number","9"
"TEA26","New and Secondhand Vehicles","2011","2011","06","All Motor Cycles","15","Silver","Number","299"
"TEA26","New and Secondhand Vehicles","2011","2011","06","All Motor Cycles","16","Navy","Number","0"
"TEA26","New and Secondhand Vehicles","2011","2011","06","All Motor Cycles","17","Multi-coloured","Number","167"
"TEA26","New and Secondhand Vehicles","2011","2011","06","All Motor Cycles","18","Other","Number","0"
"TEA26","New and Secondhand Vehicles","2011","2011","07","All Other Vehicles","-","All colours","Number","8839"
"TEA26","New and Secondhand Vehicles","2011","2011","07","All Other Vehicles","01","Black","Number","1230"
"TEA26","New and Secondhand Vehicles","2011","2011","07","All Other Vehicles","02","Grey","Number","949"
"TEA26","New and Secondhand Vehicles","2011","2011","07","All Other Vehicles","03","White","Number","1355"
"TEA26","New and Secondhand Vehicles","2011","2011","07","All Other Vehicles","04","Beige","Number","145"
"TEA26","New and Secondhand Vehicles","2011","2011","07","All Other Vehicles","05","Brown","Number","215"
"TEA26","New and Secondhand Vehicles","2011","2011","07","All Other Vehicles","06","Orange","Number","94"
"TEA26","New and Secondhand Vehicles","2011","2011","07","All Other Vehicles","07","Yellow","Number","578"
"TEA26","New and Secondhand Vehicles","2011","2011","07","All Other Vehicles","08","Green","Number","322"
"TEA26","New and Secondhand Vehicles","2011","2011","07","All Other Vehicles","09","Blue","Number","1083"
"TEA26","New and Secondhand Vehicles","2011","2011","07","All Other Vehicles","10","Purple","Number","59"
"TEA26","New and Secondhand Vehicles","2011","2011","07","All Other Vehicles","11","Pink","Number","5"
"TEA26","New and Secondhand Vehicles","2011","2011","07","All Other Vehicles","12","Red","Number","1032"
"TEA26","New and Secondhand Vehicles","2011","2011","07","All Other Vehicles","13","Bronze","Number","29"
"TEA26","New and Secondhand Vehicles","2011","2011","07","All Other Vehicles","14","Gold","Number","110"
"TEA26","New and Secondhand Vehicles","2011","2011","07","All Other Vehicles","15","Silver","Number","1490"
"TEA26","New and Secondhand Vehicles","2011","2011","07","All Other Vehicles","16","Navy","Number","0"
"TEA26","New and Secondhand Vehicles","2011","2011","07","All Other Vehicles","17","Multi-coloured","Number","141"
"TEA26","New and Secondhand Vehicles","2011","2011","07","All Other Vehicles","18","Other","Number","2"
"TEA26","New and Secondhand Vehicles","2012","2012","011","New Private Cars","-","All colours","Number","76256"
"TEA26","New and Secondhand Vehicles","2012","2012","011","New Private Cars","01","Black","Number","17722"
"TEA26","New and Secondhand Vehicles","2012","2012","011","New Private Cars","02","Grey","Number","14642"
"TEA26","New and Secondhand Vehicles","2012","2012","011","New Private Cars","03","White","Number","4092"
"TEA26","New and Secondhand Vehicles","2012","2012","011","New Private Cars","04","Beige","Number","963"
"TEA26","New and Secondhand Vehicles","2012","2012","011","New Private Cars","05","Brown","Number","3018"
"TEA26","New and Secondhand Vehicles","2012","2012","011","New Private Cars","06","Orange","Number","63"
"TEA26","New and Secondhand Vehicles","2012","2012","011","New Private Cars","07","Yellow","Number","74"
"TEA26","New and Secondhand Vehicles","2012","2012","011","New Private Cars","08","Green","Number","595"
"TEA26","New and Secondhand Vehicles","2012","2012","011","New Private Cars","09","Blue","Number","8131"
"TEA26","New and Secondhand Vehicles","2012","2012","011","New Private Cars","10","Purple","Number","293"
"TEA26","New and Secondhand Vehicles","2012","2012","011","New Private Cars","11","Pink","Number","2"
"TEA26","New and Secondhand Vehicles","2012","2012","011","New Private Cars","12","Red","Number","7530"
"TEA26","New and Secondhand Vehicles","2012","2012","011","New Private Cars","13","Bronze","Number","327"
"TEA26","New and Secondhand Vehicles","2012","2012","011","New Private Cars","14","Gold","Number","988"
"TEA26","New and Secondhand Vehicles","2012","2012","011","New Private Cars","15","Silver","Number","17816"
"TEA26","New and Secondhand Vehicles","2012","2012","011","New Private Cars","16","Navy","Number","0"
"TEA26","New and Secondhand Vehicles","2012","2012","011","New Private Cars","17","Multi-coloured","Number","0"
"TEA26","New and Secondhand Vehicles","2012","2012","011","New Private Cars","18","Other","Number","0"
"TEA26","New and Secondhand Vehicles","2012","2012","012","New Goods Vehicles","-","All colours","Number","10855"
"TEA26","New and Secondhand Vehicles","2012","2012","012","New Goods Vehicles","01","Black","Number","871"
"TEA26","New and Secondhand Vehicles","2012","2012","012","New Goods Vehicles","02","Grey","Number","933"
"TEA26","New and Secondhand Vehicles","2012","2012","012","New Goods Vehicles","03","White","Number","6467"
"TEA26","New and Secondhand Vehicles","2012","2012","012","New Goods Vehicles","04","Beige","Number","30"
"TEA26","New and Secondhand Vehicles","2012","2012","012","New Goods Vehicles","05","Brown","Number","63"
"TEA26","New and Secondhand Vehicles","2012","2012","012","New Goods Vehicles","06","Orange","Number","2"
"TEA26","New and Secondhand Vehicles","2012","2012","012","New Goods Vehicles","07","Yellow","Number","90"
"TEA26","New and Secondhand Vehicles","2012","2012","012","New Goods Vehicles","08","Green","Number","45"
"TEA26","New and Secondhand Vehicles","2012","2012","012","New Goods Vehicles","09","Blue","Number","567"
"TEA26","New and Secondhand Vehicles","2012","2012","012","New Goods Vehicles","10","Purple","Number","1"
"TEA26","New and Secondhand Vehicles","2012","2012","012","New Goods Vehicles","11","Pink","Number","1"
"TEA26","New and Secondhand Vehicles","2012","2012","012","New Goods Vehicles","12","Red","Number","676"
"TEA26","New and Secondhand Vehicles","2012","2012","012","New Goods Vehicles","13","Bronze","Number","4"
"TEA26","New and Secondhand Vehicles","2012","2012","012","New Goods Vehicles","14","Gold","Number","36"
"TEA26","New and Secondhand Vehicles","2012","2012","012","New Goods Vehicles","15","Silver","Number","1064"
"TEA26","New and Secondhand Vehicles","2012","2012","012","New Goods Vehicles","16","Navy","Number","0"
"TEA26","New and Secondhand Vehicles","2012","2012","012","New Goods Vehicles","17","Multi-coloured","Number","5"
"TEA26","New and Secondhand Vehicles","2012","2012","012","New Goods Vehicles","18","Other","Number","0"
"TEA26","New and Secondhand Vehicles","2012","2012","013","New Tractors","-","All colours","Number","1996"
"TEA26","New and Secondhand Vehicles","2012","2012","013","New Tractors","01","Black","Number","27"
"TEA26","New and Secondhand Vehicles","2012","2012","013","New Tractors","02","Grey","Number","3"
"TEA26","New and Secondhand Vehicles","2012","2012","013","New Tractors","03","White","Number","0"
"TEA26","New and Secondhand Vehicles","2012","2012","013","New Tractors","04","Beige","Number","0"
"TEA26","New and Secondhand Vehicles","2012","2012","013","New Tractors","05","Brown","Number","4"
"TEA26","New and Secondhand Vehicles","2012","2012","013","New Tractors","06","Orange","Number","44"
"TEA26","New and Secondhand Vehicles","2012","2012","013","New Tractors","07","Yellow","Number","23"
"TEA26","New and Secondhand Vehicles","2012","2012","013","New Tractors","08","Green","Number","642"
"TEA26","New and Secondhand Vehicles","2012","2012","013","New Tractors","09","Blue","Number","470"
"TEA26","New and Secondhand Vehicles","2012","2012","013","New Tractors","10","Purple","Number","0"
"TEA26","New and Secondhand Vehicles","2012","2012","013","New Tractors","11","Pink","Number","0"
"TEA26","New and Secondhand Vehicles","2012","2012","013","New Tractors","12","Red","Number","739"
"TEA26","New and Secondhand Vehicles","2012","2012","013","New Tractors","13","Bronze","Number","0"
"TEA26","New and Secondhand Vehicles","2012","2012","013","New Tractors","14","Gold","Number","1"
"TEA26","New and Secondhand Vehicles","2012","2012","013","New Tractors","15","Silver","Number","16"
"TEA26","New and Secondhand Vehicles","2012","2012","013","New Tractors","16","Navy","Number","0"
"TEA26","New and Secondhand Vehicles","2012","2012","013","New Tractors","17","Multi-coloured","Number","26"
"TEA26","New and Secondhand Vehicles","2012","2012","013","New Tractors","18","Other","Number","1"
"TEA26","New and Secondhand Vehicles","2012","2012","014","New Motor Cycles","-","All colours","Number","955"
"TEA26","New and Secondhand Vehicles","2012","2012","014","New Motor Cycles","01","Black","Number","287"
"TEA26","New and Secondhand Vehicles","2012","2012","014","New Motor Cycles","02","Grey","Number","74"
"TEA26","New and Secondhand Vehicles","2012","2012","014","New Motor Cycles","03","White","Number","104"
"TEA26","New and Secondhand Vehicles","2012","2012","014","New Motor Cycles","04","Beige","Number","4"
"TEA26","New and Secondhand Vehicles","2012","2012","014","New Motor Cycles","05","Brown","Number","5"
"TEA26","New and Secondhand Vehicles","2012","2012","014","New Motor Cycles","06","Orange","Number","16"
"TEA26","New and Secondhand Vehicles","2012","2012","014","New Motor Cycles","07","Yellow","Number","19"
"TEA26","New and Secondhand Vehicles","2012","2012","014","New Motor Cycles","08","Green","Number","32"
"TEA26","New and Secondhand Vehicles","2012","2012","014","New Motor Cycles","09","Blue","Number","152"
"TEA26","New and Secondhand Vehicles","2012","2012","014","New Motor Cycles","10","Purple","Number","9"
"TEA26","New and Secondhand Vehicles","2012","2012","014","New Motor Cycles","11","Pink","Number","0"
"TEA26","New and Secondhand Vehicles","2012","2012","014","New Motor Cycles","12","Red","Number","167"
"TEA26","New and Secondhand Vehicles","2012","2012","014","New Motor Cycles","13","Bronze","Number","2"
"TEA26","New and Secondhand Vehicles","2012","2012","014","New Motor Cycles","14","Gold","Number","1"
"TEA26","New and Secondhand Vehicles","2012","2012","014","New Motor Cycles","15","Silver","Number","74"
"TEA26","New and Secondhand Vehicles","2012","2012","014","New Motor Cycles","16","Navy","Number","0"
"TEA26","New and Secondhand Vehicles","2012","2012","014","New Motor Cycles","17","Multi-coloured","Number","9"
"TEA26","New and Secondhand Vehicles","2012","2012","014","New Motor Cycles","18","Other","Number","0"
"TEA26","New and Secondhand Vehicles","2012","2012","01606","New Other Vehicles","-","All colours","Number","5031"
"TEA26","New and Secondhand Vehicles","2012","2012","01606","New Other Vehicles","01","Black","Number","844"
"TEA26","New and Secondhand Vehicles","2012","2012","01606","New Other Vehicles","02","Grey","Number","868"
"TEA26","New and Secondhand Vehicles","2012","2012","01606","New Other Vehicles","03","White","Number","589"
"TEA26","New and Secondhand Vehicles","2012","2012","01606","New Other Vehicles","04","Beige","Number","111"
"TEA26","New and Secondhand Vehicles","2012","2012","01606","New Other Vehicles","05","Brown","Number","254"
"TEA26","New and Secondhand Vehicles","2012","2012","01606","New Other Vehicles","06","Orange","Number","17"
"TEA26","New and Secondhand Vehicles","2012","2012","01606","New Other Vehicles","07","Yellow","Number","286"
"TEA26","New and Secondhand Vehicles","2012","2012","01606","New Other Vehicles","08","Green","Number","70"
"TEA26","New and Secondhand Vehicles","2012","2012","01606","New Other Vehicles","09","Blue","Number","419"
"TEA26","New and Secondhand Vehicles","2012","2012","01606","New Other Vehicles","10","Purple","Number","31"
"TEA26","New and Secondhand Vehicles","2012","2012","01606","New Other Vehicles","11","Pink","Number","0"
"TEA26","New and Secondhand Vehicles","2012","2012","01606","New Other Vehicles","12","Red","Number","456"
"TEA26","New and Secondhand Vehicles","2012","2012","01606","New Other Vehicles","13","Bronze","Number","25"
"TEA26","New and Secondhand Vehicles","2012","2012","01606","New Other Vehicles","14","Gold","Number","23"
"TEA26","New and Secondhand Vehicles","2012","2012","01606","New Other Vehicles","15","Silver","Number","952"
"TEA26","New and Secondhand Vehicles","2012","2012","01606","New Other Vehicles","16","Navy","Number","0"
"TEA26","New and Secondhand Vehicles","2012","2012","01606","New Other Vehicles","17","Multi-coloured","Number","86"
"TEA26","New and Secondhand Vehicles","2012","2012","01606","New Other Vehicles","18","Other","Number","0"
"TEA26","New and Secondhand Vehicles","2012","2012","021","Secondhand Private Cars","-","All colours","Number","38469"
"TEA26","New and Secondhand Vehicles","2012","2012","021","Secondhand Private Cars","01","Black","Number","9783"
"TEA26","New and Secondhand Vehicles","2012","2012","021","Secondhand Private Cars","02","Grey","Number","5917"
"TEA26","New and Secondhand Vehicles","2012","2012","021","Secondhand Private Cars","03","White","Number","1390"
"TEA26","New and Secondhand Vehicles","2012","2012","021","Secondhand Private Cars","04","Beige","Number","309"
"TEA26","New and Secondhand Vehicles","2012","2012","021","Secondhand Private Cars","05","Brown","Number","204"
"TEA26","New and Secondhand Vehicles","2012","2012","021","Secondhand Private Cars","06","Orange","Number","60"
"TEA26","New and Secondhand Vehicles","2012","2012","021","Secondhand Private Cars","07","Yellow","Number","56"
"TEA26","New and Secondhand Vehicles","2012","2012","021","Secondhand Private Cars","08","Green","Number","695"
"TEA26","New and Secondhand Vehicles","2012","2012","021","Secondhand Private Cars","09","Blue","Number","7052"
"TEA26","New and Secondhand Vehicles","2012","2012","021","Secondhand Private Cars","10","Purple","Number","132"
"TEA26","New and Secondhand Vehicles","2012","2012","021","Secondhand Private Cars","11","Pink","Number","4"
"TEA26","New and Secondhand Vehicles","2012","2012","021","Secondhand Private Cars","12","Red","Number","2762"
"TEA26","New and Secondhand Vehicles","2012","2012","021","Secondhand Private Cars","13","Bronze","Number","75"
"TEA26","New and Secondhand Vehicles","2012","2012","021","Secondhand Private Cars","14","Gold","Number","142"
"TEA26","New and Secondhand Vehicles","2012","2012","021","Secondhand Private Cars","15","Silver","Number","9865"
"TEA26","New and Secondhand Vehicles","2012","2012","021","Secondhand Private Cars","16","Navy","Number","6"
"TEA26","New and Secondhand Vehicles","2012","2012","021","Secondhand Private Cars","17","Multi-coloured","Number","17"
"TEA26","New and Secondhand Vehicles","2012","2012","021","Secondhand Private Cars","18","Other","Number","0"
"TEA26","New and Secondhand Vehicles","2012","2012","022","Secondhand Goods Vehicles","-","All colours","Number","4731"
"TEA26","New and Secondhand Vehicles","2012","2012","022","Secondhand Goods Vehicles","01","Black","Number","209"
"TEA26","New and Secondhand Vehicles","2012","2012","022","Secondhand Goods Vehicles","02","Grey","Number","96"
"TEA26","New and Secondhand Vehicles","2012","2012","022","Secondhand Goods Vehicles","03","White","Number","2843"
"TEA26","New and Secondhand Vehicles","2012","2012","022","Secondhand Goods Vehicles","04","Beige","Number","8"
"TEA26","New and Secondhand Vehicles","2012","2012","022","Secondhand Goods Vehicles","05","Brown","Number","6"
"TEA26","New and Secondhand Vehicles","2012","2012","022","Secondhand Goods Vehicles","06","Orange","Number","20"
"TEA26","New and Secondhand Vehicles","2012","2012","022","Secondhand Goods Vehicles","07","Yellow","Number","95"
"TEA26","New and Secondhand Vehicles","2012","2012","022","Secondhand Goods Vehicles","08","Green","Number","149"
"TEA26","New and Secondhand Vehicles","2012","2012","022","Secondhand Goods Vehicles","09","Blue","Number","431"
"TEA26","New and Secondhand Vehicles","2012","2012","022","Secondhand Goods Vehicles","10","Purple","Number","4"
"TEA26","New and Secondhand Vehicles","2012","2012","022","Secondhand Goods Vehicles","11","Pink","Number","0"
"TEA26","New and Secondhand Vehicles","2012","2012","022","Secondhand Goods Vehicles","12","Red","Number","337"
"TEA26","New and Secondhand Vehicles","2012","2012","022","Secondhand Goods Vehicles","13","Bronze","Number","0"
"TEA26","New and Secondhand Vehicles","2012","2012","022","Secondhand Goods Vehicles","14","Gold","Number","3"
"TEA26","New and Secondhand Vehicles","2012","2012","022","Secondhand Goods Vehicles","15","Silver","Number","383"
"TEA26","New and Secondhand Vehicles","2012","2012","022","Secondhand Goods Vehicles","16","Navy","Number","1"
"TEA26","New and Secondhand Vehicles","2012","2012","022","Secondhand Goods Vehicles","17","Multi-coloured","Number","146"
"TEA26","New and Secondhand Vehicles","2012","2012","022","Secondhand Goods Vehicles","18","Other","Number","0"
"TEA26","New and Secondhand Vehicles","2012","2012","023","Secondhand Tractors","-","All colours","Number","1781"
"TEA26","New and Secondhand Vehicles","2012","2012","023","Secondhand Tractors","01","Black","Number","6"
"TEA26","New and Secondhand Vehicles","2012","2012","023","Secondhand Tractors","02","Grey","Number","2"
"TEA26","New and Secondhand Vehicles","2012","2012","023","Secondhand Tractors","03","White","Number","17"
"TEA26","New and Secondhand Vehicles","2012","2012","023","Secondhand Tractors","04","Beige","Number","0"
"TEA26","New and Secondhand Vehicles","2012","2012","023","Secondhand Tractors","05","Brown","Number","46"
"TEA26","New and Secondhand Vehicles","2012","2012","023","Secondhand Tractors","06","Orange","Number","47"
"TEA26","New and Secondhand Vehicles","2012","2012","023","Secondhand Tractors","07","Yellow","Number","31"
"TEA26","New and Secondhand Vehicles","2012","2012","023","Secondhand Tractors","08","Green","Number","260"
"TEA26","New and Secondhand Vehicles","2012","2012","023","Secondhand Tractors","09","Blue","Number","577"
"TEA26","New and Secondhand Vehicles","2012","2012","023","Secondhand Tractors","10","Purple","Number","0"
"TEA26","New and Secondhand Vehicles","2012","2012","023","Secondhand Tractors","11","Pink","Number","0"
"TEA26","New and Secondhand Vehicles","2012","2012","023","Secondhand Tractors","12","Red","Number","676"
"TEA26","New and Secondhand Vehicles","2012","2012","023","Secondhand Tractors","13","Bronze","Number","0"
"TEA26","New and Secondhand Vehicles","2012","2012","023","Secondhand Tractors","14","Gold","Number","2"
"TEA26","New and Secondhand Vehicles","2012","2012","023","Secondhand Tractors","15","Silver","Number","11"
"TEA26","New and Secondhand Vehicles","2012","2012","023","Secondhand Tractors","16","Navy","Number","0"
"TEA26","New and Secondhand Vehicles","2012","2012","023","Secondhand Tractors","17","Multi-coloured","Number","105"
"TEA26","New and Secondhand Vehicles","2012","2012","023","Secondhand Tractors","18","Other","Number","1"
"TEA26","New and Secondhand Vehicles","2012","2012","024","Secondhand Other Vehicles","-","All colours","Number","3437"
"TEA26","New and Secondhand Vehicles","2012","2012","024","Secondhand Other Vehicles","01","Black","Number","387"
"TEA26","New and Secondhand Vehicles","2012","2012","024","Secondhand Other Vehicles","02","Grey","Number","237"
"TEA26","New and Secondhand Vehicles","2012","2012","024","Secondhand Other Vehicles","03","White","Number","579"
"TEA26","New and Secondhand Vehicles","2012","2012","024","Secondhand Other Vehicles","04","Beige","Number","66"
"TEA26","New and Secondhand Vehicles","2012","2012","024","Secondhand Other Vehicles","05","Brown","Number","47"
"TEA26","New and Secondhand Vehicles","2012","2012","024","Secondhand Other Vehicles","06","Orange","Number","34"
"TEA26","New and Secondhand Vehicles","2012","2012","024","Secondhand Other Vehicles","07","Yellow","Number","265"
"TEA26","New and Secondhand Vehicles","2012","2012","024","Secondhand Other Vehicles","08","Green","Number","220"
"TEA26","New and Secondhand Vehicles","2012","2012","024","Secondhand Other Vehicles","09","Blue","Number","512"
"TEA26","New and Secondhand Vehicles","2012","2012","024","Secondhand Other Vehicles","10","Purple","Number","10"
"TEA26","New and Secondhand Vehicles","2012","2012","024","Secondhand Other Vehicles","11","Pink","Number","2"
"TEA26","New and Secondhand Vehicles","2012","2012","024","Secondhand Other Vehicles","12","Red","Number","500"
"TEA26","New and Secondhand Vehicles","2012","2012","024","Secondhand Other Vehicles","13","Bronze","Number","11"
"TEA26","New and Secondhand Vehicles","2012","2012","024","Secondhand Other Vehicles","14","Gold","Number","34"
"TEA26","New and Secondhand Vehicles","2012","2012","024","Secondhand Other Vehicles","15","Silver","Number","433"
"TEA26","New and Secondhand Vehicles","2012","2012","024","Secondhand Other Vehicles","16","Navy","Number","1"
"TEA26","New and Secondhand Vehicles","2012","2012","024","Secondhand Other Vehicles","17","Multi-coloured","Number","98"
"TEA26","New and Secondhand Vehicles","2012","2012","024","Secondhand Other Vehicles","18","Other","Number","1"
"TEA26","New and Secondhand Vehicles","2012","2012","025","Secondhand Motor Cycles","-","All colours","Number","1522"
"TEA26","New and Secondhand Vehicles","2012","2012","025","Secondhand Motor Cycles","01","Black","Number","397"
"TEA26","New and Secondhand Vehicles","2012","2012","025","Secondhand Motor Cycles","02","Grey","Number","44"
"TEA26","New and Secondhand Vehicles","2012","2012","025","Secondhand Motor Cycles","03","White","Number","90"
"TEA26","New and Secondhand Vehicles","2012","2012","025","Secondhand Motor Cycles","04","Beige","Number","2"
"TEA26","New and Secondhand Vehicles","2012","2012","025","Secondhand Motor Cycles","05","Brown","Number","4"
"TEA26","New and Secondhand Vehicles","2012","2012","025","Secondhand Motor Cycles","06","Orange","Number","37"
"TEA26","New and Secondhand Vehicles","2012","2012","025","Secondhand Motor Cycles","07","Yellow","Number","45"
"TEA26","New and Secondhand Vehicles","2012","2012","025","Secondhand Motor Cycles","08","Green","Number","72"
"TEA26","New and Secondhand Vehicles","2012","2012","025","Secondhand Motor Cycles","09","Blue","Number","254"
"TEA26","New and Secondhand Vehicles","2012","2012","025","Secondhand Motor Cycles","10","Purple","Number","9"
"TEA26","New and Secondhand Vehicles","2012","2012","025","Secondhand Motor Cycles","11","Pink","Number","0"
"TEA26","New and Secondhand Vehicles","2012","2012","025","Secondhand Motor Cycles","12","Red","Number","314"
"TEA26","New and Secondhand Vehicles","2012","2012","025","Secondhand Motor Cycles","13","Bronze","Number","2"
"TEA26","New and Secondhand Vehicles","2012","2012","025","Secondhand Motor Cycles","14","Gold","Number","9"
"TEA26","New and Secondhand Vehicles","2012","2012","025","Secondhand Motor Cycles","15","Silver","Number","139"
"TEA26","New and Secondhand Vehicles","2012","2012","025","Secondhand Motor Cycles","16","Navy","Number","1"
"TEA26","New and Secondhand Vehicles","2012","2012","025","Secondhand Motor Cycles","17","Multi-coloured","Number","102"
"TEA26","New and Secondhand Vehicles","2012","2012","025","Secondhand Motor Cycles","18","Other","Number","1"
"TEA26","New and Secondhand Vehicles","2012","2012","03","All Private Cars","-","All colours","Number","114725"
"TEA26","New and Secondhand Vehicles","2012","2012","03","All Private Cars","01","Black","Number","27505"
"TEA26","New and Secondhand Vehicles","2012","2012","03","All Private Cars","02","Grey","Number","20559"
"TEA26","New and Secondhand Vehicles","2012","2012","03","All Private Cars","03","White","Number","5482"
"TEA26","New and Secondhand Vehicles","2012","2012","03","All Private Cars","04","Beige","Number","1272"
"TEA26","New and Secondhand Vehicles","2012","2012","03","All Private Cars","05","Brown","Number","3222"
"TEA26","New and Secondhand Vehicles","2012","2012","03","All Private Cars","06","Orange","Number","123"
"TEA26","New and Secondhand Vehicles","2012","2012","03","All Private Cars","07","Yellow","Number","130"
"TEA26","New and Secondhand Vehicles","2012","2012","03","All Private Cars","08","Green","Number","1290"
"TEA26","New and Secondhand Vehicles","2012","2012","03","All Private Cars","09","Blue","Number","15183"
"TEA26","New and Secondhand Vehicles","2012","2012","03","All Private Cars","10","Purple","Number","425"
"TEA26","New and Secondhand Vehicles","2012","2012","03","All Private Cars","11","Pink","Number","6"
"TEA26","New and Secondhand Vehicles","2012","2012","03","All Private Cars","12","Red","Number","10292"
"TEA26","New and Secondhand Vehicles","2012","2012","03","All Private Cars","13","Bronze","Number","402"
"TEA26","New and Secondhand Vehicles","2012","2012","03","All Private Cars","14","Gold","Number","1130"
"TEA26","New and Secondhand Vehicles","2012","2012","03","All Private Cars","15","Silver","Number","27681"
"TEA26","New and Secondhand Vehicles","2012","2012","03","All Private Cars","16","Navy","Number","6"
"TEA26","New and Secondhand Vehicles","2012","2012","03","All Private Cars","17","Multi-coloured","Number","17"
"TEA26","New and Secondhand Vehicles","2012","2012","03","All Private Cars","18","Other","Number","0"
"TEA26","New and Secondhand Vehicles","2012","2012","04","All Goods Vehicles","-","All colours","Number","15586"
"TEA26","New and Secondhand Vehicles","2012","2012","04","All Goods Vehicles","01","Black","Number","1080"
"TEA26","New and Secondhand Vehicles","2012","2012","04","All Goods Vehicles","02","Grey","Number","1029"
"TEA26","New and Secondhand Vehicles","2012","2012","04","All Goods Vehicles","03","White","Number","9310"
"TEA26","New and Secondhand Vehicles","2012","2012","04","All Goods Vehicles","04","Beige","Number","38"
"TEA26","New and Secondhand Vehicles","2012","2012","04","All Goods Vehicles","05","Brown","Number","69"
"TEA26","New and Secondhand Vehicles","2012","2012","04","All Goods Vehicles","06","Orange","Number","22"
"TEA26","New and Secondhand Vehicles","2012","2012","04","All Goods Vehicles","07","Yellow","Number","185"
"TEA26","New and Secondhand Vehicles","2012","2012","04","All Goods Vehicles","08","Green","Number","194"
"TEA26","New and Secondhand Vehicles","2012","2012","04","All Goods Vehicles","09","Blue","Number","998"
"TEA26","New and Secondhand Vehicles","2012","2012","04","All Goods Vehicles","10","Purple","Number","5"
"TEA26","New and Secondhand Vehicles","2012","2012","04","All Goods Vehicles","11","Pink","Number","1"
"TEA26","New and Secondhand Vehicles","2012","2012","04","All Goods Vehicles","12","Red","Number","1013"
"TEA26","New and Secondhand Vehicles","2012","2012","04","All Goods Vehicles","13","Bronze","Number","4"
"TEA26","New and Secondhand Vehicles","2012","2012","04","All Goods Vehicles","14","Gold","Number","39"
"TEA26","New and Secondhand Vehicles","2012","2012","04","All Goods Vehicles","15","Silver","Number","1447"
"TEA26","New and Secondhand Vehicles","2012","2012","04","All Goods Vehicles","16","Navy","Number","1"
"TEA26","New and Secondhand Vehicles","2012","2012","04","All Goods Vehicles","17","Multi-coloured","Number","151"
"TEA26","New and Secondhand Vehicles","2012","2012","04","All Goods Vehicles","18","Other","Number","0"
"TEA26","New and Secondhand Vehicles","2012","2012","05","All Tractors","-","All colours","Number","3777"
"TEA26","New and Secondhand Vehicles","2012","2012","05","All Tractors","01","Black","Number","33"
"TEA26","New and Secondhand Vehicles","2012","2012","05","All Tractors","02","Grey","Number","5"
"TEA26","New and Secondhand Vehicles","2012","2012","05","All Tractors","03","White","Number","17"
"TEA26","New and Secondhand Vehicles","2012","2012","05","All Tractors","04","Beige","Number","0"
"TEA26","New and Secondhand Vehicles","2012","2012","05","All Tractors","05","Brown","Number","50"
"TEA26","New and Secondhand Vehicles","2012","2012","05","All Tractors","06","Orange","Number","91"
"TEA26","New and Secondhand Vehicles","2012","2012","05","All Tractors","07","Yellow","Number","54"
"TEA26","New and Secondhand Vehicles","2012","2012","05","All Tractors","08","Green","Number","902"
"TEA26","New and Secondhand Vehicles","2012","2012","05","All Tractors","09","Blue","Number","1047"
"TEA26","New and Secondhand Vehicles","2012","2012","05","All Tractors","10","Purple","Number","0"
"TEA26","New and Secondhand Vehicles","2012","2012","05","All Tractors","11","Pink","Number","0"
"TEA26","New and Secondhand Vehicles","2012","2012","05","All Tractors","12","Red","Number","1415"
"TEA26","New and Secondhand Vehicles","2012","2012","05","All Tractors","13","Bronze","Number","0"
"TEA26","New and Secondhand Vehicles","2012","2012","05","All Tractors","14","Gold","Number","3"
"TEA26","New and Secondhand Vehicles","2012","2012","05","All Tractors","15","Silver","Number","27"
"TEA26","New and Secondhand Vehicles","2012","2012","05","All Tractors","16","Navy","Number","0"
"TEA26","New and Secondhand Vehicles","2012","2012","05","All Tractors","17","Multi-coloured","Number","131"
"TEA26","New and Secondhand Vehicles","2012","2012","05","All Tractors","18","Other","Number","2"
"TEA26","New and Secondhand Vehicles","2012","2012","06","All Motor Cycles","-","All colours","Number","2477"
"TEA26","New and Secondhand Vehicles","2012","2012","06","All Motor Cycles","01","Black","Number","684"
"TEA26","New and Secondhand Vehicles","2012","2012","06","All Motor Cycles","02","Grey","Number","118"
"TEA26","New and Secondhand Vehicles","2012","2012","06","All Motor Cycles","03","White","Number","194"
"TEA26","New and Secondhand Vehicles","2012","2012","06","All Motor Cycles","04","Beige","Number","6"
"TEA26","New and Secondhand Vehicles","2012","2012","06","All Motor Cycles","05","Brown","Number","9"
"TEA26","New and Secondhand Vehicles","2012","2012","06","All Motor Cycles","06","Orange","Number","53"
"TEA26","New and Secondhand Vehicles","2012","2012","06","All Motor Cycles","07","Yellow","Number","64"
"TEA26","New and Secondhand Vehicles","2012","2012","06","All Motor Cycles","08","Green","Number","104"
"TEA26","New and Secondhand Vehicles","2012","2012","06","All Motor Cycles","09","Blue","Number","406"
"TEA26","New and Secondhand Vehicles","2012","2012","06","All Motor Cycles","10","Purple","Number","18"
"TEA26","New and Secondhand Vehicles","2012","2012","06","All Motor Cycles","11","Pink","Number","0"
"TEA26","New and Secondhand Vehicles","2012","2012","06","All Motor Cycles","12","Red","Number","481"
"TEA26","New and Secondhand Vehicles","2012","2012","06","All Motor Cycles","13","Bronze","Number","4"
"TEA26","New and Secondhand Vehicles","2012","2012","06","All Motor Cycles","14","Gold","Number","10"
"TEA26","New and Secondhand Vehicles","2012","2012","06","All Motor Cycles","15","Silver","Number","213"
"TEA26","New and Secondhand Vehicles","2012","2012","06","All Motor Cycles","16","Navy","Number","1"
"TEA26","New and Secondhand Vehicles","2012","2012","06","All Motor Cycles","17","Multi-coloured","Number","111"
"TEA26","New and Secondhand Vehicles","2012","2012","06","All Motor Cycles","18","Other","Number","1"
"TEA26","New and Secondhand Vehicles","2012","2012","07","All Other Vehicles","-","All colours","Number","8468"
"TEA26","New and Secondhand Vehicles","2012","2012","07","All Other Vehicles","01","Black","Number","1231"
"TEA26","New and Secondhand Vehicles","2012","2012","07","All Other Vehicles","02","Grey","Number","1105"
"TEA26","New and Secondhand Vehicles","2012","2012","07","All Other Vehicles","03","White","Number","1168"
"TEA26","New and Secondhand Vehicles","2012","2012","07","All Other Vehicles","04","Beige","Number","177"
"TEA26","New and Secondhand Vehicles","2012","2012","07","All Other Vehicles","05","Brown","Number","301"
"TEA26","New and Secondhand Vehicles","2012","2012","07","All Other Vehicles","06","Orange","Number","51"
"TEA26","New and Secondhand Vehicles","2012","2012","07","All Other Vehicles","07","Yellow","Number","551"
"TEA26","New and Secondhand Vehicles","2012","2012","07","All Other Vehicles","08","Green","Number","290"
"TEA26","New and Secondhand Vehicles","2012","2012","07","All Other Vehicles","09","Blue","Number","931"
"TEA26","New and Secondhand Vehicles","2012","2012","07","All Other Vehicles","10","Purple","Number","41"
"TEA26","New and Secondhand Vehicles","2012","2012","07","All Other Vehicles","11","Pink","Number","2"
"TEA26","New and Secondhand Vehicles","2012","2012","07","All Other Vehicles","12","Red","Number","956"
"TEA26","New and Secondhand Vehicles","2012","2012","07","All Other Vehicles","13","Bronze","Number","36"
"TEA26","New and Secondhand Vehicles","2012","2012","07","All Other Vehicles","14","Gold","Number","57"
"TEA26","New and Secondhand Vehicles","2012","2012","07","All Other Vehicles","15","Silver","Number","1385"
"TEA26","New and Secondhand Vehicles","2012","2012","07","All Other Vehicles","16","Navy","Number","1"
"TEA26","New and Secondhand Vehicles","2012","2012","07","All Other Vehicles","17","Multi-coloured","Number","184"
"TEA26","New and Secondhand Vehicles","2012","2012","07","All Other Vehicles","18","Other","Number","1"
"TEA26","New and Secondhand Vehicles","2013","2013","011","New Private Cars","-","All colours","Number","71348"
"TEA26","New and Secondhand Vehicles","2013","2013","011","New Private Cars","01","Black","Number","16302"
"TEA26","New and Secondhand Vehicles","2013","2013","011","New Private Cars","02","Grey","Number","12426"
"TEA26","New and Secondhand Vehicles","2013","2013","011","New Private Cars","03","White","Number","6045"
"TEA26","New and Secondhand Vehicles","2013","2013","011","New Private Cars","04","Beige","Number","806"
"TEA26","New and Secondhand Vehicles","2013","2013","011","New Private Cars","05","Brown","Number","2465"
"TEA26","New and Secondhand Vehicles","2013","2013","011","New Private Cars","06","Orange","Number","131"
"TEA26","New and Secondhand Vehicles","2013","2013","011","New Private Cars","07","Yellow","Number","97"
"TEA26","New and Secondhand Vehicles","2013","2013","011","New Private Cars","08","Green","Number","279"
"TEA26","New and Secondhand Vehicles","2013","2013","011","New Private Cars","09","Blue","Number","7312"
"TEA26","New and Secondhand Vehicles","2013","2013","011","New Private Cars","10","Purple","Number","146"
"TEA26","New and Secondhand Vehicles","2013","2013","011","New Private Cars","11","Pink","Number","0"
"TEA26","New and Secondhand Vehicles","2013","2013","011","New Private Cars","12","Red","Number","7465"
"TEA26","New and Secondhand Vehicles","2013","2013","011","New Private Cars","13","Bronze","Number","1293"
"TEA26","New and Secondhand Vehicles","2013","2013","011","New Private Cars","14","Gold","Number","459"
"TEA26","New and Secondhand Vehicles","2013","2013","011","New Private Cars","15","Silver","Number","16121"
"TEA26","New and Secondhand Vehicles","2013","2013","011","New Private Cars","16","Navy","Number","0"
"TEA26","New and Secondhand Vehicles","2013","2013","011","New Private Cars","17","Multi-coloured","Number","1"
"TEA26","New and Secondhand Vehicles","2013","2013","011","New Private Cars","18","Other","Number","0"
"TEA26","New and Secondhand Vehicles","2013","2013","012","New Goods Vehicles","-","All colours","Number","11024"
"TEA26","New and Secondhand Vehicles","2013","2013","012","New Goods Vehicles","01","Black","Number","1012"
"TEA26","New and Secondhand Vehicles","2013","2013","012","New Goods Vehicles","02","Grey","Number","560"
"TEA26","New and Secondhand Vehicles","2013","2013","012","New Goods Vehicles","03","White","Number","6888"
"TEA26","New and Secondhand Vehicles","2013","2013","012","New Goods Vehicles","04","Beige","Number","26"
"TEA26","New and Secondhand Vehicles","2013","2013","012","New Goods Vehicles","05","Brown","Number","24"
"TEA26","New and Secondhand Vehicles","2013","2013","012","New Goods Vehicles","06","Orange","Number","23"
"TEA26","New and Secondhand Vehicles","2013","2013","012","New Goods Vehicles","07","Yellow","Number","88"
"TEA26","New and Secondhand Vehicles","2013","2013","012","New Goods Vehicles","08","Green","Number","123"
"TEA26","New and Secondhand Vehicles","2013","2013","012","New Goods Vehicles","09","Blue","Number","525"
"TEA26","New and Secondhand Vehicles","2013","2013","012","New Goods Vehicles","10","Purple","Number","5"
"TEA26","New and Secondhand Vehicles","2013","2013","012","New Goods Vehicles","11","Pink","Number","0"
"TEA26","New and Secondhand Vehicles","2013","2013","012","New Goods Vehicles","12","Red","Number","646"
"TEA26","New and Secondhand Vehicles","2013","2013","012","New Goods Vehicles","13","Bronze","Number","4"
"TEA26","New and Secondhand Vehicles","2013","2013","012","New Goods Vehicles","14","Gold","Number","39"
"TEA26","New and Secondhand Vehicles","2013","2013","012","New Goods Vehicles","15","Silver","Number","1058"
"TEA26","New and Secondhand Vehicles","2013","2013","012","New Goods Vehicles","16","Navy","Number","0"
"TEA26","New and Secondhand Vehicles","2013","2013","012","New Goods Vehicles","17","Multi-coloured","Number","3"
"TEA26","New and Secondhand Vehicles","2013","2013","012","New Goods Vehicles","18","Other","Number","0"
"TEA26","New and Secondhand Vehicles","2013","2013","013","New Tractors","-","All colours","Number","4403"
"TEA26","New and Secondhand Vehicles","2013","2013","013","New Tractors","01","Black","Number","56"
"TEA26","New and Secondhand Vehicles","2013","2013","013","New Tractors","02","Grey","Number","3"
"TEA26","New and Secondhand Vehicles","2013","2013","013","New Tractors","03","White","Number","11"
"TEA26","New and Secondhand Vehicles","2013","2013","013","New Tractors","04","Beige","Number","0"
"TEA26","New and Secondhand Vehicles","2013","2013","013","New Tractors","05","Brown","Number","24"
"TEA26","New and Secondhand Vehicles","2013","2013","013","New Tractors","06","Orange","Number","97"
"TEA26","New and Secondhand Vehicles","2013","2013","013","New Tractors","07","Yellow","Number","95"
"TEA26","New and Secondhand Vehicles","2013","2013","013","New Tractors","08","Green","Number","1225"
"TEA26","New and Secondhand Vehicles","2013","2013","013","New Tractors","09","Blue","Number","996"
"TEA26","New and Secondhand Vehicles","2013","2013","013","New Tractors","10","Purple","Number","1"
"TEA26","New and Secondhand Vehicles","2013","2013","013","New Tractors","11","Pink","Number","0"
"TEA26","New and Secondhand Vehicles","2013","2013","013","New Tractors","12","Red","Number","1790"
"TEA26","New and Secondhand Vehicles","2013","2013","013","New Tractors","13","Bronze","Number","0"
"TEA26","New and Secondhand Vehicles","2013","2013","013","New Tractors","14","Gold","Number","1"
"TEA26","New and Secondhand Vehicles","2013","2013","013","New Tractors","15","Silver","Number","57"
"TEA26","New and Secondhand Vehicles","2013","2013","013","New Tractors","16","Navy","Number","0"
"TEA26","New and Secondhand Vehicles","2013","2013","013","New Tractors","17","Multi-coloured","Number","34"
"TEA26","New and Secondhand Vehicles","2013","2013","013","New Tractors","18","Other","Number","13"
"TEA26","New and Secondhand Vehicles","2013","2013","014","New Motor Cycles","-","All colours","Number","878"
"TEA26","New and Secondhand Vehicles","2013","2013","014","New Motor Cycles","01","Black","Number","258"
"TEA26","New and Secondhand Vehicles","2013","2013","014","New Motor Cycles","02","Grey","Number","79"
"TEA26","New and Secondhand Vehicles","2013","2013","014","New Motor Cycles","03","White","Number","93"
"TEA26","New and Secondhand Vehicles","2013","2013","014","New Motor Cycles","04","Beige","Number","5"
"TEA26","New and Secondhand Vehicles","2013","2013","014","New Motor Cycles","05","Brown","Number","4"
"TEA26","New and Secondhand Vehicles","2013","2013","014","New Motor Cycles","06","Orange","Number","27"
"TEA26","New and Secondhand Vehicles","2013","2013","014","New Motor Cycles","07","Yellow","Number","12"
"TEA26","New and Secondhand Vehicles","2013","2013","014","New Motor Cycles","08","Green","Number","29"
"TEA26","New and Secondhand Vehicles","2013","2013","014","New Motor Cycles","09","Blue","Number","111"
"TEA26","New and Secondhand Vehicles","2013","2013","014","New Motor Cycles","10","Purple","Number","3"
"TEA26","New and Secondhand Vehicles","2013","2013","014","New Motor Cycles","11","Pink","Number","0"
"TEA26","New and Secondhand Vehicles","2013","2013","014","New Motor Cycles","12","Red","Number","158"
"TEA26","New and Secondhand Vehicles","2013","2013","014","New Motor Cycles","13","Bronze","Number","6"
"TEA26","New and Secondhand Vehicles","2013","2013","014","New Motor Cycles","14","Gold","Number","2"
"TEA26","New and Secondhand Vehicles","2013","2013","014","New Motor Cycles","15","Silver","Number","74"
"TEA26","New and Secondhand Vehicles","2013","2013","014","New Motor Cycles","16","Navy","Number","0"
"TEA26","New and Secondhand Vehicles","2013","2013","014","New Motor Cycles","17","Multi-coloured","Number","17"
"TEA26","New and Secondhand Vehicles","2013","2013","014","New Motor Cycles","18","Other","Number","0"
"TEA26","New and Secondhand Vehicles","2013","2013","01606","New Other Vehicles","-","All colours","Number","5234"
"TEA26","New and Secondhand Vehicles","2013","2013","01606","New Other Vehicles","01","Black","Number","769"
"TEA26","New and Secondhand Vehicles","2013","2013","01606","New Other Vehicles","02","Grey","Number","653"
"TEA26","New and Secondhand Vehicles","2013","2013","01606","New Other Vehicles","03","White","Number","691"
"TEA26","New and Secondhand Vehicles","2013","2013","01606","New Other Vehicles","04","Beige","Number","58"
"TEA26","New and Secondhand Vehicles","2013","2013","01606","New Other Vehicles","05","Brown","Number","226"
"TEA26","New and Secondhand Vehicles","2013","2013","01606","New Other Vehicles","06","Orange","Number","51"
"TEA26","New and Secondhand Vehicles","2013","2013","01606","New Other Vehicles","07","Yellow","Number","575"
"TEA26","New and Secondhand Vehicles","2013","2013","01606","New Other Vehicles","08","Green","Number","175"
"TEA26","New and Secondhand Vehicles","2013","2013","01606","New Other Vehicles","09","Blue","Number","395"
"TEA26","New and Secondhand Vehicles","2013","2013","01606","New Other Vehicles","10","Purple","Number","18"
"TEA26","New and Secondhand Vehicles","2013","2013","01606","New Other Vehicles","11","Pink","Number","0"
"TEA26","New and Secondhand Vehicles","2013","2013","01606","New Other Vehicles","12","Red","Number","523"
"TEA26","New and Secondhand Vehicles","2013","2013","01606","New Other Vehicles","13","Bronze","Number","92"
"TEA26","New and Secondhand Vehicles","2013","2013","01606","New Other Vehicles","14","Gold","Number","17"
"TEA26","New and Secondhand Vehicles","2013","2013","01606","New Other Vehicles","15","Silver","Number","890"
"TEA26","New and Secondhand Vehicles","2013","2013","01606","New Other Vehicles","16","Navy","Number","0"
"TEA26","New and Secondhand Vehicles","2013","2013","01606","New Other Vehicles","17","Multi-coloured","Number","100"
"TEA26","New and Secondhand Vehicles","2013","2013","01606","New Other Vehicles","18","Other","Number","1"
"TEA26","New and Secondhand Vehicles","2013","2013","021","Secondhand Private Cars","-","All colours","Number","49762"
"TEA26","New and Secondhand Vehicles","2013","2013","021","Secondhand Private Cars","01","Black","Number","13041"
"TEA26","New and Secondhand Vehicles","2013","2013","021","Secondhand Private Cars","02","Grey","Number","8138"
"TEA26","New and Secondhand Vehicles","2013","2013","021","Secondhand Private Cars","03","White","Number","2516"
"TEA26","New and Secondhand Vehicles","2013","2013","021","Secondhand Private Cars","04","Beige","Number","446"
"TEA26","New and Secondhand Vehicles","2013","2013","021","Secondhand Private Cars","05","Brown","Number","302"
"TEA26","New and Secondhand Vehicles","2013","2013","021","Secondhand Private Cars","06","Orange","Number","83"
"TEA26","New and Secondhand Vehicles","2013","2013","021","Secondhand Private Cars","07","Yellow","Number","80"
"TEA26","New and Secondhand Vehicles","2013","2013","021","Secondhand Private Cars","08","Green","Number","591"
"TEA26","New and Secondhand Vehicles","2013","2013","021","Secondhand Private Cars","09","Blue","Number","8310"
"TEA26","New and Secondhand Vehicles","2013","2013","021","Secondhand Private Cars","10","Purple","Number","171"
"TEA26","New and Secondhand Vehicles","2013","2013","021","Secondhand Private Cars","11","Pink","Number","5"
"TEA26","New and Secondhand Vehicles","2013","2013","021","Secondhand Private Cars","12","Red","Number","3572"
"TEA26","New and Secondhand Vehicles","2013","2013","021","Secondhand Private Cars","13","Bronze","Number","156"
"TEA26","New and Secondhand Vehicles","2013","2013","021","Secondhand Private Cars","14","Gold","Number","152"
"TEA26","New and Secondhand Vehicles","2013","2013","021","Secondhand Private Cars","15","Silver","Number","12180"
"TEA26","New and Secondhand Vehicles","2013","2013","021","Secondhand Private Cars","16","Navy","Number","5"
"TEA26","New and Secondhand Vehicles","2013","2013","021","Secondhand Private Cars","17","Multi-coloured","Number","14"
"TEA26","New and Secondhand Vehicles","2013","2013","021","Secondhand Private Cars","18","Other","Number","0"
"TEA26","New and Secondhand Vehicles","2013","2013","022","Secondhand Goods Vehicles","-","All colours","Number","7533"
"TEA26","New and Secondhand Vehicles","2013","2013","022","Secondhand Goods Vehicles","01","Black","Number","322"
"TEA26","New and Secondhand Vehicles","2013","2013","022","Secondhand Goods Vehicles","02","Grey","Number","141"
"TEA26","New and Secondhand Vehicles","2013","2013","022","Secondhand Goods Vehicles","03","White","Number","4953"
"TEA26","New and Secondhand Vehicles","2013","2013","022","Secondhand Goods Vehicles","04","Beige","Number","4"
"TEA26","New and Secondhand Vehicles","2013","2013","022","Secondhand Goods Vehicles","05","Brown","Number","5"
"TEA26","New and Secondhand Vehicles","2013","2013","022","Secondhand Goods Vehicles","06","Orange","Number","34"
"TEA26","New and Secondhand Vehicles","2013","2013","022","Secondhand Goods Vehicles","07","Yellow","Number","100"
"TEA26","New and Secondhand Vehicles","2013","2013","022","Secondhand Goods Vehicles","08","Green","Number","162"
"TEA26","New and Secondhand Vehicles","2013","2013","022","Secondhand Goods Vehicles","09","Blue","Number","568"
"TEA26","New and Secondhand Vehicles","2013","2013","022","Secondhand Goods Vehicles","10","Purple","Number","7"
"TEA26","New and Secondhand Vehicles","2013","2013","022","Secondhand Goods Vehicles","11","Pink","Number","0"
"TEA26","New and Secondhand Vehicles","2013","2013","022","Secondhand Goods Vehicles","12","Red","Number","483"
"TEA26","New and Secondhand Vehicles","2013","2013","022","Secondhand Goods Vehicles","13","Bronze","Number","0"
"TEA26","New and Secondhand Vehicles","2013","2013","022","Secondhand Goods Vehicles","14","Gold","Number","8"
"TEA26","New and Secondhand Vehicles","2013","2013","022","Secondhand Goods Vehicles","15","Silver","Number","608"
"TEA26","New and Secondhand Vehicles","2013","2013","022","Secondhand Goods Vehicles","16","Navy","Number","0"
"TEA26","New and Secondhand Vehicles","2013","2013","022","Secondhand Goods Vehicles","17","Multi-coloured","Number","138"
"TEA26","New and Secondhand Vehicles","2013","2013","022","Secondhand Goods Vehicles","18","Other","Number","0"
"TEA26","New and Secondhand Vehicles","2013","2013","023","Secondhand Tractors","-","All colours","Number","6598"
"TEA26","New and Secondhand Vehicles","2013","2013","023","Secondhand Tractors","01","Black","Number","31"
"TEA26","New and Secondhand Vehicles","2013","2013","023","Secondhand Tractors","02","Grey","Number","15"
"TEA26","New and Secondhand Vehicles","2013","2013","023","Secondhand Tractors","03","White","Number","97"
"TEA26","New and Secondhand Vehicles","2013","2013","023","Secondhand Tractors","04","Beige","Number","4"
"TEA26","New and Secondhand Vehicles","2013","2013","023","Secondhand Tractors","05","Brown","Number","249"
"TEA26","New and Secondhand Vehicles","2013","2013","023","Secondhand Tractors","06","Orange","Number","186"
"TEA26","New and Secondhand Vehicles","2013","2013","023","Secondhand Tractors","07","Yellow","Number","180"
"TEA26","New and Secondhand Vehicles","2013","2013","023","Secondhand Tractors","08","Green","Number","762"
"TEA26","New and Secondhand Vehicles","2013","2013","023","Secondhand Tractors","09","Blue","Number","2027"
"TEA26","New and Secondhand Vehicles","2013","2013","023","Secondhand Tractors","10","Purple","Number","0"
"TEA26","New and Secondhand Vehicles","2013","2013","023","Secondhand Tractors","11","Pink","Number","0"
"TEA26","New and Secondhand Vehicles","2013","2013","023","Secondhand Tractors","12","Red","Number","2745"
"TEA26","New and Secondhand Vehicles","2013","2013","023","Secondhand Tractors","13","Bronze","Number","1"
"TEA26","New and Secondhand Vehicles","2013","2013","023","Secondhand Tractors","14","Gold","Number","0"
"TEA26","New and Secondhand Vehicles","2013","2013","023","Secondhand Tractors","15","Silver","Number","29"
"TEA26","New and Secondhand Vehicles","2013","2013","023","Secondhand Tractors","16","Navy","Number","0"
"TEA26","New and Secondhand Vehicles","2013","2013","023","Secondhand Tractors","17","Multi-coloured","Number","250"
"TEA26","New and Secondhand Vehicles","2013","2013","023","Secondhand Tractors","18","Other","Number","22"
"TEA26","New and Secondhand Vehicles","2013","2013","024","Secondhand Other Vehicles","-","All colours","Number","5576"
"TEA26","New and Secondhand Vehicles","2013","2013","024","Secondhand Other Vehicles","01","Black","Number","497"
"TEA26","New and Secondhand Vehicles","2013","2013","024","Secondhand Other Vehicles","02","Grey","Number","327"
"TEA26","New and Secondhand Vehicles","2013","2013","024","Secondhand Other Vehicles","03","White","Number","858"
"TEA26","New and Secondhand Vehicles","2013","2013","024","Secondhand Other Vehicles","04","Beige","Number","64"
"TEA26","New and Secondhand Vehicles","2013","2013","024","Secondhand Other Vehicles","05","Brown","Number","50"
"TEA26","New and Secondhand Vehicles","2013","2013","024","Secondhand Other Vehicles","06","Orange","Number","71"
"TEA26","New and Secondhand Vehicles","2013","2013","024","Secondhand Other Vehicles","07","Yellow","Number","857"
"TEA26","New and Secondhand Vehicles","2013","2013","024","Secondhand Other Vehicles","08","Green","Number","355"
"TEA26","New and Secondhand Vehicles","2013","2013","024","Secondhand Other Vehicles","09","Blue","Number","820"
"TEA26","New and Secondhand Vehicles","2013","2013","024","Secondhand Other Vehicles","10","Purple","Number","6"
"TEA26","New and Secondhand Vehicles","2013","2013","024","Secondhand Other Vehicles","11","Pink","Number","2"
"TEA26","New and Secondhand Vehicles","2013","2013","024","Secondhand Other Vehicles","12","Red","Number","981"
"TEA26","New and Secondhand Vehicles","2013","2013","024","Secondhand Other Vehicles","13","Bronze","Number","11"
"TEA26","New and Secondhand Vehicles","2013","2013","024","Secondhand Other Vehicles","14","Gold","Number","47"
"TEA26","New and Secondhand Vehicles","2013","2013","024","Secondhand Other Vehicles","15","Silver","Number","446"
"TEA26","New and Secondhand Vehicles","2013","2013","024","Secondhand Other Vehicles","16","Navy","Number","0"
"TEA26","New and Secondhand Vehicles","2013","2013","024","Secondhand Other Vehicles","17","Multi-coloured","Number","173"
"TEA26","New and Secondhand Vehicles","2013","2013","024","Secondhand Other Vehicles","18","Other","Number","11"
"TEA26","New and Secondhand Vehicles","2013","2013","025","Secondhand Motor Cycles","-","All colours","Number","1687"
"TEA26","New and Secondhand Vehicles","2013","2013","025","Secondhand Motor Cycles","01","Black","Number","385"
"TEA26","New and Secondhand Vehicles","2013","2013","025","Secondhand Motor Cycles","02","Grey","Number","59"
"TEA26","New and Secondhand Vehicles","2013","2013","025","Secondhand Motor Cycles","03","White","Number","130"
"TEA26","New and Secondhand Vehicles","2013","2013","025","Secondhand Motor Cycles","04","Beige","Number","11"
"TEA26","New and Secondhand Vehicles","2013","2013","025","Secondhand Motor Cycles","05","Brown","Number","7"
"TEA26","New and Secondhand Vehicles","2013","2013","025","Secondhand Motor Cycles","06","Orange","Number","35"
"TEA26","New and Secondhand Vehicles","2013","2013","025","Secondhand Motor Cycles","07","Yellow","Number","62"
"TEA26","New and Secondhand Vehicles","2013","2013","025","Secondhand Motor Cycles","08","Green","Number","86"
"TEA26","New and Secondhand Vehicles","2013","2013","025","Secondhand Motor Cycles","09","Blue","Number","286"
"TEA26","New and Secondhand Vehicles","2013","2013","025","Secondhand Motor Cycles","10","Purple","Number","13"
"TEA26","New and Secondhand Vehicles","2013","2013","025","Secondhand Motor Cycles","11","Pink","Number","1"
"TEA26","New and Secondhand Vehicles","2013","2013","025","Secondhand Motor Cycles","12","Red","Number","345"
"TEA26","New and Secondhand Vehicles","2013","2013","025","Secondhand Motor Cycles","13","Bronze","Number","4"
"TEA26","New and Secondhand Vehicles","2013","2013","025","Secondhand Motor Cycles","14","Gold","Number","11"
"TEA26","New and Secondhand Vehicles","2013","2013","025","Secondhand Motor Cycles","15","Silver","Number","151"
"TEA26","New and Secondhand Vehicles","2013","2013","025","Secondhand Motor Cycles","16","Navy","Number","0"
"TEA26","New and Secondhand Vehicles","2013","2013","025","Secondhand Motor Cycles","17","Multi-coloured","Number","101"
"TEA26","New and Secondhand Vehicles","2013","2013","025","Secondhand Motor Cycles","18","Other","Number","0"
"TEA26","New and Secondhand Vehicles","2013","2013","03","All Private Cars","-","All colours","Number","121110"
"TEA26","New and Secondhand Vehicles","2013","2013","03","All Private Cars","01","Black","Number","29343"
"TEA26","New and Secondhand Vehicles","2013","2013","03","All Private Cars","02","Grey","Number","20564"
"TEA26","New and Secondhand Vehicles","2013","2013","03","All Private Cars","03","White","Number","8561"
"TEA26","New and Secondhand Vehicles","2013","2013","03","All Private Cars","04","Beige","Number","1252"
"TEA26","New and Secondhand Vehicles","2013","2013","03","All Private Cars","05","Brown","Number","2767"
"TEA26","New and Secondhand Vehicles","2013","2013","03","All Private Cars","06","Orange","Number","214"
"TEA26","New and Secondhand Vehicles","2013","2013","03","All Private Cars","07","Yellow","Number","177"
"TEA26","New and Secondhand Vehicles","2013","2013","03","All Private Cars","08","Green","Number","870"
"TEA26","New and Secondhand Vehicles","2013","2013","03","All Private Cars","09","Blue","Number","15622"
"TEA26","New and Secondhand Vehicles","2013","2013","03","All Private Cars","10","Purple","Number","317"
"TEA26","New and Secondhand Vehicles","2013","2013","03","All Private Cars","11","Pink","Number","5"
"TEA26","New and Secondhand Vehicles","2013","2013","03","All Private Cars","12","Red","Number","11037"
"TEA26","New and Secondhand Vehicles","2013","2013","03","All Private Cars","13","Bronze","Number","1449"
"TEA26","New and Secondhand Vehicles","2013","2013","03","All Private Cars","14","Gold","Number","611"
"TEA26","New and Secondhand Vehicles","2013","2013","03","All Private Cars","15","Silver","Number","28301"
"TEA26","New and Secondhand Vehicles","2013","2013","03","All Private Cars","16","Navy","Number","5"
"TEA26","New and Secondhand Vehicles","2013","2013","03","All Private Cars","17","Multi-coloured","Number","15"
"TEA26","New and Secondhand Vehicles","2013","2013","03","All Private Cars","18","Other","Number","0"
"TEA26","New and Secondhand Vehicles","2013","2013","04","All Goods Vehicles","-","All colours","Number","18557"
"TEA26","New and Secondhand Vehicles","2013","2013","04","All Goods Vehicles","01","Black","Number","1334"
"TEA26","New and Secondhand Vehicles","2013","2013","04","All Goods Vehicles","02","Grey","Number","701"
"TEA26","New and Secondhand Vehicles","2013","2013","04","All Goods Vehicles","03","White","Number","11841"
"TEA26","New and Secondhand Vehicles","2013","2013","04","All Goods Vehicles","04","Beige","Number","30"
"TEA26","New and Secondhand Vehicles","2013","2013","04","All Goods Vehicles","05","Brown","Number","29"
"TEA26","New and Secondhand Vehicles","2013","2013","04","All Goods Vehicles","06","Orange","Number","57"
"TEA26","New and Secondhand Vehicles","2013","2013","04","All Goods Vehicles","07","Yellow","Number","188"
"TEA26","New and Secondhand Vehicles","2013","2013","04","All Goods Vehicles","08","Green","Number","285"
"TEA26","New and Secondhand Vehicles","2013","2013","04","All Goods Vehicles","09","Blue","Number","1093"
"TEA26","New and Secondhand Vehicles","2013","2013","04","All Goods Vehicles","10","Purple","Number","12"
"TEA26","New and Secondhand Vehicles","2013","2013","04","All Goods Vehicles","11","Pink","Number","0"
"TEA26","New and Secondhand Vehicles","2013","2013","04","All Goods Vehicles","12","Red","Number","1129"
"TEA26","New and Secondhand Vehicles","2013","2013","04","All Goods Vehicles","13","Bronze","Number","4"
"TEA26","New and Secondhand Vehicles","2013","2013","04","All Goods Vehicles","14","Gold","Number","47"
"TEA26","New and Secondhand Vehicles","2013","2013","04","All Goods Vehicles","15","Silver","Number","1666"
"TEA26","New and Secondhand Vehicles","2013","2013","04","All Goods Vehicles","16","Navy","Number","0"
"TEA26","New and Secondhand Vehicles","2013","2013","04","All Goods Vehicles","17","Multi-coloured","Number","141"
"TEA26","New and Secondhand Vehicles","2013","2013","04","All Goods Vehicles","18","Other","Number","0"
"TEA26","New and Secondhand Vehicles","2013","2013","05","All Tractors","-","All colours","Number","11001"
"TEA26","New and Secondhand Vehicles","2013","2013","05","All Tractors","01","Black","Number","87"
"TEA26","New and Secondhand Vehicles","2013","2013","05","All Tractors","02","Grey","Number","18"
"TEA26","New and Secondhand Vehicles","2013","2013","05","All Tractors","03","White","Number","108"
"TEA26","New and Secondhand Vehicles","2013","2013","05","All Tractors","04","Beige","Number","4"
"TEA26","New and Secondhand Vehicles","2013","2013","05","All Tractors","05","Brown","Number","273"
"TEA26","New and Secondhand Vehicles","2013","2013","05","All Tractors","06","Orange","Number","283"
"TEA26","New and Secondhand Vehicles","2013","2013","05","All Tractors","07","Yellow","Number","275"
"TEA26","New and Secondhand Vehicles","2013","2013","05","All Tractors","08","Green","Number","1987"
"TEA26","New and Secondhand Vehicles","2013","2013","05","All Tractors","09","Blue","Number","3023"
"TEA26","New and Secondhand Vehicles","2013","2013","05","All Tractors","10","Purple","Number","1"
"TEA26","New and Secondhand Vehicles","2013","2013","05","All Tractors","11","Pink","Number","0"
"TEA26","New and Secondhand Vehicles","2013","2013","05","All Tractors","12","Red","Number","4535"
"TEA26","New and Secondhand Vehicles","2013","2013","05","All Tractors","13","Bronze","Number","1"
"TEA26","New and Secondhand Vehicles","2013","2013","05","All Tractors","14","Gold","Number","1"
"TEA26","New and Secondhand Vehicles","2013","2013","05","All Tractors","15","Silver","Number","86"
"TEA26","New and Secondhand Vehicles","2013","2013","05","All Tractors","16","Navy","Number","0"
"TEA26","New and Secondhand Vehicles","2013","2013","05","All Tractors","17","Multi-coloured","Number","284"
"TEA26","New and Secondhand Vehicles","2013","2013","05","All Tractors","18","Other","Number","35"
"TEA26","New and Secondhand Vehicles","2013","2013","06","All Motor Cycles","-","All colours","Number","2565"
"TEA26","New and Secondhand Vehicles","2013","2013","06","All Motor Cycles","01","Black","Number","643"
"TEA26","New and Secondhand Vehicles","2013","2013","06","All Motor Cycles","02","Grey","Number","138"
"TEA26","New and Secondhand Vehicles","2013","2013","06","All Motor Cycles","03","White","Number","223"
"TEA26","New and Secondhand Vehicles","2013","2013","06","All Motor Cycles","04","Beige","Number","16"
"TEA26","New and Secondhand Vehicles","2013","2013","06","All Motor Cycles","05","Brown","Number","11"
"TEA26","New and Secondhand Vehicles","2013","2013","06","All Motor Cycles","06","Orange","Number","62"
"TEA26","New and Secondhand Vehicles","2013","2013","06","All Motor Cycles","07","Yellow","Number","74"
"TEA26","New and Secondhand Vehicles","2013","2013","06","All Motor Cycles","08","Green","Number","115"
"TEA26","New and Secondhand Vehicles","2013","2013","06","All Motor Cycles","09","Blue","Number","397"
"TEA26","New and Secondhand Vehicles","2013","2013","06","All Motor Cycles","10","Purple","Number","16"
"TEA26","New and Secondhand Vehicles","2013","2013","06","All Motor Cycles","11","Pink","Number","1"
"TEA26","New and Secondhand Vehicles","2013","2013","06","All Motor Cycles","12","Red","Number","503"
"TEA26","New and Secondhand Vehicles","2013","2013","06","All Motor Cycles","13","Bronze","Number","10"
"TEA26","New and Secondhand Vehicles","2013","2013","06","All Motor Cycles","14","Gold","Number","13"
"TEA26","New and Secondhand Vehicles","2013","2013","06","All Motor Cycles","15","Silver","Number","225"
"TEA26","New and Secondhand Vehicles","2013","2013","06","All Motor Cycles","16","Navy","Number","0"
"TEA26","New and Secondhand Vehicles","2013","2013","06","All Motor Cycles","17","Multi-coloured","Number","118"
"TEA26","New and Secondhand Vehicles","2013","2013","06","All Motor Cycles","18","Other","Number","0"
"TEA26","New and Secondhand Vehicles","2013","2013","07","All Other Vehicles","-","All colours","Number","10810"
"TEA26","New and Secondhand Vehicles","2013","2013","07","All Other Vehicles","01","Black","Number","1266"
"TEA26","New and Secondhand Vehicles","2013","2013","07","All Other Vehicles","02","Grey","Number","980"
"TEA26","New and Secondhand Vehicles","2013","2013","07","All Other Vehicles","03","White","Number","1549"
"TEA26","New and Secondhand Vehicles","2013","2013","07","All Other Vehicles","04","Beige","Number","122"
"TEA26","New and Secondhand Vehicles","2013","2013","07","All Other Vehicles","05","Brown","Number","276"
"TEA26","New and Secondhand Vehicles","2013","2013","07","All Other Vehicles","06","Orange","Number","122"
"TEA26","New and Secondhand Vehicles","2013","2013","07","All Other Vehicles","07","Yellow","Number","1432"
"TEA26","New and Secondhand Vehicles","2013","2013","07","All Other Vehicles","08","Green","Number","530"
"TEA26","New and Secondhand Vehicles","2013","2013","07","All Other Vehicles","09","Blue","Number","1215"
"TEA26","New and Secondhand Vehicles","2013","2013","07","All Other Vehicles","10","Purple","Number","24"
"TEA26","New and Secondhand Vehicles","2013","2013","07","All Other Vehicles","11","Pink","Number","2"
"TEA26","New and Secondhand Vehicles","2013","2013","07","All Other Vehicles","12","Red","Number","1504"
"TEA26","New and Secondhand Vehicles","2013","2013","07","All Other Vehicles","13","Bronze","Number","103"
"TEA26","New and Secondhand Vehicles","2013","2013","07","All Other Vehicles","14","Gold","Number","64"
"TEA26","New and Secondhand Vehicles","2013","2013","07","All Other Vehicles","15","Silver","Number","1336"
"TEA26","New and Secondhand Vehicles","2013","2013","07","All Other Vehicles","16","Navy","Number","0"
"TEA26","New and Secondhand Vehicles","2013","2013","07","All Other Vehicles","17","Multi-coloured","Number","273"
"TEA26","New and Secondhand Vehicles","2013","2013","07","All Other Vehicles","18","Other","Number","12"
"TEA26","New and Secondhand Vehicles","2014","2014","011","New Private Cars","-","All colours","Number","92361"
"TEA26","New and Secondhand Vehicles","2014","2014","011","New Private Cars","01","Black","Number","19352"
"TEA26","New and Secondhand Vehicles","2014","2014","011","New Private Cars","02","Grey","Number","15619"
"TEA26","New and Secondhand Vehicles","2014","2014","011","New Private Cars","03","White","Number","10362"
"TEA26","New and Secondhand Vehicles","2014","2014","011","New Private Cars","04","Beige","Number","1164"
"TEA26","New and Secondhand Vehicles","2014","2014","011","New Private Cars","05","Brown","Number","3587"
"TEA26","New and Secondhand Vehicles","2014","2014","011","New Private Cars","06","Orange","Number","333"
"TEA26","New and Secondhand Vehicles","2014","2014","011","New Private Cars","07","Yellow","Number","265"
"TEA26","New and Secondhand Vehicles","2014","2014","011","New Private Cars","08","Green","Number","495"
"TEA26","New and Secondhand Vehicles","2014","2014","011","New Private Cars","09","Blue","Number","9244"
"TEA26","New and Secondhand Vehicles","2014","2014","011","New Private Cars","10","Purple","Number","123"
"TEA26","New and Secondhand Vehicles","2014","2014","011","New Private Cars","11","Pink","Number","0"
"TEA26","New and Secondhand Vehicles","2014","2014","011","New Private Cars","12","Red","Number","9652"
"TEA26","New and Secondhand Vehicles","2014","2014","011","New Private Cars","13","Bronze","Number","2186"
"TEA26","New and Secondhand Vehicles","2014","2014","011","New Private Cars","14","Gold","Number","537"
"TEA26","New and Secondhand Vehicles","2014","2014","011","New Private Cars","15","Silver","Number","19439"
"TEA26","New and Secondhand Vehicles","2014","2014","011","New Private Cars","16","Navy","Number","1"
"TEA26","New and Secondhand Vehicles","2014","2014","011","New Private Cars","17","Multi-coloured","Number","2"
"TEA26","New and Secondhand Vehicles","2014","2014","011","New Private Cars","18","Other","Number","0"
"TEA26","New and Secondhand Vehicles","2014","2014","012","New Goods Vehicles","-","All colours","Number","16254"
"TEA26","New and Secondhand Vehicles","2014","2014","012","New Goods Vehicles","01","Black","Number","1491"
"TEA26","New and Secondhand Vehicles","2014","2014","012","New Goods Vehicles","02","Grey","Number","803"
"TEA26","New and Secondhand Vehicles","2014","2014","012","New Goods Vehicles","03","White","Number","10303"
"TEA26","New and Secondhand Vehicles","2014","2014","012","New Goods Vehicles","04","Beige","Number","36"
"TEA26","New and Secondhand Vehicles","2014","2014","012","New Goods Vehicles","05","Brown","Number","92"
"TEA26","New and Secondhand Vehicles","2014","2014","012","New Goods Vehicles","06","Orange","Number","29"
"TEA26","New and Secondhand Vehicles","2014","2014","012","New Goods Vehicles","07","Yellow","Number","129"
"TEA26","New and Secondhand Vehicles","2014","2014","012","New Goods Vehicles","08","Green","Number","75"
"TEA26","New and Secondhand Vehicles","2014","2014","012","New Goods Vehicles","09","Blue","Number","788"
"TEA26","New and Secondhand Vehicles","2014","2014","012","New Goods Vehicles","10","Purple","Number","21"
"TEA26","New and Secondhand Vehicles","2014","2014","012","New Goods Vehicles","11","Pink","Number","0"
"TEA26","New and Secondhand Vehicles","2014","2014","012","New Goods Vehicles","12","Red","Number","848"
"TEA26","New and Secondhand Vehicles","2014","2014","012","New Goods Vehicles","13","Bronze","Number","17"
"TEA26","New and Secondhand Vehicles","2014","2014","012","New Goods Vehicles","14","Gold","Number","84"
"TEA26","New and Secondhand Vehicles","2014","2014","012","New Goods Vehicles","15","Silver","Number","1536"
"TEA26","New and Secondhand Vehicles","2014","2014","012","New Goods Vehicles","16","Navy","Number","0"
"TEA26","New and Secondhand Vehicles","2014","2014","012","New Goods Vehicles","17","Multi-coloured","Number","2"
"TEA26","New and Secondhand Vehicles","2014","2014","012","New Goods Vehicles","18","Other","Number","0"
"TEA26","New and Secondhand Vehicles","2014","2014","013","New Tractors","-","All colours","Number","2186"
"TEA26","New and Secondhand Vehicles","2014","2014","013","New Tractors","01","Black","Number","18"
"TEA26","New and Secondhand Vehicles","2014","2014","013","New Tractors","02","Grey","Number","1"
"TEA26","New and Secondhand Vehicles","2014","2014","013","New Tractors","03","White","Number","13"
"TEA26","New and Secondhand Vehicles","2014","2014","013","New Tractors","04","Beige","Number","0"
"TEA26","New and Secondhand Vehicles","2014","2014","013","New Tractors","05","Brown","Number","4"
"TEA26","New and Secondhand Vehicles","2014","2014","013","New Tractors","06","Orange","Number","71"
"TEA26","New and Secondhand Vehicles","2014","2014","013","New Tractors","07","Yellow","Number","352"
"TEA26","New and Secondhand Vehicles","2014","2014","013","New Tractors","08","Green","Number","413"
"TEA26","New and Secondhand Vehicles","2014","2014","013","New Tractors","09","Blue","Number","474"
"TEA26","New and Secondhand Vehicles","2014","2014","013","New Tractors","10","Purple","Number","0"
"TEA26","New and Secondhand Vehicles","2014","2014","013","New Tractors","11","Pink","Number","0"
"TEA26","New and Secondhand Vehicles","2014","2014","013","New Tractors","12","Red","Number","809"
"TEA26","New and Secondhand Vehicles","2014","2014","013","New Tractors","13","Bronze","Number","0"
"TEA26","New and Secondhand Vehicles","2014","2014","013","New Tractors","14","Gold","Number","0"
"TEA26","New and Secondhand Vehicles","2014","2014","013","New Tractors","15","Silver","Number","11"
"TEA26","New and Secondhand Vehicles","2014","2014","013","New Tractors","16","Navy","Number","0"
"TEA26","New and Secondhand Vehicles","2014","2014","013","New Tractors","17","Multi-coloured","Number","18"
"TEA26","New and Secondhand Vehicles","2014","2014","013","New Tractors","18","Other","Number","2"
"TEA26","New and Secondhand Vehicles","2014","2014","014","New Motor Cycles","-","All colours","Number","960"
"TEA26","New and Secondhand Vehicles","2014","2014","014","New Motor Cycles","01","Black","Number","290"
"TEA26","New and Secondhand Vehicles","2014","2014","014","New Motor Cycles","02","Grey","Number","81"
"TEA26","New and Secondhand Vehicles","2014","2014","014","New Motor Cycles","03","White","Number","122"
"TEA26","New and Secondhand Vehicles","2014","2014","014","New Motor Cycles","04","Beige","Number","5"
"TEA26","New and Secondhand Vehicles","2014","2014","014","New Motor Cycles","05","Brown","Number","7"
"TEA26","New and Secondhand Vehicles","2014","2014","014","New Motor Cycles","06","Orange","Number","26"
"TEA26","New and Secondhand Vehicles","2014","2014","014","New Motor Cycles","07","Yellow","Number","6"
"TEA26","New and Secondhand Vehicles","2014","2014","014","New Motor Cycles","08","Green","Number","36"
"TEA26","New and Secondhand Vehicles","2014","2014","014","New Motor Cycles","09","Blue","Number","98"
"TEA26","New and Secondhand Vehicles","2014","2014","014","New Motor Cycles","10","Purple","Number","11"
"TEA26","New and Secondhand Vehicles","2014","2014","014","New Motor Cycles","11","Pink","Number","0"
"TEA26","New and Secondhand Vehicles","2014","2014","014","New Motor Cycles","12","Red","Number","188"
"TEA26","New and Secondhand Vehicles","2014","2014","014","New Motor Cycles","13","Bronze","Number","7"
"TEA26","New and Secondhand Vehicles","2014","2014","014","New Motor Cycles","14","Gold","Number","5"
"TEA26","New and Secondhand Vehicles","2014","2014","014","New Motor Cycles","15","Silver","Number","67"
"TEA26","New and Secondhand Vehicles","2014","2014","014","New Motor Cycles","16","Navy","Number","0"
"TEA26","New and Secondhand Vehicles","2014","2014","014","New Motor Cycles","17","Multi-coloured","Number","11"
"TEA26","New and Secondhand Vehicles","2014","2014","014","New Motor Cycles","18","Other","Number","0"
"TEA26","New and Secondhand Vehicles","2014","2014","01606","New Other Vehicles","-","All colours","Number","5891"
"TEA26","New and Secondhand Vehicles","2014","2014","01606","New Other Vehicles","01","Black","Number","919"
"TEA26","New and Secondhand Vehicles","2014","2014","01606","New Other Vehicles","02","Grey","Number","739"
"TEA26","New and Secondhand Vehicles","2014","2014","01606","New Other Vehicles","03","White","Number","1049"
"TEA26","New and Secondhand Vehicles","2014","2014","01606","New Other Vehicles","04","Beige","Number","84"
"TEA26","New and Secondhand Vehicles","2014","2014","01606","New Other Vehicles","05","Brown","Number","226"
"TEA26","New and Secondhand Vehicles","2014","2014","01606","New Other Vehicles","06","Orange","Number","39"
"TEA26","New and Secondhand Vehicles","2014","2014","01606","New Other Vehicles","07","Yellow","Number","389"
"TEA26","New and Secondhand Vehicles","2014","2014","01606","New Other Vehicles","08","Green","Number","97"
"TEA26","New and Secondhand Vehicles","2014","2014","01606","New Other Vehicles","09","Blue","Number","527"
"TEA26","New and Secondhand Vehicles","2014","2014","01606","New Other Vehicles","10","Purple","Number","17"
"TEA26","New and Secondhand Vehicles","2014","2014","01606","New Other Vehicles","11","Pink","Number","0"
"TEA26","New and Secondhand Vehicles","2014","2014","01606","New Other Vehicles","12","Red","Number","503"
"TEA26","New and Secondhand Vehicles","2014","2014","01606","New Other Vehicles","13","Bronze","Number","157"
"TEA26","New and Secondhand Vehicles","2014","2014","01606","New Other Vehicles","14","Gold","Number","26"
"TEA26","New and Secondhand Vehicles","2014","2014","01606","New Other Vehicles","15","Silver","Number","1032"
"TEA26","New and Secondhand Vehicles","2014","2014","01606","New Other Vehicles","16","Navy","Number","0"
"TEA26","New and Secondhand Vehicles","2014","2014","01606","New Other Vehicles","17","Multi-coloured","Number","85"
"TEA26","New and Secondhand Vehicles","2014","2014","01606","New Other Vehicles","18","Other","Number","2"
"TEA26","New and Secondhand Vehicles","2014","2014","021","Secondhand Private Cars","-","All colours","Number","52863"
"TEA26","New and Secondhand Vehicles","2014","2014","021","Secondhand Private Cars","01","Black","Number","13720"
"TEA26","New and Secondhand Vehicles","2014","2014","021","Secondhand Private Cars","02","Grey","Number","8372"
"TEA26","New and Secondhand Vehicles","2014","2014","021","Secondhand Private Cars","03","White","Number","3743"
"TEA26","New and Secondhand Vehicles","2014","2014","021","Secondhand Private Cars","04","Beige","Number","390"
"TEA26","New and Secondhand Vehicles","2014","2014","021","Secondhand Private Cars","05","Brown","Number","413"
"TEA26","New and Secondhand Vehicles","2014","2014","021","Secondhand Private Cars","06","Orange","Number","76"
"TEA26","New and Secondhand Vehicles","2014","2014","021","Secondhand Private Cars","07","Yellow","Number","92"
"TEA26","New and Secondhand Vehicles","2014","2014","021","Secondhand Private Cars","08","Green","Number","543"
"TEA26","New and Secondhand Vehicles","2014","2014","021","Secondhand Private Cars","09","Blue","Number","8551"
"TEA26","New and Secondhand Vehicles","2014","2014","021","Secondhand Private Cars","10","Purple","Number","208"
"TEA26","New and Secondhand Vehicles","2014","2014","021","Secondhand Private Cars","11","Pink","Number","10"
"TEA26","New and Secondhand Vehicles","2014","2014","021","Secondhand Private Cars","12","Red","Number","3876"
"TEA26","New and Secondhand Vehicles","2014","2014","021","Secondhand Private Cars","13","Bronze","Number","246"
"TEA26","New and Secondhand Vehicles","2014","2014","021","Secondhand Private Cars","14","Gold","Number","145"
"TEA26","New and Secondhand Vehicles","2014","2014","021","Secondhand Private Cars","15","Silver","Number","12445"
"TEA26","New and Secondhand Vehicles","2014","2014","021","Secondhand Private Cars","16","Navy","Number","12"
"TEA26","New and Secondhand Vehicles","2014","2014","021","Secondhand Private Cars","17","Multi-coloured","Number","21"
"TEA26","New and Secondhand Vehicles","2014","2014","021","Secondhand Private Cars","18","Other","Number","0"
"TEA26","New and Secondhand Vehicles","2014","2014","022","Secondhand Goods Vehicles","-","All colours","Number","9074"
"TEA26","New and Secondhand Vehicles","2014","2014","022","Secondhand Goods Vehicles","01","Black","Number","482"
"TEA26","New and Secondhand Vehicles","2014","2014","022","Secondhand Goods Vehicles","02","Grey","Number","231"
"TEA26","New and Secondhand Vehicles","2014","2014","022","Secondhand Goods Vehicles","03","White","Number","6097"
"TEA26","New and Secondhand Vehicles","2014","2014","022","Secondhand Goods Vehicles","04","Beige","Number","8"
"TEA26","New and Secondhand Vehicles","2014","2014","022","Secondhand Goods Vehicles","05","Brown","Number","4"
"TEA26","New and Secondhand Vehicles","2014","2014","022","Secondhand Goods Vehicles","06","Orange","Number","50"
"TEA26","New and Secondhand Vehicles","2014","2014","022","Secondhand Goods Vehicles","07","Yellow","Number","110"
"TEA26","New and Secondhand Vehicles","2014","2014","022","Secondhand Goods Vehicles","08","Green","Number","147"
"TEA26","New and Secondhand Vehicles","2014","2014","022","Secondhand Goods Vehicles","09","Blue","Number","573"
"TEA26","New and Secondhand Vehicles","2014","2014","022","Secondhand Goods Vehicles","10","Purple","Number","8"
"TEA26","New and Secondhand Vehicles","2014","2014","022","Secondhand Goods Vehicles","11","Pink","Number","0"
"TEA26","New and Secondhand Vehicles","2014","2014","022","Secondhand Goods Vehicles","12","Red","Number","517"
"TEA26","New and Secondhand Vehicles","2014","2014","022","Secondhand Goods Vehicles","13","Bronze","Number","1"
"TEA26","New and Secondhand Vehicles","2014","2014","022","Secondhand Goods Vehicles","14","Gold","Number","4"
"TEA26","New and Secondhand Vehicles","2014","2014","022","Secondhand Goods Vehicles","15","Silver","Number","691"
"TEA26","New and Secondhand Vehicles","2014","2014","022","Secondhand Goods Vehicles","16","Navy","Number","0"
"TEA26","New and Secondhand Vehicles","2014","2014","022","Secondhand Goods Vehicles","17","Multi-coloured","Number","151"
"TEA26","New and Secondhand Vehicles","2014","2014","022","Secondhand Goods Vehicles","18","Other","Number","0"
"TEA26","New and Secondhand Vehicles","2014","2014","023","Secondhand Tractors","-","All colours","Number","2357"
"TEA26","New and Secondhand Vehicles","2014","2014","023","Secondhand Tractors","01","Black","Number","6"
"TEA26","New and Secondhand Vehicles","2014","2014","023","Secondhand Tractors","02","Grey","Number","1"
"TEA26","New and Secondhand Vehicles","2014","2014","023","Secondhand Tractors","03","White","Number","25"
"TEA26","New and Secondhand Vehicles","2014","2014","023","Secondhand Tractors","04","Beige","Number","0"
"TEA26","New and Secondhand Vehicles","2014","2014","023","Secondhand Tractors","05","Brown","Number","43"
"TEA26","New and Secondhand Vehicles","2014","2014","023","Secondhand Tractors","06","Orange","Number","64"
"TEA26","New and Secondhand Vehicles","2014","2014","023","Secondhand Tractors","07","Yellow","Number","59"
"TEA26","New and Secondhand Vehicles","2014","2014","023","Secondhand Tractors","08","Green","Number","378"
"TEA26","New and Secondhand Vehicles","2014","2014","023","Secondhand Tractors","09","Blue","Number","809"
"TEA26","New and Secondhand Vehicles","2014","2014","023","Secondhand Tractors","10","Purple","Number","0"
"TEA26","New and Secondhand Vehicles","2014","2014","023","Secondhand Tractors","11","Pink","Number","0"
"TEA26","New and Secondhand Vehicles","2014","2014","023","Secondhand Tractors","12","Red","Number","829"
"TEA26","New and Secondhand Vehicles","2014","2014","023","Secondhand Tractors","13","Bronze","Number","0"
"TEA26","New and Secondhand Vehicles","2014","2014","023","Secondhand Tractors","14","Gold","Number","1"
"TEA26","New and Secondhand Vehicles","2014","2014","023","Secondhand Tractors","15","Silver","Number","9"
"TEA26","New and Secondhand Vehicles","2014","2014","023","Secondhand Tractors","16","Navy","Number","0"
"TEA26","New and Secondhand Vehicles","2014","2014","023","Secondhand Tractors","17","Multi-coloured","Number","130"
"TEA26","New and Secondhand Vehicles","2014","2014","023","Secondhand Tractors","18","Other","Number","3"
"TEA26","New and Secondhand Vehicles","2014","2014","024","Secondhand Other Vehicles","-","All colours","Number","4319"
"TEA26","New and Secondhand Vehicles","2014","2014","024","Secondhand Other Vehicles","01","Black","Number","404"
"TEA26","New and Secondhand Vehicles","2014","2014","024","Secondhand Other Vehicles","02","Grey","Number","281"
"TEA26","New and Secondhand Vehicles","2014","2014","024","Secondhand Other Vehicles","03","White","Number","961"
"TEA26","New and Secondhand Vehicles","2014","2014","024","Secondhand Other Vehicles","04","Beige","Number","60"
"TEA26","New and Secondhand Vehicles","2014","2014","024","Secondhand Other Vehicles","05","Brown","Number","45"
"TEA26","New and Secondhand Vehicles","2014","2014","024","Secondhand Other Vehicles","06","Orange","Number","52"
"TEA26","New and Secondhand Vehicles","2014","2014","024","Secondhand Other Vehicles","07","Yellow","Number","431"
"TEA26","New and Secondhand Vehicles","2014","2014","024","Secondhand Other Vehicles","08","Green","Number","263"
"TEA26","New and Secondhand Vehicles","2014","2014","024","Secondhand Other Vehicles","09","Blue","Number","570"
"TEA26","New and Secondhand Vehicles","2014","2014","024","Secondhand Other Vehicles","10","Purple","Number","11"
"TEA26","New and Secondhand Vehicles","2014","2014","024","Secondhand Other Vehicles","11","Pink","Number","3"
"TEA26","New and Secondhand Vehicles","2014","2014","024","Secondhand Other Vehicles","12","Red","Number","584"
"TEA26","New and Secondhand Vehicles","2014","2014","024","Secondhand Other Vehicles","13","Bronze","Number","11"
"TEA26","New and Secondhand Vehicles","2014","2014","024","Secondhand Other Vehicles","14","Gold","Number","54"
"TEA26","New and Secondhand Vehicles","2014","2014","024","Secondhand Other Vehicles","15","Silver","Number","429"
"TEA26","New and Secondhand Vehicles","2014","2014","024","Secondhand Other Vehicles","16","Navy","Number","1"
"TEA26","New and Secondhand Vehicles","2014","2014","024","Secondhand Other Vehicles","17","Multi-coloured","Number","159"
"TEA26","New and Secondhand Vehicles","2014","2014","024","Secondhand Other Vehicles","18","Other","Number","0"
"TEA26","New and Secondhand Vehicles","2014","2014","025","Secondhand Motor Cycles","-","All colours","Number","1655"
"TEA26","New and Secondhand Vehicles","2014","2014","025","Secondhand Motor Cycles","01","Black","Number","418"
"TEA26","New and Secondhand Vehicles","2014","2014","025","Secondhand Motor Cycles","02","Grey","Number","93"
"TEA26","New and Secondhand Vehicles","2014","2014","025","Secondhand Motor Cycles","03","White","Number","130"
"TEA26","New and Secondhand Vehicles","2014","2014","025","Secondhand Motor Cycles","04","Beige","Number","8"
"TEA26","New and Secondhand Vehicles","2014","2014","025","Secondhand Motor Cycles","05","Brown","Number","1"
"TEA26","New and Secondhand Vehicles","2014","2014","025","Secondhand Motor Cycles","06","Orange","Number","61"
"TEA26","New and Secondhand Vehicles","2014","2014","025","Secondhand Motor Cycles","07","Yellow","Number","51"
"TEA26","New and Secondhand Vehicles","2014","2014","025","Secondhand Motor Cycles","08","Green","Number","73"
"TEA26","New and Secondhand Vehicles","2014","2014","025","Secondhand Motor Cycles","09","Blue","Number","278"
"TEA26","New and Secondhand Vehicles","2014","2014","025","Secondhand Motor Cycles","10","Purple","Number","10"
"TEA26","New and Secondhand Vehicles","2014","2014","025","Secondhand Motor Cycles","11","Pink","Number","2"
"TEA26","New and Secondhand Vehicles","2014","2014","025","Secondhand Motor Cycles","12","Red","Number","271"
"TEA26","New and Secondhand Vehicles","2014","2014","025","Secondhand Motor Cycles","13","Bronze","Number","4"
"TEA26","New and Secondhand Vehicles","2014","2014","025","Secondhand Motor Cycles","14","Gold","Number","10"
"TEA26","New and Secondhand Vehicles","2014","2014","025","Secondhand Motor Cycles","15","Silver","Number","163"
"TEA26","New and Secondhand Vehicles","2014","2014","025","Secondhand Motor Cycles","16","Navy","Number","0"
"TEA26","New and Secondhand Vehicles","2014","2014","025","Secondhand Motor Cycles","17","Multi-coloured","Number","82"
"TEA26","New and Secondhand Vehicles","2014","2014","025","Secondhand Motor Cycles","18","Other","Number","0"
"TEA26","New and Secondhand Vehicles","2014","2014","03","All Private Cars","-","All colours","Number","145224"
"TEA26","New and Secondhand Vehicles","2014","2014","03","All Private Cars","01","Black","Number","33072"
"TEA26","New and Secondhand Vehicles","2014","2014","03","All Private Cars","02","Grey","Number","23991"
"TEA26","New and Secondhand Vehicles","2014","2014","03","All Private Cars","03","White","Number","14105"
"TEA26","New and Secondhand Vehicles","2014","2014","03","All Private Cars","04","Beige","Number","1554"
"TEA26","New and Secondhand Vehicles","2014","2014","03","All Private Cars","05","Brown","Number","4000"
"TEA26","New and Secondhand Vehicles","2014","2014","03","All Private Cars","06","Orange","Number","409"
"TEA26","New and Secondhand Vehicles","2014","2014","03","All Private Cars","07","Yellow","Number","357"
"TEA26","New and Secondhand Vehicles","2014","2014","03","All Private Cars","08","Green","Number","1038"
"TEA26","New and Secondhand Vehicles","2014","2014","03","All Private Cars","09","Blue","Number","17795"
"TEA26","New and Secondhand Vehicles","2014","2014","03","All Private Cars","10","Purple","Number","331"
"TEA26","New and Secondhand Vehicles","2014","2014","03","All Private Cars","11","Pink","Number","10"
"TEA26","New and Secondhand Vehicles","2014","2014","03","All Private Cars","12","Red","Number","13528"
"TEA26","New and Secondhand Vehicles","2014","2014","03","All Private Cars","13","Bronze","Number","2432"
"TEA26","New and Secondhand Vehicles","2014","2014","03","All Private Cars","14","Gold","Number","682"
"TEA26","New and Secondhand Vehicles","2014","2014","03","All Private Cars","15","Silver","Number","31884"
"TEA26","New and Secondhand Vehicles","2014","2014","03","All Private Cars","16","Navy","Number","13"
"TEA26","New and Secondhand Vehicles","2014","2014","03","All Private Cars","17","Multi-coloured","Number","23"
"TEA26","New and Secondhand Vehicles","2014","2014","03","All Private Cars","18","Other","Number","0"
"TEA26","New and Secondhand Vehicles","2014","2014","04","All Goods Vehicles","-","All colours","Number","25328"
"TEA26","New and Secondhand Vehicles","2014","2014","04","All Goods Vehicles","01","Black","Number","1973"
"TEA26","New and Secondhand Vehicles","2014","2014","04","All Goods Vehicles","02","Grey","Number","1034"
"TEA26","New and Secondhand Vehicles","2014","2014","04","All Goods Vehicles","03","White","Number","16400"
"TEA26","New and Secondhand Vehicles","2014","2014","04","All Goods Vehicles","04","Beige","Number","44"
"TEA26","New and Secondhand Vehicles","2014","2014","04","All Goods Vehicles","05","Brown","Number","96"
"TEA26","New and Secondhand Vehicles","2014","2014","04","All Goods Vehicles","06","Orange","Number","79"
"TEA26","New and Secondhand Vehicles","2014","2014","04","All Goods Vehicles","07","Yellow","Number","239"
"TEA26","New and Secondhand Vehicles","2014","2014","04","All Goods Vehicles","08","Green","Number","222"
"TEA26","New and Secondhand Vehicles","2014","2014","04","All Goods Vehicles","09","Blue","Number","1361"
"TEA26","New and Secondhand Vehicles","2014","2014","04","All Goods Vehicles","10","Purple","Number","29"
"TEA26","New and Secondhand Vehicles","2014","2014","04","All Goods Vehicles","11","Pink","Number","0"
"TEA26","New and Secondhand Vehicles","2014","2014","04","All Goods Vehicles","12","Red","Number","1365"
"TEA26","New and Secondhand Vehicles","2014","2014","04","All Goods Vehicles","13","Bronze","Number","18"
"TEA26","New and Secondhand Vehicles","2014","2014","04","All Goods Vehicles","14","Gold","Number","88"
"TEA26","New and Secondhand Vehicles","2014","2014","04","All Goods Vehicles","15","Silver","Number","2227"
"TEA26","New and Secondhand Vehicles","2014","2014","04","All Goods Vehicles","16","Navy","Number","0"
"TEA26","New and Secondhand Vehicles","2014","2014","04","All Goods Vehicles","17","Multi-coloured","Number","153"
"TEA26","New and Secondhand Vehicles","2014","2014","04","All Goods Vehicles","18","Other","Number","0"
"TEA26","New and Secondhand Vehicles","2014","2014","05","All Tractors","-","All colours","Number","4543"
"TEA26","New and Secondhand Vehicles","2014","2014","05","All Tractors","01","Black","Number","24"
"TEA26","New and Secondhand Vehicles","2014","2014","05","All Tractors","02","Grey","Number","2"
"TEA26","New and Secondhand Vehicles","2014","2014","05","All Tractors","03","White","Number","38"
"TEA26","New and Secondhand Vehicles","2014","2014","05","All Tractors","04","Beige","Number","0"
"TEA26","New and Secondhand Vehicles","2014","2014","05","All Tractors","05","Brown","Number","47"
"TEA26","New and Secondhand Vehicles","2014","2014","05","All Tractors","06","Orange","Number","135"
"TEA26","New and Secondhand Vehicles","2014","2014","05","All Tractors","07","Yellow","Number","411"
"TEA26","New and Secondhand Vehicles","2014","2014","05","All Tractors","08","Green","Number","791"
"TEA26","New and Secondhand Vehicles","2014","2014","05","All Tractors","09","Blue","Number","1283"
"TEA26","New and Secondhand Vehicles","2014","2014","05","All Tractors","10","Purple","Number","0"
"TEA26","New and Secondhand Vehicles","2014","2014","05","All Tractors","11","Pink","Number","0"
"TEA26","New and Secondhand Vehicles","2014","2014","05","All Tractors","12","Red","Number","1638"
"TEA26","New and Secondhand Vehicles","2014","2014","05","All Tractors","13","Bronze","Number","0"
"TEA26","New and Secondhand Vehicles","2014","2014","05","All Tractors","14","Gold","Number","1"
"TEA26","New and Secondhand Vehicles","2014","2014","05","All Tractors","15","Silver","Number","20"
"TEA26","New and Secondhand Vehicles","2014","2014","05","All Tractors","16","Navy","Number","0"
"TEA26","New and Secondhand Vehicles","2014","2014","05","All Tractors","17","Multi-coloured","Number","148"
"TEA26","New and Secondhand Vehicles","2014","2014","05","All Tractors","18","Other","Number","5"
"TEA26","New and Secondhand Vehicles","2014","2014","06","All Motor Cycles","-","All colours","Number","2615"
"TEA26","New and Secondhand Vehicles","2014","2014","06","All Motor Cycles","01","Black","Number","708"
"TEA26","New and Secondhand Vehicles","2014","2014","06","All Motor Cycles","02","Grey","Number","174"
"TEA26","New and Secondhand Vehicles","2014","2014","06","All Motor Cycles","03","White","Number","252"
"TEA26","New and Secondhand Vehicles","2014","2014","06","All Motor Cycles","04","Beige","Number","13"
"TEA26","New and Secondhand Vehicles","2014","2014","06","All Motor Cycles","05","Brown","Number","8"
"TEA26","New and Secondhand Vehicles","2014","2014","06","All Motor Cycles","06","Orange","Number","87"
"TEA26","New and Secondhand Vehicles","2014","2014","06","All Motor Cycles","07","Yellow","Number","57"
"TEA26","New and Secondhand Vehicles","2014","2014","06","All Motor Cycles","08","Green","Number","109"
"TEA26","New and Secondhand Vehicles","2014","2014","06","All Motor Cycles","09","Blue","Number","376"
"TEA26","New and Secondhand Vehicles","2014","2014","06","All Motor Cycles","10","Purple","Number","21"
"TEA26","New and Secondhand Vehicles","2014","2014","06","All Motor Cycles","11","Pink","Number","2"
"TEA26","New and Secondhand Vehicles","2014","2014","06","All Motor Cycles","12","Red","Number","459"
"TEA26","New and Secondhand Vehicles","2014","2014","06","All Motor Cycles","13","Bronze","Number","11"
"TEA26","New and Secondhand Vehicles","2014","2014","06","All Motor Cycles","14","Gold","Number","15"
"TEA26","New and Secondhand Vehicles","2014","2014","06","All Motor Cycles","15","Silver","Number","230"
"TEA26","New and Secondhand Vehicles","2014","2014","06","All Motor Cycles","16","Navy","Number","0"
"TEA26","New and Secondhand Vehicles","2014","2014","06","All Motor Cycles","17","Multi-coloured","Number","93"
"TEA26","New and Secondhand Vehicles","2014","2014","06","All Motor Cycles","18","Other","Number","0"
"TEA26","New and Secondhand Vehicles","2014","2014","07","All Other Vehicles","-","All colours","Number","10210"
"TEA26","New and Secondhand Vehicles","2014","2014","07","All Other Vehicles","01","Black","Number","1323"
"TEA26","New and Secondhand Vehicles","2014","2014","07","All Other Vehicles","02","Grey","Number","1020"
"TEA26","New and Secondhand Vehicles","2014","2014","07","All Other Vehicles","03","White","Number","2010"
"TEA26","New and Secondhand Vehicles","2014","2014","07","All Other Vehicles","04","Beige","Number","144"
"TEA26","New and Secondhand Vehicles","2014","2014","07","All Other Vehicles","05","Brown","Number","271"
"TEA26","New and Secondhand Vehicles","2014","2014","07","All Other Vehicles","06","Orange","Number","91"
"TEA26","New and Secondhand Vehicles","2014","2014","07","All Other Vehicles","07","Yellow","Number","820"
"TEA26","New and Secondhand Vehicles","2014","2014","07","All Other Vehicles","08","Green","Number","360"
"TEA26","New and Secondhand Vehicles","2014","2014","07","All Other Vehicles","09","Blue","Number","1097"
"TEA26","New and Secondhand Vehicles","2014","2014","07","All Other Vehicles","10","Purple","Number","28"
"TEA26","New and Secondhand Vehicles","2014","2014","07","All Other Vehicles","11","Pink","Number","3"
"TEA26","New and Secondhand Vehicles","2014","2014","07","All Other Vehicles","12","Red","Number","1087"
"TEA26","New and Secondhand Vehicles","2014","2014","07","All Other Vehicles","13","Bronze","Number","168"
"TEA26","New and Secondhand Vehicles","2014","2014","07","All Other Vehicles","14","Gold","Number","80"
"TEA26","New and Secondhand Vehicles","2014","2014","07","All Other Vehicles","15","Silver","Number","1461"
"TEA26","New and Secondhand Vehicles","2014","2014","07","All Other Vehicles","16","Navy","Number","1"
"TEA26","New and Secondhand Vehicles","2014","2014","07","All Other Vehicles","17","Multi-coloured","Number","244"
"TEA26","New and Secondhand Vehicles","2014","2014","07","All Other Vehicles","18","Other","Number","2"
"TEA26","New and Secondhand Vehicles","2015","2015","011","New Private Cars","-","All colours","Number","121110"
"TEA26","New and Secondhand Vehicles","2015","2015","011","New Private Cars","01","Black","Number","23938"
"TEA26","New and Secondhand Vehicles","2015","2015","011","New Private Cars","02","Grey","Number","21134"
"TEA26","New and Secondhand Vehicles","2015","2015","011","New Private Cars","03","White","Number","15383"
"TEA26","New and Secondhand Vehicles","2015","2015","011","New Private Cars","04","Beige","Number","1851"
"TEA26","New and Secondhand Vehicles","2015","2015","011","New Private Cars","05","Brown","Number","3352"
"TEA26","New and Secondhand Vehicles","2015","2015","011","New Private Cars","06","Orange","Number","283"
"TEA26","New and Secondhand Vehicles","2015","2015","011","New Private Cars","07","Yellow","Number","215"
"TEA26","New and Secondhand Vehicles","2015","2015","011","New Private Cars","08","Green","Number","663"
"TEA26","New and Secondhand Vehicles","2015","2015","011","New Private Cars","09","Blue","Number","13474"
"TEA26","New and Secondhand Vehicles","2015","2015","011","New Private Cars","10","Purple","Number","96"
"TEA26","New and Secondhand Vehicles","2015","2015","011","New Private Cars","11","Pink","Number","0"
"TEA26","New and Secondhand Vehicles","2015","2015","011","New Private Cars","12","Red","Number","13154"
"TEA26","New and Secondhand Vehicles","2015","2015","011","New Private Cars","13","Bronze","Number","3352"
"TEA26","New and Secondhand Vehicles","2015","2015","011","New Private Cars","14","Gold","Number","530"
"TEA26","New and Secondhand Vehicles","2015","2015","011","New Private Cars","15","Silver","Number","23685"
"TEA26","New and Secondhand Vehicles","2015","2015","011","New Private Cars","16","Navy","Number","0"
"TEA26","New and Secondhand Vehicles","2015","2015","011","New Private Cars","17","Multi-coloured","Number","0"
"TEA26","New and Secondhand Vehicles","2015","2015","011","New Private Cars","18","Other","Number","0"
"TEA26","New and Secondhand Vehicles","2015","2015","012","New Goods Vehicles","-","All colours","Number","22939"
"TEA26","New and Secondhand Vehicles","2015","2015","012","New Goods Vehicles","01","Black","Number","2352"
"TEA26","New and Secondhand Vehicles","2015","2015","012","New Goods Vehicles","02","Grey","Number","1757"
"TEA26","New and Secondhand Vehicles","2015","2015","012","New Goods Vehicles","03","White","Number","13242"
"TEA26","New and Secondhand Vehicles","2015","2015","012","New Goods Vehicles","04","Beige","Number","41"
"TEA26","New and Secondhand Vehicles","2015","2015","012","New Goods Vehicles","05","Brown","Number","188"
"TEA26","New and Secondhand Vehicles","2015","2015","012","New Goods Vehicles","06","Orange","Number","25"
"TEA26","New and Secondhand Vehicles","2015","2015","012","New Goods Vehicles","07","Yellow","Number","948"
"TEA26","New and Secondhand Vehicles","2015","2015","012","New Goods Vehicles","08","Green","Number","96"
"TEA26","New and Secondhand Vehicles","2015","2015","012","New Goods Vehicles","09","Blue","Number","1084"
"TEA26","New and Secondhand Vehicles","2015","2015","012","New Goods Vehicles","10","Purple","Number","4"
"TEA26","New and Secondhand Vehicles","2015","2015","012","New Goods Vehicles","11","Pink","Number","0"
"TEA26","New and Secondhand Vehicles","2015","2015","012","New Goods Vehicles","12","Red","Number","1088"
"TEA26","New and Secondhand Vehicles","2015","2015","012","New Goods Vehicles","13","Bronze","Number","31"
"TEA26","New and Secondhand Vehicles","2015","2015","012","New Goods Vehicles","14","Gold","Number","123"
"TEA26","New and Secondhand Vehicles","2015","2015","012","New Goods Vehicles","15","Silver","Number","1957"
"TEA26","New and Secondhand Vehicles","2015","2015","012","New Goods Vehicles","16","Navy","Number","0"
"TEA26","New and Secondhand Vehicles","2015","2015","012","New Goods Vehicles","17","Multi-coloured","Number","3"
"TEA26","New and Secondhand Vehicles","2015","2015","012","New Goods Vehicles","18","Other","Number","0"
"TEA26","New and Secondhand Vehicles","2015","2015","013","New Tractors","-","All colours","Number","1986"
"TEA26","New and Secondhand Vehicles","2015","2015","013","New Tractors","01","Black","Number","13"
"TEA26","New and Secondhand Vehicles","2015","2015","013","New Tractors","02","Grey","Number","1"
"TEA26","New and Secondhand Vehicles","2015","2015","013","New Tractors","03","White","Number","69"
"TEA26","New and Secondhand Vehicles","2015","2015","013","New Tractors","04","Beige","Number","0"
"TEA26","New and Secondhand Vehicles","2015","2015","013","New Tractors","05","Brown","Number","2"
"TEA26","New and Secondhand Vehicles","2015","2015","013","New Tractors","06","Orange","Number","44"
"TEA26","New and Secondhand Vehicles","2015","2015","013","New Tractors","07","Yellow","Number","387"
"TEA26","New and Secondhand Vehicles","2015","2015","013","New Tractors","08","Green","Number","335"
"TEA26","New and Secondhand Vehicles","2015","2015","013","New Tractors","09","Blue","Number","424"
"TEA26","New and Secondhand Vehicles","2015","2015","013","New Tractors","10","Purple","Number","0"
"TEA26","New and Secondhand Vehicles","2015","2015","013","New Tractors","11","Pink","Number","0"
"TEA26","New and Secondhand Vehicles","2015","2015","013","New Tractors","12","Red","Number","691"
"TEA26","New and Secondhand Vehicles","2015","2015","013","New Tractors","13","Bronze","Number","0"
"TEA26","New and Secondhand Vehicles","2015","2015","013","New Tractors","14","Gold","Number","0"
"TEA26","New and Secondhand Vehicles","2015","2015","013","New Tractors","15","Silver","Number","8"
"TEA26","New and Secondhand Vehicles","2015","2015","013","New Tractors","16","Navy","Number","0"
"TEA26","New and Secondhand Vehicles","2015","2015","013","New Tractors","17","Multi-coloured","Number","9"
"TEA26","New and Secondhand Vehicles","2015","2015","013","New Tractors","18","Other","Number","3"
"TEA26","New and Secondhand Vehicles","2015","2015","014","New Motor Cycles","-","All colours","Number","1244"
"TEA26","New and Secondhand Vehicles","2015","2015","014","New Motor Cycles","01","Black","Number","394"
"TEA26","New and Secondhand Vehicles","2015","2015","014","New Motor Cycles","02","Grey","Number","111"
"TEA26","New and Secondhand Vehicles","2015","2015","014","New Motor Cycles","03","White","Number","168"
"TEA26","New and Secondhand Vehicles","2015","2015","014","New Motor Cycles","04","Beige","Number","6"
"TEA26","New and Secondhand Vehicles","2015","2015","014","New Motor Cycles","05","Brown","Number","19"
"TEA26","New and Secondhand Vehicles","2015","2015","014","New Motor Cycles","06","Orange","Number","34"
"TEA26","New and Secondhand Vehicles","2015","2015","014","New Motor Cycles","07","Yellow","Number","10"
"TEA26","New and Secondhand Vehicles","2015","2015","014","New Motor Cycles","08","Green","Number","38"
"TEA26","New and Secondhand Vehicles","2015","2015","014","New Motor Cycles","09","Blue","Number","135"
"TEA26","New and Secondhand Vehicles","2015","2015","014","New Motor Cycles","10","Purple","Number","8"
"TEA26","New and Secondhand Vehicles","2015","2015","014","New Motor Cycles","11","Pink","Number","1"
"TEA26","New and Secondhand Vehicles","2015","2015","014","New Motor Cycles","12","Red","Number","221"
"TEA26","New and Secondhand Vehicles","2015","2015","014","New Motor Cycles","13","Bronze","Number","7"
"TEA26","New and Secondhand Vehicles","2015","2015","014","New Motor Cycles","14","Gold","Number","0"
"TEA26","New and Secondhand Vehicles","2015","2015","014","New Motor Cycles","15","Silver","Number","59"
"TEA26","New and Secondhand Vehicles","2015","2015","014","New Motor Cycles","16","Navy","Number","0"
"TEA26","New and Secondhand Vehicles","2015","2015","014","New Motor Cycles","17","Multi-coloured","Number","33"
"TEA26","New and Secondhand Vehicles","2015","2015","014","New Motor Cycles","18","Other","Number","0"
"TEA26","New and Secondhand Vehicles","2015","2015","01606","New Other Vehicles","-","All colours","Number","6571"
"TEA26","New and Secondhand Vehicles","2015","2015","01606","New Other Vehicles","01","Black","Number","1013"
"TEA26","New and Secondhand Vehicles","2015","2015","01606","New Other Vehicles","02","Grey","Number","875"
"TEA26","New and Secondhand Vehicles","2015","2015","01606","New Other Vehicles","03","White","Number","1314"
"TEA26","New and Secondhand Vehicles","2015","2015","01606","New Other Vehicles","04","Beige","Number","90"
"TEA26","New and Secondhand Vehicles","2015","2015","01606","New Other Vehicles","05","Brown","Number","201"
"TEA26","New and Secondhand Vehicles","2015","2015","01606","New Other Vehicles","06","Orange","Number","24"
"TEA26","New and Secondhand Vehicles","2015","2015","01606","New Other Vehicles","07","Yellow","Number","375"
"TEA26","New and Secondhand Vehicles","2015","2015","01606","New Other Vehicles","08","Green","Number","89"
"TEA26","New and Secondhand Vehicles","2015","2015","01606","New Other Vehicles","09","Blue","Number","592"
"TEA26","New and Secondhand Vehicles","2015","2015","01606","New Other Vehicles","10","Purple","Number","5"
"TEA26","New and Secondhand Vehicles","2015","2015","01606","New Other Vehicles","11","Pink","Number","1"
"TEA26","New and Secondhand Vehicles","2015","2015","01606","New Other Vehicles","12","Red","Number","603"
"TEA26","New and Secondhand Vehicles","2015","2015","01606","New Other Vehicles","13","Bronze","Number","199"
"TEA26","New and Secondhand Vehicles","2015","2015","01606","New Other Vehicles","14","Gold","Number","34"
"TEA26","New and Secondhand Vehicles","2015","2015","01606","New Other Vehicles","15","Silver","Number","1027"
"TEA26","New and Secondhand Vehicles","2015","2015","01606","New Other Vehicles","16","Navy","Number","0"
"TEA26","New and Secondhand Vehicles","2015","2015","01606","New Other Vehicles","17","Multi-coloured","Number","128"
"TEA26","New and Secondhand Vehicles","2015","2015","01606","New Other Vehicles","18","Other","Number","1"
"TEA26","New and Secondhand Vehicles","2015","2015","021","Secondhand Private Cars","-","All colours","Number","47217"
"TEA26","New and Secondhand Vehicles","2015","2015","021","Secondhand Private Cars","01","Black","Number","12259"
"TEA26","New and Secondhand Vehicles","2015","2015","021","Secondhand Private Cars","02","Grey","Number","7203"
"TEA26","New and Secondhand Vehicles","2015","2015","021","Secondhand Private Cars","03","White","Number","4664"
"TEA26","New and Secondhand Vehicles","2015","2015","021","Secondhand Private Cars","04","Beige","Number","298"
"TEA26","New and Secondhand Vehicles","2015","2015","021","Secondhand Private Cars","05","Brown","Number","487"
"TEA26","New and Secondhand Vehicles","2015","2015","021","Secondhand Private Cars","06","Orange","Number","95"
"TEA26","New and Secondhand Vehicles","2015","2015","021","Secondhand Private Cars","07","Yellow","Number","81"
"TEA26","New and Secondhand Vehicles","2015","2015","021","Secondhand Private Cars","08","Green","Number","448"
"TEA26","New and Secondhand Vehicles","2015","2015","021","Secondhand Private Cars","09","Blue","Number","7185"
"TEA26","New and Secondhand Vehicles","2015","2015","021","Secondhand Private Cars","10","Purple","Number","150"
"TEA26","New and Secondhand Vehicles","2015","2015","021","Secondhand Private Cars","11","Pink","Number","26"
"TEA26","New and Secondhand Vehicles","2015","2015","021","Secondhand Private Cars","12","Red","Number","3419"
"TEA26","New and Secondhand Vehicles","2015","2015","021","Secondhand Private Cars","13","Bronze","Number","191"
"TEA26","New and Secondhand Vehicles","2015","2015","021","Secondhand Private Cars","14","Gold","Number","127"
"TEA26","New and Secondhand Vehicles","2015","2015","021","Secondhand Private Cars","15","Silver","Number","10560"
"TEA26","New and Secondhand Vehicles","2015","2015","021","Secondhand Private Cars","16","Navy","Number","9"
"TEA26","New and Secondhand Vehicles","2015","2015","021","Secondhand Private Cars","17","Multi-coloured","Number","15"
"TEA26","New and Secondhand Vehicles","2015","2015","021","Secondhand Private Cars","18","Other","Number","0"
"TEA26","New and Secondhand Vehicles","2015","2015","022","Secondhand Goods Vehicles","-","All colours","Number","8352"
"TEA26","New and Secondhand Vehicles","2015","2015","022","Secondhand Goods Vehicles","01","Black","Number","485"
"TEA26","New and Secondhand Vehicles","2015","2015","022","Secondhand Goods Vehicles","02","Grey","Number","293"
"TEA26","New and Secondhand Vehicles","2015","2015","022","Secondhand Goods Vehicles","03","White","Number","5436"
"TEA26","New and Secondhand Vehicles","2015","2015","022","Secondhand Goods Vehicles","04","Beige","Number","8"
"TEA26","New and Secondhand Vehicles","2015","2015","022","Secondhand Goods Vehicles","05","Brown","Number","8"
"TEA26","New and Secondhand Vehicles","2015","2015","022","Secondhand Goods Vehicles","06","Orange","Number","43"
"TEA26","New and Secondhand Vehicles","2015","2015","022","Secondhand Goods Vehicles","07","Yellow","Number","109"
"TEA26","New and Secondhand Vehicles","2015","2015","022","Secondhand Goods Vehicles","08","Green","Number","130"
"TEA26","New and Secondhand Vehicles","2015","2015","022","Secondhand Goods Vehicles","09","Blue","Number","514"
"TEA26","New and Secondhand Vehicles","2015","2015","022","Secondhand Goods Vehicles","10","Purple","Number","8"
"TEA26","New and Secondhand Vehicles","2015","2015","022","Secondhand Goods Vehicles","11","Pink","Number","0"
"TEA26","New and Secondhand Vehicles","2015","2015","022","Secondhand Goods Vehicles","12","Red","Number","422"
"TEA26","New and Secondhand Vehicles","2015","2015","022","Secondhand Goods Vehicles","13","Bronze","Number","5"
"TEA26","New and Secondhand Vehicles","2015","2015","022","Secondhand Goods Vehicles","14","Gold","Number","9"
"TEA26","New and Secondhand Vehicles","2015","2015","022","Secondhand Goods Vehicles","15","Silver","Number","766"
"TEA26","New and Secondhand Vehicles","2015","2015","022","Secondhand Goods Vehicles","16","Navy","Number","1"
"TEA26","New and Secondhand Vehicles","2015","2015","022","Secondhand Goods Vehicles","17","Multi-coloured","Number","115"
"TEA26","New and Secondhand Vehicles","2015","2015","022","Secondhand Goods Vehicles","18","Other","Number","0"
"TEA26","New and Secondhand Vehicles","2015","2015","023","Secondhand Tractors","-","All colours","Number","1787"
"TEA26","New and Secondhand Vehicles","2015","2015","023","Secondhand Tractors","01","Black","Number","11"
"TEA26","New and Secondhand Vehicles","2015","2015","023","Secondhand Tractors","02","Grey","Number","4"
"TEA26","New and Secondhand Vehicles","2015","2015","023","Secondhand Tractors","03","White","Number","145"
"TEA26","New and Secondhand Vehicles","2015","2015","023","Secondhand Tractors","04","Beige","Number","0"
"TEA26","New and Secondhand Vehicles","2015","2015","023","Secondhand Tractors","05","Brown","Number","29"
"TEA26","New and Secondhand Vehicles","2015","2015","023","Secondhand Tractors","06","Orange","Number","42"
"TEA26","New and Secondhand Vehicles","2015","2015","023","Secondhand Tractors","07","Yellow","Number","44"
"TEA26","New and Secondhand Vehicles","2015","2015","023","Secondhand Tractors","08","Green","Number","251"
"TEA26","New and Secondhand Vehicles","2015","2015","023","Secondhand Tractors","09","Blue","Number","605"
"TEA26","New and Secondhand Vehicles","2015","2015","023","Secondhand Tractors","10","Purple","Number","0"
"TEA26","New and Secondhand Vehicles","2015","2015","023","Secondhand Tractors","11","Pink","Number","0"
"TEA26","New and Secondhand Vehicles","2015","2015","023","Secondhand Tractors","12","Red","Number","545"
"TEA26","New and Secondhand Vehicles","2015","2015","023","Secondhand Tractors","13","Bronze","Number","0"
"TEA26","New and Secondhand Vehicles","2015","2015","023","Secondhand Tractors","14","Gold","Number","2"
"TEA26","New and Secondhand Vehicles","2015","2015","023","Secondhand Tractors","15","Silver","Number","9"
"TEA26","New and Secondhand Vehicles","2015","2015","023","Secondhand Tractors","16","Navy","Number","0"
"TEA26","New and Secondhand Vehicles","2015","2015","023","Secondhand Tractors","17","Multi-coloured","Number","100"
"TEA26","New and Secondhand Vehicles","2015","2015","023","Secondhand Tractors","18","Other","Number","0"
"TEA26","New and Secondhand Vehicles","2015","2015","024","Secondhand Other Vehicles","-","All colours","Number","3731"
"TEA26","New and Secondhand Vehicles","2015","2015","024","Secondhand Other Vehicles","01","Black","Number","356"
"TEA26","New and Secondhand Vehicles","2015","2015","024","Secondhand Other Vehicles","02","Grey","Number","269"
"TEA26","New and Secondhand Vehicles","2015","2015","024","Secondhand Other Vehicles","03","White","Number","846"
"TEA26","New and Secondhand Vehicles","2015","2015","024","Secondhand Other Vehicles","04","Beige","Number","44"
"TEA26","New and Secondhand Vehicles","2015","2015","024","Secondhand Other Vehicles","05","Brown","Number","41"
"TEA26","New and Secondhand Vehicles","2015","2015","024","Secondhand Other Vehicles","06","Orange","Number","38"
"TEA26","New and Secondhand Vehicles","2015","2015","024","Secondhand Other Vehicles","07","Yellow","Number","298"
"TEA26","New and Secondhand Vehicles","2015","2015","024","Secondhand Other Vehicles","08","Green","Number","212"
"TEA26","New and Secondhand Vehicles","2015","2015","024","Secondhand Other Vehicles","09","Blue","Number","525"
"TEA26","New and Secondhand Vehicles","2015","2015","024","Secondhand Other Vehicles","10","Purple","Number","15"
"TEA26","New and Secondhand Vehicles","2015","2015","024","Secondhand Other Vehicles","11","Pink","Number","3"
"TEA26","New and Secondhand Vehicles","2015","2015","024","Secondhand Other Vehicles","12","Red","Number","471"
"TEA26","New and Secondhand Vehicles","2015","2015","024","Secondhand Other Vehicles","13","Bronze","Number","9"
"TEA26","New and Secondhand Vehicles","2015","2015","024","Secondhand Other Vehicles","14","Gold","Number","43"
"TEA26","New and Secondhand Vehicles","2015","2015","024","Secondhand Other Vehicles","15","Silver","Number","407"
"TEA26","New and Secondhand Vehicles","2015","2015","024","Secondhand Other Vehicles","16","Navy","Number","0"
"TEA26","New and Secondhand Vehicles","2015","2015","024","Secondhand Other Vehicles","17","Multi-coloured","Number","152"
"TEA26","New and Secondhand Vehicles","2015","2015","024","Secondhand Other Vehicles","18","Other","Number","2"
"TEA26","New and Secondhand Vehicles","2015","2015","025","Secondhand Motor Cycles","-","All colours","Number","1586"
"TEA26","New and Secondhand Vehicles","2015","2015","025","Secondhand Motor Cycles","01","Black","Number","407"
"TEA26","New and Secondhand Vehicles","2015","2015","025","Secondhand Motor Cycles","02","Grey","Number","83"
"TEA26","New and Secondhand Vehicles","2015","2015","025","Secondhand Motor Cycles","03","White","Number","153"
"TEA26","New and Secondhand Vehicles","2015","2015","025","Secondhand Motor Cycles","04","Beige","Number","5"
"TEA26","New and Secondhand Vehicles","2015","2015","025","Secondhand Motor Cycles","05","Brown","Number","9"
"TEA26","New and Secondhand Vehicles","2015","2015","025","Secondhand Motor Cycles","06","Orange","Number","49"
"TEA26","New and Secondhand Vehicles","2015","2015","025","Secondhand Motor Cycles","07","Yellow","Number","40"
"TEA26","New and Secondhand Vehicles","2015","2015","025","Secondhand Motor Cycles","08","Green","Number","64"
"TEA26","New and Secondhand Vehicles","2015","2015","025","Secondhand Motor Cycles","09","Blue","Number","245"
"TEA26","New and Secondhand Vehicles","2015","2015","025","Secondhand Motor Cycles","10","Purple","Number","5"
"TEA26","New and Secondhand Vehicles","2015","2015","025","Secondhand Motor Cycles","11","Pink","Number","0"
"TEA26","New and Secondhand Vehicles","2015","2015","025","Secondhand Motor Cycles","12","Red","Number","273"
"TEA26","New and Secondhand Vehicles","2015","2015","025","Secondhand Motor Cycles","13","Bronze","Number","1"
"TEA26","New and Secondhand Vehicles","2015","2015","025","Secondhand Motor Cycles","14","Gold","Number","9"
"TEA26","New and Secondhand Vehicles","2015","2015","025","Secondhand Motor Cycles","15","Silver","Number","135"
"TEA26","New and Secondhand Vehicles","2015","2015","025","Secondhand Motor Cycles","16","Navy","Number","1"
"TEA26","New and Secondhand Vehicles","2015","2015","025","Secondhand Motor Cycles","17","Multi-coloured","Number","106"
"TEA26","New and Secondhand Vehicles","2015","2015","025","Secondhand Motor Cycles","18","Other","Number","1"
"TEA26","New and Secondhand Vehicles","2015","2015","03","All Private Cars","-","All colours","Number","168327"
"TEA26","New and Secondhand Vehicles","2015","2015","03","All Private Cars","01","Black","Number","36197"
"TEA26","New and Secondhand Vehicles","2015","2015","03","All Private Cars","02","Grey","Number","28337"
"TEA26","New and Secondhand Vehicles","2015","2015","03","All Private Cars","03","White","Number","20047"
"TEA26","New and Secondhand Vehicles","2015","2015","03","All Private Cars","04","Beige","Number","2149"
"TEA26","New and Secondhand Vehicles","2015","2015","03","All Private Cars","05","Brown","Number","3839"
"TEA26","New and Secondhand Vehicles","2015","2015","03","All Private Cars","06","Orange","Number","378"
"TEA26","New and Secondhand Vehicles","2015","2015","03","All Private Cars","07","Yellow","Number","296"
"TEA26","New and Secondhand Vehicles","2015","2015","03","All Private Cars","08","Green","Number","1111"
"TEA26","New and Secondhand Vehicles","2015","2015","03","All Private Cars","09","Blue","Number","20659"
"TEA26","New and Secondhand Vehicles","2015","2015","03","All Private Cars","10","Purple","Number","246"
"TEA26","New and Secondhand Vehicles","2015","2015","03","All Private Cars","11","Pink","Number","26"
"TEA26","New and Secondhand Vehicles","2015","2015","03","All Private Cars","12","Red","Number","16573"
"TEA26","New and Secondhand Vehicles","2015","2015","03","All Private Cars","13","Bronze","Number","3543"
"TEA26","New and Secondhand Vehicles","2015","2015","03","All Private Cars","14","Gold","Number","657"
"TEA26","New and Secondhand Vehicles","2015","2015","03","All Private Cars","15","Silver","Number","34245"
"TEA26","New and Secondhand Vehicles","2015","2015","03","All Private Cars","16","Navy","Number","9"
"TEA26","New and Secondhand Vehicles","2015","2015","03","All Private Cars","17","Multi-coloured","Number","15"
"TEA26","New and Secondhand Vehicles","2015","2015","03","All Private Cars","18","Other","Number","0"
"TEA26","New and Secondhand Vehicles","2015","2015","04","All Goods Vehicles","-","All colours","Number","31291"
"TEA26","New and Secondhand Vehicles","2015","2015","04","All Goods Vehicles","01","Black","Number","2837"
"TEA26","New and Secondhand Vehicles","2015","2015","04","All Goods Vehicles","02","Grey","Number","2050"
"TEA26","New and Secondhand Vehicles","2015","2015","04","All Goods Vehicles","03","White","Number","18678"
"TEA26","New and Secondhand Vehicles","2015","2015","04","All Goods Vehicles","04","Beige","Number","49"
"TEA26","New and Secondhand Vehicles","2015","2015","04","All Goods Vehicles","05","Brown","Number","196"
"TEA26","New and Secondhand Vehicles","2015","2015","04","All Goods Vehicles","06","Orange","Number","68"
"TEA26","New and Secondhand Vehicles","2015","2015","04","All Goods Vehicles","07","Yellow","Number","1057"
"TEA26","New and Secondhand Vehicles","2015","2015","04","All Goods Vehicles","08","Green","Number","226"
"TEA26","New and Secondhand Vehicles","2015","2015","04","All Goods Vehicles","09","Blue","Number","1598"
"TEA26","New and Secondhand Vehicles","2015","2015","04","All Goods Vehicles","10","Purple","Number","12"
"TEA26","New and Secondhand Vehicles","2015","2015","04","All Goods Vehicles","11","Pink","Number","0"
"TEA26","New and Secondhand Vehicles","2015","2015","04","All Goods Vehicles","12","Red","Number","1510"
"TEA26","New and Secondhand Vehicles","2015","2015","04","All Goods Vehicles","13","Bronze","Number","36"
"TEA26","New and Secondhand Vehicles","2015","2015","04","All Goods Vehicles","14","Gold","Number","132"
"TEA26","New and Secondhand Vehicles","2015","2015","04","All Goods Vehicles","15","Silver","Number","2723"
"TEA26","New and Secondhand Vehicles","2015","2015","04","All Goods Vehicles","16","Navy","Number","1"
"TEA26","New and Secondhand Vehicles","2015","2015","04","All Goods Vehicles","17","Multi-coloured","Number","118"
"TEA26","New and Secondhand Vehicles","2015","2015","04","All Goods Vehicles","18","Other","Number","0"
"TEA26","New and Secondhand Vehicles","2015","2015","05","All Tractors","-","All colours","Number","3773"
"TEA26","New and Secondhand Vehicles","2015","2015","05","All Tractors","01","Black","Number","24"
"TEA26","New and Secondhand Vehicles","2015","2015","05","All Tractors","02","Grey","Number","5"
"TEA26","New and Secondhand Vehicles","2015","2015","05","All Tractors","03","White","Number","214"
"TEA26","New and Secondhand Vehicles","2015","2015","05","All Tractors","04","Beige","Number","0"
"TEA26","New and Secondhand Vehicles","2015","2015","05","All Tractors","05","Brown","Number","31"
"TEA26","New and Secondhand Vehicles","2015","2015","05","All Tractors","06","Orange","Number","86"
"TEA26","New and Secondhand Vehicles","2015","2015","05","All Tractors","07","Yellow","Number","431"
"TEA26","New and Secondhand Vehicles","2015","2015","05","All Tractors","08","Green","Number","586"
"TEA26","New and Secondhand Vehicles","2015","2015","05","All Tractors","09","Blue","Number","1029"
"TEA26","New and Secondhand Vehicles","2015","2015","05","All Tractors","10","Purple","Number","0"
"TEA26","New and Secondhand Vehicles","2015","2015","05","All Tractors","11","Pink","Number","0"
"TEA26","New and Secondhand Vehicles","2015","2015","05","All Tractors","12","Red","Number","1236"
"TEA26","New and Secondhand Vehicles","2015","2015","05","All Tractors","13","Bronze","Number","0"
"TEA26","New and Secondhand Vehicles","2015","2015","05","All Tractors","14","Gold","Number","2"
"TEA26","New and Secondhand Vehicles","2015","2015","05","All Tractors","15","Silver","Number","17"
"TEA26","New and Secondhand Vehicles","2015","2015","05","All Tractors","16","Navy","Number","0"
"TEA26","New and Secondhand Vehicles","2015","2015","05","All Tractors","17","Multi-coloured","Number","109"
"TEA26","New and Secondhand Vehicles","2015","2015","05","All Tractors","18","Other","Number","3"
"TEA26","New and Secondhand Vehicles","2015","2015","06","All Motor Cycles","-","All colours","Number","2830"
"TEA26","New and Secondhand Vehicles","2015","2015","06","All Motor Cycles","01","Black","Number","801"
"TEA26","New and Secondhand Vehicles","2015","2015","06","All Motor Cycles","02","Grey","Number","194"
"TEA26","New and Secondhand Vehicles","2015","2015","06","All Motor Cycles","03","White","Number","321"
"TEA26","New and Secondhand Vehicles","2015","2015","06","All Motor Cycles","04","Beige","Number","11"
"TEA26","New and Secondhand Vehicles","2015","2015","06","All Motor Cycles","05","Brown","Number","28"
"TEA26","New and Secondhand Vehicles","2015","2015","06","All Motor Cycles","06","Orange","Number","83"
"TEA26","New and Secondhand Vehicles","2015","2015","06","All Motor Cycles","07","Yellow","Number","50"
"TEA26","New and Secondhand Vehicles","2015","2015","06","All Motor Cycles","08","Green","Number","102"
"TEA26","New and Secondhand Vehicles","2015","2015","06","All Motor Cycles","09","Blue","Number","380"
"TEA26","New and Secondhand Vehicles","2015","2015","06","All Motor Cycles","10","Purple","Number","13"
"TEA26","New and Secondhand Vehicles","2015","2015","06","All Motor Cycles","11","Pink","Number","1"
"TEA26","New and Secondhand Vehicles","2015","2015","06","All Motor Cycles","12","Red","Number","494"
"TEA26","New and Secondhand Vehicles","2015","2015","06","All Motor Cycles","13","Bronze","Number","8"
"TEA26","New and Secondhand Vehicles","2015","2015","06","All Motor Cycles","14","Gold","Number","9"
"TEA26","New and Secondhand Vehicles","2015","2015","06","All Motor Cycles","15","Silver","Number","194"
"TEA26","New and Secondhand Vehicles","2015","2015","06","All Motor Cycles","16","Navy","Number","1"
"TEA26","New and Secondhand Vehicles","2015","2015","06","All Motor Cycles","17","Multi-coloured","Number","139"
"TEA26","New and Secondhand Vehicles","2015","2015","06","All Motor Cycles","18","Other","Number","1"
"TEA26","New and Secondhand Vehicles","2015","2015","07","All Other Vehicles","-","All colours","Number","10302"
"TEA26","New and Secondhand Vehicles","2015","2015","07","All Other Vehicles","01","Black","Number","1369"
"TEA26","New and Secondhand Vehicles","2015","2015","07","All Other Vehicles","02","Grey","Number","1144"
"TEA26","New and Secondhand Vehicles","2015","2015","07","All Other Vehicles","03","White","Number","2160"
"TEA26","New and Secondhand Vehicles","2015","2015","07","All Other Vehicles","04","Beige","Number","134"
"TEA26","New and Secondhand Vehicles","2015","2015","07","All Other Vehicles","05","Brown","Number","242"
"TEA26","New and Secondhand Vehicles","2015","2015","07","All Other Vehicles","06","Orange","Number","62"
"TEA26","New and Secondhand Vehicles","2015","2015","07","All Other Vehicles","07","Yellow","Number","673"
"TEA26","New and Secondhand Vehicles","2015","2015","07","All Other Vehicles","08","Green","Number","301"
"TEA26","New and Secondhand Vehicles","2015","2015","07","All Other Vehicles","09","Blue","Number","1117"
"TEA26","New and Secondhand Vehicles","2015","2015","07","All Other Vehicles","10","Purple","Number","20"
"TEA26","New and Secondhand Vehicles","2015","2015","07","All Other Vehicles","11","Pink","Number","4"
"TEA26","New and Secondhand Vehicles","2015","2015","07","All Other Vehicles","12","Red","Number","1074"
"TEA26","New and Secondhand Vehicles","2015","2015","07","All Other Vehicles","13","Bronze","Number","208"
"TEA26","New and Secondhand Vehicles","2015","2015","07","All Other Vehicles","14","Gold","Number","77"
"TEA26","New and Secondhand Vehicles","2015","2015","07","All Other Vehicles","15","Silver","Number","1434"
"TEA26","New and Secondhand Vehicles","2015","2015","07","All Other Vehicles","16","Navy","Number","0"
"TEA26","New and Secondhand Vehicles","2015","2015","07","All Other Vehicles","17","Multi-coloured","Number","280"
"TEA26","New and Secondhand Vehicles","2015","2015","07","All Other Vehicles","18","Other","Number","3"
"TEA26","New and Secondhand Vehicles","2016","2016","011","New Private Cars","-","All colours","Number","141931"
"TEA26","New and Secondhand Vehicles","2016","2016","011","New Private Cars","01","Black","Number","27313"
"TEA26","New and Secondhand Vehicles","2016","2016","011","New Private Cars","02","Grey","Number","29426"
"TEA26","New and Secondhand Vehicles","2016","2016","011","New Private Cars","03","White","Number","21115"
"TEA26","New and Secondhand Vehicles","2016","2016","011","New Private Cars","04","Beige","Number","1181"
"TEA26","New and Secondhand Vehicles","2016","2016","011","New Private Cars","05","Brown","Number","2500"
"TEA26","New and Secondhand Vehicles","2016","2016","011","New Private Cars","06","Orange","Number","333"
"TEA26","New and Secondhand Vehicles","2016","2016","011","New Private Cars","07","Yellow","Number","179"
"TEA26","New and Secondhand Vehicles","2016","2016","011","New Private Cars","08","Green","Number","881"
"TEA26","New and Secondhand Vehicles","2016","2016","011","New Private Cars","09","Blue","Number","16528"
"TEA26","New and Secondhand Vehicles","2016","2016","011","New Private Cars","10","Purple","Number","67"
"TEA26","New and Secondhand Vehicles","2016","2016","011","New Private Cars","11","Pink","Number","0"
"TEA26","New and Secondhand Vehicles","2016","2016","011","New Private Cars","12","Red","Number","16764"
"TEA26","New and Secondhand Vehicles","2016","2016","011","New Private Cars","13","Bronze","Number","2815"
"TEA26","New and Secondhand Vehicles","2016","2016","011","New Private Cars","14","Gold","Number","550"
"TEA26","New and Secondhand Vehicles","2016","2016","011","New Private Cars","15","Silver","Number","22278"
"TEA26","New and Secondhand Vehicles","2016","2016","011","New Private Cars","16","Navy","Number","0"
"TEA26","New and Secondhand Vehicles","2016","2016","011","New Private Cars","17","Multi-coloured","Number","1"
"TEA26","New and Secondhand Vehicles","2016","2016","011","New Private Cars","18","Other","Number","0"
"TEA26","New and Secondhand Vehicles","2016","2016","012","New Goods Vehicles","-","All colours","Number","28051"
"TEA26","New and Secondhand Vehicles","2016","2016","012","New Goods Vehicles","01","Black","Number","2996"
"TEA26","New and Secondhand Vehicles","2016","2016","012","New Goods Vehicles","02","Grey","Number","2764"
"TEA26","New and Secondhand Vehicles","2016","2016","012","New Goods Vehicles","03","White","Number","16496"
"TEA26","New and Secondhand Vehicles","2016","2016","012","New Goods Vehicles","04","Beige","Number","36"
"TEA26","New and Secondhand Vehicles","2016","2016","012","New Goods Vehicles","05","Brown","Number","279"
"TEA26","New and Secondhand Vehicles","2016","2016","012","New Goods Vehicles","06","Orange","Number","40"
"TEA26","New and Secondhand Vehicles","2016","2016","012","New Goods Vehicles","07","Yellow","Number","166"
"TEA26","New and Secondhand Vehicles","2016","2016","012","New Goods Vehicles","08","Green","Number","153"
"TEA26","New and Secondhand Vehicles","2016","2016","012","New Goods Vehicles","09","Blue","Number","1512"
"TEA26","New and Secondhand Vehicles","2016","2016","012","New Goods Vehicles","10","Purple","Number","2"
"TEA26","New and Secondhand Vehicles","2016","2016","012","New Goods Vehicles","11","Pink","Number","0"
"TEA26","New and Secondhand Vehicles","2016","2016","012","New Goods Vehicles","12","Red","Number","1519"
"TEA26","New and Secondhand Vehicles","2016","2016","012","New Goods Vehicles","13","Bronze","Number","43"
"TEA26","New and Secondhand Vehicles","2016","2016","012","New Goods Vehicles","14","Gold","Number","94"
"TEA26","New and Secondhand Vehicles","2016","2016","012","New Goods Vehicles","15","Silver","Number","1949"
"TEA26","New and Secondhand Vehicles","2016","2016","012","New Goods Vehicles","16","Navy","Number","0"
"TEA26","New and Secondhand Vehicles","2016","2016","012","New Goods Vehicles","17","Multi-coloured","Number","2"
"TEA26","New and Secondhand Vehicles","2016","2016","012","New Goods Vehicles","18","Other","Number","0"
"TEA26","New and Secondhand Vehicles","2016","2016","013","New Tractors","-","All colours","Number","1934"
"TEA26","New and Secondhand Vehicles","2016","2016","013","New Tractors","01","Black","Number","26"
"TEA26","New and Secondhand Vehicles","2016","2016","013","New Tractors","02","Grey","Number","0"
"TEA26","New and Secondhand Vehicles","2016","2016","013","New Tractors","03","White","Number","17"
"TEA26","New and Secondhand Vehicles","2016","2016","013","New Tractors","04","Beige","Number","0"
"TEA26","New and Secondhand Vehicles","2016","2016","013","New Tractors","05","Brown","Number","4"
"TEA26","New and Secondhand Vehicles","2016","2016","013","New Tractors","06","Orange","Number","48"
"TEA26","New and Secondhand Vehicles","2016","2016","013","New Tractors","07","Yellow","Number","351"
"TEA26","New and Secondhand Vehicles","2016","2016","013","New Tractors","08","Green","Number","339"
"TEA26","New and Secondhand Vehicles","2016","2016","013","New Tractors","09","Blue","Number","428"
"TEA26","New and Secondhand Vehicles","2016","2016","013","New Tractors","10","Purple","Number","0"
"TEA26","New and Secondhand Vehicles","2016","2016","013","New Tractors","11","Pink","Number","0"
"TEA26","New and Secondhand Vehicles","2016","2016","013","New Tractors","12","Red","Number","714"
"TEA26","New and Secondhand Vehicles","2016","2016","013","New Tractors","13","Bronze","Number","0"
"TEA26","New and Secondhand Vehicles","2016","2016","013","New Tractors","14","Gold","Number","1"
"TEA26","New and Secondhand Vehicles","2016","2016","013","New Tractors","15","Silver","Number","3"
"TEA26","New and Secondhand Vehicles","2016","2016","013","New Tractors","16","Navy","Number","0"
"TEA26","New and Secondhand Vehicles","2016","2016","013","New Tractors","17","Multi-coloured","Number","2"
"TEA26","New and Secondhand Vehicles","2016","2016","013","New Tractors","18","Other","Number","1"
"TEA26","New and Secondhand Vehicles","2016","2016","014","New Motor Cycles","-","All colours","Number","1546"
"TEA26","New and Secondhand Vehicles","2016","2016","014","New Motor Cycles","01","Black","Number","468"
"TEA26","New and Secondhand Vehicles","2016","2016","014","New Motor Cycles","02","Grey","Number","145"
"TEA26","New and Secondhand Vehicles","2016","2016","014","New Motor Cycles","03","White","Number","226"
"TEA26","New and Secondhand Vehicles","2016","2016","014","New Motor Cycles","04","Beige","Number","4"
"TEA26","New and Secondhand Vehicles","2016","2016","014","New Motor Cycles","05","Brown","Number","32"
"TEA26","New and Secondhand Vehicles","2016","2016","014","New Motor Cycles","06","Orange","Number","22"
"TEA26","New and Secondhand Vehicles","2016","2016","014","New Motor Cycles","07","Yellow","Number","23"
"TEA26","New and Secondhand Vehicles","2016","2016","014","New Motor Cycles","08","Green","Number","32"
"TEA26","New and Secondhand Vehicles","2016","2016","014","New Motor Cycles","09","Blue","Number","142"
"TEA26","New and Secondhand Vehicles","2016","2016","014","New Motor Cycles","10","Purple","Number","5"
"TEA26","New and Secondhand Vehicles","2016","2016","014","New Motor Cycles","11","Pink","Number","1"
"TEA26","New and Secondhand Vehicles","2016","2016","014","New Motor Cycles","12","Red","Number","313"
"TEA26","New and Secondhand Vehicles","2016","2016","014","New Motor Cycles","13","Bronze","Number","15"
"TEA26","New and Secondhand Vehicles","2016","2016","014","New Motor Cycles","14","Gold","Number","1"
"TEA26","New and Secondhand Vehicles","2016","2016","014","New Motor Cycles","15","Silver","Number","85"
"TEA26","New and Secondhand Vehicles","2016","2016","014","New Motor Cycles","16","Navy","Number","0"
"TEA26","New and Secondhand Vehicles","2016","2016","014","New Motor Cycles","17","Multi-coloured","Number","32"
"TEA26","New and Secondhand Vehicles","2016","2016","014","New Motor Cycles","18","Other","Number","0"
"TEA26","New and Secondhand Vehicles","2016","2016","01606","New Other Vehicles","-","All colours","Number","7831"
"TEA26","New and Secondhand Vehicles","2016","2016","01606","New Other Vehicles","01","Black","Number","1187"
"TEA26","New and Secondhand Vehicles","2016","2016","01606","New Other Vehicles","02","Grey","Number","1425"
"TEA26","New and Secondhand Vehicles","2016","2016","01606","New Other Vehicles","03","White","Number","1618"
"TEA26","New and Secondhand Vehicles","2016","2016","01606","New Other Vehicles","04","Beige","Number","78"
"TEA26","New and Secondhand Vehicles","2016","2016","01606","New Other Vehicles","05","Brown","Number","146"
"TEA26","New and Secondhand Vehicles","2016","2016","01606","New Other Vehicles","06","Orange","Number","20"
"TEA26","New and Secondhand Vehicles","2016","2016","01606","New Other Vehicles","07","Yellow","Number","476"
"TEA26","New and Secondhand Vehicles","2016","2016","01606","New Other Vehicles","08","Green","Number","102"
"TEA26","New and Secondhand Vehicles","2016","2016","01606","New Other Vehicles","09","Blue","Number","699"
"TEA26","New and Secondhand Vehicles","2016","2016","01606","New Other Vehicles","10","Purple","Number","3"
"TEA26","New and Secondhand Vehicles","2016","2016","01606","New Other Vehicles","11","Pink","Number","0"
"TEA26","New and Secondhand Vehicles","2016","2016","01606","New Other Vehicles","12","Red","Number","782"
"TEA26","New and Secondhand Vehicles","2016","2016","01606","New Other Vehicles","13","Bronze","Number","162"
"TEA26","New and Secondhand Vehicles","2016","2016","01606","New Other Vehicles","14","Gold","Number","26"
"TEA26","New and Secondhand Vehicles","2016","2016","01606","New Other Vehicles","15","Silver","Number","983"
"TEA26","New and Secondhand Vehicles","2016","2016","01606","New Other Vehicles","16","Navy","Number","0"
"TEA26","New and Secondhand Vehicles","2016","2016","01606","New Other Vehicles","17","Multi-coloured","Number","124"
"TEA26","New and Secondhand Vehicles","2016","2016","01606","New Other Vehicles","18","Other","Number","0"
"TEA26","New and Secondhand Vehicles","2016","2016","021","Secondhand Private Cars","-","All colours","Number","70138"
"TEA26","New and Secondhand Vehicles","2016","2016","021","Secondhand Private Cars","01","Black","Number","17939"
"TEA26","New and Secondhand Vehicles","2016","2016","021","Secondhand Private Cars","02","Grey","Number","11259"
"TEA26","New and Secondhand Vehicles","2016","2016","021","Secondhand Private Cars","03","White","Number","9068"
"TEA26","New and Secondhand Vehicles","2016","2016","021","Secondhand Private Cars","04","Beige","Number","339"
"TEA26","New and Secondhand Vehicles","2016","2016","021","Secondhand Private Cars","05","Brown","Number","743"
"TEA26","New and Secondhand Vehicles","2016","2016","021","Secondhand Private Cars","06","Orange","Number","140"
"TEA26","New and Secondhand Vehicles","2016","2016","021","Secondhand Private Cars","07","Yellow","Number","98"
"TEA26","New and Secondhand Vehicles","2016","2016","021","Secondhand Private Cars","08","Green","Number","479"
"TEA26","New and Secondhand Vehicles","2016","2016","021","Secondhand Private Cars","09","Blue","Number","9673"
"TEA26","New and Secondhand Vehicles","2016","2016","021","Secondhand Private Cars","10","Purple","Number","190"
"TEA26","New and Secondhand Vehicles","2016","2016","021","Secondhand Private Cars","11","Pink","Number","30"
"TEA26","New and Secondhand Vehicles","2016","2016","021","Secondhand Private Cars","12","Red","Number","5477"
"TEA26","New and Secondhand Vehicles","2016","2016","021","Secondhand Private Cars","13","Bronze","Number","210"
"TEA26","New and Secondhand Vehicles","2016","2016","021","Secondhand Private Cars","14","Gold","Number","145"
"TEA26","New and Secondhand Vehicles","2016","2016","021","Secondhand Private Cars","15","Silver","Number","14295"
"TEA26","New and Secondhand Vehicles","2016","2016","021","Secondhand Private Cars","16","Navy","Number","16"
"TEA26","New and Secondhand Vehicles","2016","2016","021","Secondhand Private Cars","17","Multi-coloured","Number","37"
"TEA26","New and Secondhand Vehicles","2016","2016","021","Secondhand Private Cars","18","Other","Number","0"
"TEA26","New and Secondhand Vehicles","2016","2016","022","Secondhand Goods Vehicles","-","All colours","Number","10925"
"TEA26","New and Secondhand Vehicles","2016","2016","022","Secondhand Goods Vehicles","01","Black","Number","850"
"TEA26","New and Secondhand Vehicles","2016","2016","022","Secondhand Goods Vehicles","02","Grey","Number","489"
"TEA26","New and Secondhand Vehicles","2016","2016","022","Secondhand Goods Vehicles","03","White","Number","6698"
"TEA26","New and Secondhand Vehicles","2016","2016","022","Secondhand Goods Vehicles","04","Beige","Number","9"
"TEA26","New and Secondhand Vehicles","2016","2016","022","Secondhand Goods Vehicles","05","Brown","Number","12"
"TEA26","New and Secondhand Vehicles","2016","2016","022","Secondhand Goods Vehicles","06","Orange","Number","46"
"TEA26","New and Secondhand Vehicles","2016","2016","022","Secondhand Goods Vehicles","07","Yellow","Number","143"
"TEA26","New and Secondhand Vehicles","2016","2016","022","Secondhand Goods Vehicles","08","Green","Number","156"
"TEA26","New and Secondhand Vehicles","2016","2016","022","Secondhand Goods Vehicles","09","Blue","Number","724"
"TEA26","New and Secondhand Vehicles","2016","2016","022","Secondhand Goods Vehicles","10","Purple","Number","12"
"TEA26","New and Secondhand Vehicles","2016","2016","022","Secondhand Goods Vehicles","11","Pink","Number","4"
"TEA26","New and Secondhand Vehicles","2016","2016","022","Secondhand Goods Vehicles","12","Red","Number","516"
"TEA26","New and Secondhand Vehicles","2016","2016","022","Secondhand Goods Vehicles","13","Bronze","Number","4"
"TEA26","New and Secondhand Vehicles","2016","2016","022","Secondhand Goods Vehicles","14","Gold","Number","8"
"TEA26","New and Secondhand Vehicles","2016","2016","022","Secondhand Goods Vehicles","15","Silver","Number","1077"
"TEA26","New and Secondhand Vehicles","2016","2016","022","Secondhand Goods Vehicles","16","Navy","Number","2"
"TEA26","New and Secondhand Vehicles","2016","2016","022","Secondhand Goods Vehicles","17","Multi-coloured","Number","175"
"TEA26","New and Secondhand Vehicles","2016","2016","022","Secondhand Goods Vehicles","18","Other","Number","0"
"TEA26","New and Secondhand Vehicles","2016","2016","023","Secondhand Tractors","-","All colours","Number","1908"
"TEA26","New and Secondhand Vehicles","2016","2016","023","Secondhand Tractors","01","Black","Number","6"
"TEA26","New and Secondhand Vehicles","2016","2016","023","Secondhand Tractors","02","Grey","Number","1"
"TEA26","New and Secondhand Vehicles","2016","2016","023","Secondhand Tractors","03","White","Number","16"
"TEA26","New and Secondhand Vehicles","2016","2016","023","Secondhand Tractors","04","Beige","Number","0"
"TEA26","New and Secondhand Vehicles","2016","2016","023","Secondhand Tractors","05","Brown","Number","31"
"TEA26","New and Secondhand Vehicles","2016","2016","023","Secondhand Tractors","06","Orange","Number","36"
"TEA26","New and Secondhand Vehicles","2016","2016","023","Secondhand Tractors","07","Yellow","Number","44"
"TEA26","New and Secondhand Vehicles","2016","2016","023","Secondhand Tractors","08","Green","Number","337"
"TEA26","New and Secondhand Vehicles","2016","2016","023","Secondhand Tractors","09","Blue","Number","700"
"TEA26","New and Secondhand Vehicles","2016","2016","023","Secondhand Tractors","10","Purple","Number","0"
"TEA26","New and Secondhand Vehicles","2016","2016","023","Secondhand Tractors","11","Pink","Number","0"
"TEA26","New and Secondhand Vehicles","2016","2016","023","Secondhand Tractors","12","Red","Number","646"
"TEA26","New and Secondhand Vehicles","2016","2016","023","Secondhand Tractors","13","Bronze","Number","0"
"TEA26","New and Secondhand Vehicles","2016","2016","023","Secondhand Tractors","14","Gold","Number","1"
"TEA26","New and Secondhand Vehicles","2016","2016","023","Secondhand Tractors","15","Silver","Number","12"
"TEA26","New and Secondhand Vehicles","2016","2016","023","Secondhand Tractors","16","Navy","Number","0"
"TEA26","New and Secondhand Vehicles","2016","2016","023","Secondhand Tractors","17","Multi-coloured","Number","78"
"TEA26","New and Secondhand Vehicles","2016","2016","023","Secondhand Tractors","18","Other","Number","0"
"TEA26","New and Secondhand Vehicles","2016","2016","024","Secondhand Other Vehicles","-","All colours","Number","4428"
"TEA26","New and Secondhand Vehicles","2016","2016","024","Secondhand Other Vehicles","01","Black","Number","415"
"TEA26","New and Secondhand Vehicles","2016","2016","024","Secondhand Other Vehicles","02","Grey","Number","366"
"TEA26","New and Secondhand Vehicles","2016","2016","024","Secondhand Other Vehicles","03","White","Number","1173"
"TEA26","New and Secondhand Vehicles","2016","2016","024","Secondhand Other Vehicles","04","Beige","Number","51"
"TEA26","New and Secondhand Vehicles","2016","2016","024","Secondhand Other Vehicles","05","Brown","Number","51"
"TEA26","New and Secondhand Vehicles","2016","2016","024","Secondhand Other Vehicles","06","Orange","Number","39"
"TEA26","New and Secondhand Vehicles","2016","2016","024","Secondhand Other Vehicles","07","Yellow","Number","316"
"TEA26","New and Secondhand Vehicles","2016","2016","024","Secondhand Other Vehicles","08","Green","Number","221"
"TEA26","New and Secondhand Vehicles","2016","2016","024","Secondhand Other Vehicles","09","Blue","Number","567"
"TEA26","New and Secondhand Vehicles","2016","2016","024","Secondhand Other Vehicles","10","Purple","Number","18"
"TEA26","New and Secondhand Vehicles","2016","2016","024","Secondhand Other Vehicles","11","Pink","Number","1"
"TEA26","New and Secondhand Vehicles","2016","2016","024","Secondhand Other Vehicles","12","Red","Number","499"
"TEA26","New and Secondhand Vehicles","2016","2016","024","Secondhand Other Vehicles","13","Bronze","Number","20"
"TEA26","New and Secondhand Vehicles","2016","2016","024","Secondhand Other Vehicles","14","Gold","Number","50"
"TEA26","New and Secondhand Vehicles","2016","2016","024","Secondhand Other Vehicles","15","Silver","Number","500"
"TEA26","New and Secondhand Vehicles","2016","2016","024","Secondhand Other Vehicles","16","Navy","Number","2"
"TEA26","New and Secondhand Vehicles","2016","2016","024","Secondhand Other Vehicles","17","Multi-coloured","Number","137"
"TEA26","New and Secondhand Vehicles","2016","2016","024","Secondhand Other Vehicles","18","Other","Number","2"
"TEA26","New and Secondhand Vehicles","2016","2016","025","Secondhand Motor Cycles","-","All colours","Number","2204"
"TEA26","New and Secondhand Vehicles","2016","2016","025","Secondhand Motor Cycles","01","Black","Number","555"
"TEA26","New and Secondhand Vehicles","2016","2016","025","Secondhand Motor Cycles","02","Grey","Number","128"
"TEA26","New and Secondhand Vehicles","2016","2016","025","Secondhand Motor Cycles","03","White","Number","219"
"TEA26","New and Secondhand Vehicles","2016","2016","025","Secondhand Motor Cycles","04","Beige","Number","8"
"TEA26","New and Secondhand Vehicles","2016","2016","025","Secondhand Motor Cycles","05","Brown","Number","6"
"TEA26","New and Secondhand Vehicles","2016","2016","025","Secondhand Motor Cycles","06","Orange","Number","67"
"TEA26","New and Secondhand Vehicles","2016","2016","025","Secondhand Motor Cycles","07","Yellow","Number","48"
"TEA26","New and Secondhand Vehicles","2016","2016","025","Secondhand Motor Cycles","08","Green","Number","106"
"TEA26","New and Secondhand Vehicles","2016","2016","025","Secondhand Motor Cycles","09","Blue","Number","338"
"TEA26","New and Secondhand Vehicles","2016","2016","025","Secondhand Motor Cycles","10","Purple","Number","9"
"TEA26","New and Secondhand Vehicles","2016","2016","025","Secondhand Motor Cycles","11","Pink","Number","0"
"TEA26","New and Secondhand Vehicles","2016","2016","025","Secondhand Motor Cycles","12","Red","Number","390"
"TEA26","New and Secondhand Vehicles","2016","2016","025","Secondhand Motor Cycles","13","Bronze","Number","3"
"TEA26","New and Secondhand Vehicles","2016","2016","025","Secondhand Motor Cycles","14","Gold","Number","8"
"TEA26","New and Secondhand Vehicles","2016","2016","025","Secondhand Motor Cycles","15","Silver","Number","181"
"TEA26","New and Secondhand Vehicles","2016","2016","025","Secondhand Motor Cycles","16","Navy","Number","0"
"TEA26","New and Secondhand Vehicles","2016","2016","025","Secondhand Motor Cycles","17","Multi-coloured","Number","138"
"TEA26","New and Secondhand Vehicles","2016","2016","025","Secondhand Motor Cycles","18","Other","Number","0"
"TEA26","New and Secondhand Vehicles","2016","2016","03","All Private Cars","-","All colours","Number","212069"
"TEA26","New and Secondhand Vehicles","2016","2016","03","All Private Cars","01","Black","Number","45252"
"TEA26","New and Secondhand Vehicles","2016","2016","03","All Private Cars","02","Grey","Number","40685"
"TEA26","New and Secondhand Vehicles","2016","2016","03","All Private Cars","03","White","Number","30183"
"TEA26","New and Secondhand Vehicles","2016","2016","03","All Private Cars","04","Beige","Number","1520"
"TEA26","New and Secondhand Vehicles","2016","2016","03","All Private Cars","05","Brown","Number","3243"
"TEA26","New and Secondhand Vehicles","2016","2016","03","All Private Cars","06","Orange","Number","473"
"TEA26","New and Secondhand Vehicles","2016","2016","03","All Private Cars","07","Yellow","Number","277"
"TEA26","New and Secondhand Vehicles","2016","2016","03","All Private Cars","08","Green","Number","1360"
"TEA26","New and Secondhand Vehicles","2016","2016","03","All Private Cars","09","Blue","Number","26201"
"TEA26","New and Secondhand Vehicles","2016","2016","03","All Private Cars","10","Purple","Number","257"
"TEA26","New and Secondhand Vehicles","2016","2016","03","All Private Cars","11","Pink","Number","30"
"TEA26","New and Secondhand Vehicles","2016","2016","03","All Private Cars","12","Red","Number","22241"
"TEA26","New and Secondhand Vehicles","2016","2016","03","All Private Cars","13","Bronze","Number","3025"
"TEA26","New and Secondhand Vehicles","2016","2016","03","All Private Cars","14","Gold","Number","695"
"TEA26","New and Secondhand Vehicles","2016","2016","03","All Private Cars","15","Silver","Number","36573"
"TEA26","New and Secondhand Vehicles","2016","2016","03","All Private Cars","16","Navy","Number","16"
"TEA26","New and Secondhand Vehicles","2016","2016","03","All Private Cars","17","Multi-coloured","Number","38"
"TEA26","New and Secondhand Vehicles","2016","2016","03","All Private Cars","18","Other","Number","0"
"TEA26","New and Secondhand Vehicles","2016","2016","04","All Goods Vehicles","-","All colours","Number","38976"
"TEA26","New and Secondhand Vehicles","2016","2016","04","All Goods Vehicles","01","Black","Number","3846"
"TEA26","New and Secondhand Vehicles","2016","2016","04","All Goods Vehicles","02","Grey","Number","3253"
"TEA26","New and Secondhand Vehicles","2016","2016","04","All Goods Vehicles","03","White","Number","23194"
"TEA26","New and Secondhand Vehicles","2016","2016","04","All Goods Vehicles","04","Beige","Number","45"
"TEA26","New and Secondhand Vehicles","2016","2016","04","All Goods Vehicles","05","Brown","Number","291"
"TEA26","New and Secondhand Vehicles","2016","2016","04","All Goods Vehicles","06","Orange","Number","86"
"TEA26","New and Secondhand Vehicles","2016","2016","04","All Goods Vehicles","07","Yellow","Number","309"
"TEA26","New and Secondhand Vehicles","2016","2016","04","All Goods Vehicles","08","Green","Number","309"
"TEA26","New and Secondhand Vehicles","2016","2016","04","All Goods Vehicles","09","Blue","Number","2236"
"TEA26","New and Secondhand Vehicles","2016","2016","04","All Goods Vehicles","10","Purple","Number","14"
"TEA26","New and Secondhand Vehicles","2016","2016","04","All Goods Vehicles","11","Pink","Number","4"
"TEA26","New and Secondhand Vehicles","2016","2016","04","All Goods Vehicles","12","Red","Number","2035"
"TEA26","New and Secondhand Vehicles","2016","2016","04","All Goods Vehicles","13","Bronze","Number","47"
"TEA26","New and Secondhand Vehicles","2016","2016","04","All Goods Vehicles","14","Gold","Number","102"
"TEA26","New and Secondhand Vehicles","2016","2016","04","All Goods Vehicles","15","Silver","Number","3026"
"TEA26","New and Secondhand Vehicles","2016","2016","04","All Goods Vehicles","16","Navy","Number","2"
"TEA26","New and Secondhand Vehicles","2016","2016","04","All Goods Vehicles","17","Multi-coloured","Number","177"
"TEA26","New and Secondhand Vehicles","2016","2016","04","All Goods Vehicles","18","Other","Number","0"
"TEA26","New and Secondhand Vehicles","2016","2016","05","All Tractors","-","All colours","Number","3842"
"TEA26","New and Secondhand Vehicles","2016","2016","05","All Tractors","01","Black","Number","32"
"TEA26","New and Secondhand Vehicles","2016","2016","05","All Tractors","02","Grey","Number","1"
"TEA26","New and Secondhand Vehicles","2016","2016","05","All Tractors","03","White","Number","33"
"TEA26","New and Secondhand Vehicles","2016","2016","05","All Tractors","04","Beige","Number","0"
"TEA26","New and Secondhand Vehicles","2016","2016","05","All Tractors","05","Brown","Number","35"
"TEA26","New and Secondhand Vehicles","2016","2016","05","All Tractors","06","Orange","Number","84"
"TEA26","New and Secondhand Vehicles","2016","2016","05","All Tractors","07","Yellow","Number","395"
"TEA26","New and Secondhand Vehicles","2016","2016","05","All Tractors","08","Green","Number","676"
"TEA26","New and Secondhand Vehicles","2016","2016","05","All Tractors","09","Blue","Number","1128"
"TEA26","New and Secondhand Vehicles","2016","2016","05","All Tractors","10","Purple","Number","0"
"TEA26","New and Secondhand Vehicles","2016","2016","05","All Tractors","11","Pink","Number","0"
"TEA26","New and Secondhand Vehicles","2016","2016","05","All Tractors","12","Red","Number","1360"
"TEA26","New and Secondhand Vehicles","2016","2016","05","All Tractors","13","Bronze","Number","0"
"TEA26","New and Secondhand Vehicles","2016","2016","05","All Tractors","14","Gold","Number","2"
"TEA26","New and Secondhand Vehicles","2016","2016","05","All Tractors","15","Silver","Number","15"
"TEA26","New and Secondhand Vehicles","2016","2016","05","All Tractors","16","Navy","Number","0"
"TEA26","New and Secondhand Vehicles","2016","2016","05","All Tractors","17","Multi-coloured","Number","80"
"TEA26","New and Secondhand Vehicles","2016","2016","05","All Tractors","18","Other","Number","1"
"TEA26","New and Secondhand Vehicles","2016","2016","06","All Motor Cycles","-","All colours","Number","3750"
"TEA26","New and Secondhand Vehicles","2016","2016","06","All Motor Cycles","01","Black","Number","1023"
"TEA26","New and Secondhand Vehicles","2016","2016","06","All Motor Cycles","02","Grey","Number","273"
"TEA26","New and Secondhand Vehicles","2016","2016","06","All Motor Cycles","03","White","Number","445"
"TEA26","New and Secondhand Vehicles","2016","2016","06","All Motor Cycles","04","Beige","Number","12"
"TEA26","New and Secondhand Vehicles","2016","2016","06","All Motor Cycles","05","Brown","Number","38"
"TEA26","New and Secondhand Vehicles","2016","2016","06","All Motor Cycles","06","Orange","Number","89"
"TEA26","New and Secondhand Vehicles","2016","2016","06","All Motor Cycles","07","Yellow","Number","71"
"TEA26","New and Secondhand Vehicles","2016","2016","06","All Motor Cycles","08","Green","Number","138"
"TEA26","New and Secondhand Vehicles","2016","2016","06","All Motor Cycles","09","Blue","Number","480"
"TEA26","New and Secondhand Vehicles","2016","2016","06","All Motor Cycles","10","Purple","Number","14"
"TEA26","New and Secondhand Vehicles","2016","2016","06","All Motor Cycles","11","Pink","Number","1"
"TEA26","New and Secondhand Vehicles","2016","2016","06","All Motor Cycles","12","Red","Number","703"
"TEA26","New and Secondhand Vehicles","2016","2016","06","All Motor Cycles","13","Bronze","Number","18"
"TEA26","New and Secondhand Vehicles","2016","2016","06","All Motor Cycles","14","Gold","Number","9"
"TEA26","New and Secondhand Vehicles","2016","2016","06","All Motor Cycles","15","Silver","Number","266"
"TEA26","New and Secondhand Vehicles","2016","2016","06","All Motor Cycles","16","Navy","Number","0"
"TEA26","New and Secondhand Vehicles","2016","2016","06","All Motor Cycles","17","Multi-coloured","Number","170"
"TEA26","New and Secondhand Vehicles","2016","2016","06","All Motor Cycles","18","Other","Number","0"
"TEA26","New and Secondhand Vehicles","2016","2016","07","All Other Vehicles","-","All colours","Number","12259"
"TEA26","New and Secondhand Vehicles","2016","2016","07","All Other Vehicles","01","Black","Number","1602"
"TEA26","New and Secondhand Vehicles","2016","2016","07","All Other Vehicles","02","Grey","Number","1791"
"TEA26","New and Secondhand Vehicles","2016","2016","07","All Other Vehicles","03","White","Number","2791"
"TEA26","New and Secondhand Vehicles","2016","2016","07","All Other Vehicles","04","Beige","Number","129"
"TEA26","New and Secondhand Vehicles","2016","2016","07","All Other Vehicles","05","Brown","Number","197"
"TEA26","New and Secondhand Vehicles","2016","2016","07","All Other Vehicles","06","Orange","Number","59"
"TEA26","New and Secondhand Vehicles","2016","2016","07","All Other Vehicles","07","Yellow","Number","792"
"TEA26","New and Secondhand Vehicles","2016","2016","07","All Other Vehicles","08","Green","Number","323"
"TEA26","New and Secondhand Vehicles","2016","2016","07","All Other Vehicles","09","Blue","Number","1266"
"TEA26","New and Secondhand Vehicles","2016","2016","07","All Other Vehicles","10","Purple","Number","21"
"TEA26","New and Secondhand Vehicles","2016","2016","07","All Other Vehicles","11","Pink","Number","1"
"TEA26","New and Secondhand Vehicles","2016","2016","07","All Other Vehicles","12","Red","Number","1281"
"TEA26","New and Secondhand Vehicles","2016","2016","07","All Other Vehicles","13","Bronze","Number","182"
"TEA26","New and Secondhand Vehicles","2016","2016","07","All Other Vehicles","14","Gold","Number","76"
"TEA26","New and Secondhand Vehicles","2016","2016","07","All Other Vehicles","15","Silver","Number","1483"
"TEA26","New and Secondhand Vehicles","2016","2016","07","All Other Vehicles","16","Navy","Number","2"
"TEA26","New and Secondhand Vehicles","2016","2016","07","All Other Vehicles","17","Multi-coloured","Number","261"
"TEA26","New and Secondhand Vehicles","2016","2016","07","All Other Vehicles","18","Other","Number","2"
"TEA26","New and Secondhand Vehicles","2017","2017","011","New Private Cars","-","All colours","Number","127045"
"TEA26","New and Secondhand Vehicles","2017","2017","011","New Private Cars","01","Black","Number","24262"
"TEA26","New and Secondhand Vehicles","2017","2017","011","New Private Cars","02","Grey","Number","47280"
"TEA26","New and Secondhand Vehicles","2017","2017","011","New Private Cars","03","White","Number","19443"
"TEA26","New and Secondhand Vehicles","2017","2017","011","New Private Cars","04","Beige","Number","51"
"TEA26","New and Secondhand Vehicles","2017","2017","011","New Private Cars","05","Brown","Number","3219"
"TEA26","New and Secondhand Vehicles","2017","2017","011","New Private Cars","06","Orange","Number","215"
"TEA26","New and Secondhand Vehicles","2017","2017","011","New Private Cars","07","Yellow","Number","957"
"TEA26","New and Secondhand Vehicles","2017","2017","011","New Private Cars","08","Green","Number","777"
"TEA26","New and Secondhand Vehicles","2017","2017","011","New Private Cars","09","Blue","Number","15815"
"TEA26","New and Secondhand Vehicles","2017","2017","011","New Private Cars","10","Purple","Number","191"
"TEA26","New and Secondhand Vehicles","2017","2017","011","New Private Cars","11","Pink","Number","0"
"TEA26","New and Secondhand Vehicles","2017","2017","011","New Private Cars","12","Red","Number","14554"
"TEA26","New and Secondhand Vehicles","2017","2017","011","New Private Cars","13","Bronze","Number","15"
"TEA26","New and Secondhand Vehicles","2017","2017","011","New Private Cars","14","Gold","Number","7"
"TEA26","New and Secondhand Vehicles","2017","2017","011","New Private Cars","15","Silver","Number","257"
"TEA26","New and Secondhand Vehicles","2017","2017","011","New Private Cars","16","Navy","Number","1"
"TEA26","New and Secondhand Vehicles","2017","2017","011","New Private Cars","17","Multi-coloured","Number","1"
"TEA26","New and Secondhand Vehicles","2017","2017","011","New Private Cars","18","Other","Number","0"
"TEA26","New and Secondhand Vehicles","2017","2017","012","New Goods Vehicles","-","All colours","Number","24101"
"TEA26","New and Secondhand Vehicles","2017","2017","012","New Goods Vehicles","01","Black","Number","2270"
"TEA26","New and Secondhand Vehicles","2017","2017","012","New Goods Vehicles","02","Grey","Number","4150"
"TEA26","New and Secondhand Vehicles","2017","2017","012","New Goods Vehicles","03","White","Number","14424"
"TEA26","New and Secondhand Vehicles","2017","2017","012","New Goods Vehicles","04","Beige","Number","22"
"TEA26","New and Secondhand Vehicles","2017","2017","012","New Goods Vehicles","05","Brown","Number","272"
"TEA26","New and Secondhand Vehicles","2017","2017","012","New Goods Vehicles","06","Orange","Number","67"
"TEA26","New and Secondhand Vehicles","2017","2017","012","New Goods Vehicles","07","Yellow","Number","169"
"TEA26","New and Secondhand Vehicles","2017","2017","012","New Goods Vehicles","08","Green","Number","97"
"TEA26","New and Secondhand Vehicles","2017","2017","012","New Goods Vehicles","09","Blue","Number","1248"
"TEA26","New and Secondhand Vehicles","2017","2017","012","New Goods Vehicles","10","Purple","Number","17"
"TEA26","New and Secondhand Vehicles","2017","2017","012","New Goods Vehicles","11","Pink","Number","0"
"TEA26","New and Secondhand Vehicles","2017","2017","012","New Goods Vehicles","12","Red","Number","1284"
"TEA26","New and Secondhand Vehicles","2017","2017","012","New Goods Vehicles","13","Bronze","Number","0"
"TEA26","New and Secondhand Vehicles","2017","2017","012","New Goods Vehicles","14","Gold","Number","3"
"TEA26","New and Secondhand Vehicles","2017","2017","012","New Goods Vehicles","15","Silver","Number","78"
"TEA26","New and Secondhand Vehicles","2017","2017","012","New Goods Vehicles","16","Navy","Number","0"
"TEA26","New and Secondhand Vehicles","2017","2017","012","New Goods Vehicles","17","Multi-coloured","Number","0"
"TEA26","New and Secondhand Vehicles","2017","2017","012","New Goods Vehicles","18","Other","Number","0"
"TEA26","New and Secondhand Vehicles","2017","2017","013","New Tractors","-","All colours","Number","1810"
"TEA26","New and Secondhand Vehicles","2017","2017","013","New Tractors","01","Black","Number","23"
"TEA26","New and Secondhand Vehicles","2017","2017","013","New Tractors","02","Grey","Number","7"
"TEA26","New and Secondhand Vehicles","2017","2017","013","New Tractors","03","White","Number","9"
"TEA26","New and Secondhand Vehicles","2017","2017","013","New Tractors","04","Beige","Number","1"
"TEA26","New and Secondhand Vehicles","2017","2017","013","New Tractors","05","Brown","Number","1"
"TEA26","New and Secondhand Vehicles","2017","2017","013","New Tractors","06","Orange","Number","52"
"TEA26","New and Secondhand Vehicles","2017","2017","013","New Tractors","07","Yellow","Number","32"
"TEA26","New and Secondhand Vehicles","2017","2017","013","New Tractors","08","Green","Number","599"
"TEA26","New and Secondhand Vehicles","2017","2017","013","New Tractors","09","Blue","Number","382"
"TEA26","New and Secondhand Vehicles","2017","2017","013","New Tractors","10","Purple","Number","0"
"TEA26","New and Secondhand Vehicles","2017","2017","013","New Tractors","11","Pink","Number","0"
"TEA26","New and Secondhand Vehicles","2017","2017","013","New Tractors","12","Red","Number","692"
"TEA26","New and Secondhand Vehicles","2017","2017","013","New Tractors","13","Bronze","Number","1"
"TEA26","New and Secondhand Vehicles","2017","2017","013","New Tractors","14","Gold","Number","0"
"TEA26","New and Secondhand Vehicles","2017","2017","013","New Tractors","15","Silver","Number","3"
"TEA26","New and Secondhand Vehicles","2017","2017","013","New Tractors","16","Navy","Number","0"
"TEA26","New and Secondhand Vehicles","2017","2017","013","New Tractors","17","Multi-coloured","Number","7"
"TEA26","New and Secondhand Vehicles","2017","2017","013","New Tractors","18","Other","Number","1"
"TEA26","New and Secondhand Vehicles","2017","2017","014","New Motor Cycles","-","All colours","Number","1431"
"TEA26","New and Secondhand Vehicles","2017","2017","014","New Motor Cycles","01","Black","Number","457"
"TEA26","New and Secondhand Vehicles","2017","2017","014","New Motor Cycles","02","Grey","Number","149"
"TEA26","New and Secondhand Vehicles","2017","2017","014","New Motor Cycles","03","White","Number","229"
"TEA26","New and Secondhand Vehicles","2017","2017","014","New Motor Cycles","04","Beige","Number","3"
"TEA26","New and Secondhand Vehicles","2017","2017","014","New Motor Cycles","05","Brown","Number","21"
"TEA26","New and Secondhand Vehicles","2017","2017","014","New Motor Cycles","06","Orange","Number","28"
"TEA26","New and Secondhand Vehicles","2017","2017","014","New Motor Cycles","07","Yellow","Number","16"
"TEA26","New and Secondhand Vehicles","2017","2017","014","New Motor Cycles","08","Green","Number","43"
"TEA26","New and Secondhand Vehicles","2017","2017","014","New Motor Cycles","09","Blue","Number","143"
"TEA26","New and Secondhand Vehicles","2017","2017","014","New Motor Cycles","10","Purple","Number","2"
"TEA26","New and Secondhand Vehicles","2017","2017","014","New Motor Cycles","11","Pink","Number","0"
"TEA26","New and Secondhand Vehicles","2017","2017","014","New Motor Cycles","12","Red","Number","250"
"TEA26","New and Secondhand Vehicles","2017","2017","014","New Motor Cycles","13","Bronze","Number","4"
"TEA26","New and Secondhand Vehicles","2017","2017","014","New Motor Cycles","14","Gold","Number","1"
"TEA26","New and Secondhand Vehicles","2017","2017","014","New Motor Cycles","15","Silver","Number","65"
"TEA26","New and Secondhand Vehicles","2017","2017","014","New Motor Cycles","16","Navy","Number","0"
"TEA26","New and Secondhand Vehicles","2017","2017","014","New Motor Cycles","17","Multi-coloured","Number","20"
"TEA26","New and Secondhand Vehicles","2017","2017","014","New Motor Cycles","18","Other","Number","0"
"TEA26","New and Secondhand Vehicles","2017","2017","01606","New Other Vehicles","-","All colours","Number","7453"
"TEA26","New and Secondhand Vehicles","2017","2017","01606","New Other Vehicles","01","Black","Number","1040"
"TEA26","New and Secondhand Vehicles","2017","2017","01606","New Other Vehicles","02","Grey","Number","2418"
"TEA26","New and Secondhand Vehicles","2017","2017","01606","New Other Vehicles","03","White","Number","1497"
"TEA26","New and Secondhand Vehicles","2017","2017","01606","New Other Vehicles","04","Beige","Number","4"
"TEA26","New and Secondhand Vehicles","2017","2017","01606","New Other Vehicles","05","Brown","Number","231"
"TEA26","New and Secondhand Vehicles","2017","2017","01606","New Other Vehicles","06","Orange","Number","27"
"TEA26","New and Secondhand Vehicles","2017","2017","01606","New Other Vehicles","07","Yellow","Number","488"
"TEA26","New and Secondhand Vehicles","2017","2017","01606","New Other Vehicles","08","Green","Number","84"
"TEA26","New and Secondhand Vehicles","2017","2017","01606","New Other Vehicles","09","Blue","Number","728"
"TEA26","New and Secondhand Vehicles","2017","2017","01606","New Other Vehicles","10","Purple","Number","20"
"TEA26","New and Secondhand Vehicles","2017","2017","01606","New Other Vehicles","11","Pink","Number","0"
"TEA26","New and Secondhand Vehicles","2017","2017","01606","New Other Vehicles","12","Red","Number","777"
"TEA26","New and Secondhand Vehicles","2017","2017","01606","New Other Vehicles","13","Bronze","Number","0"
"TEA26","New and Secondhand Vehicles","2017","2017","01606","New Other Vehicles","14","Gold","Number","4"
"TEA26","New and Secondhand Vehicles","2017","2017","01606","New Other Vehicles","15","Silver","Number","30"
"TEA26","New and Secondhand Vehicles","2017","2017","01606","New Other Vehicles","16","Navy","Number","0"
"TEA26","New and Secondhand Vehicles","2017","2017","01606","New Other Vehicles","17","Multi-coloured","Number","105"
"TEA26","New and Secondhand Vehicles","2017","2017","01606","New Other Vehicles","18","Other","Number","0"
"TEA26","New and Secondhand Vehicles","2017","2017","021","Secondhand Private Cars","-","All colours","Number","92508"
"TEA26","New and Secondhand Vehicles","2017","2017","021","Secondhand Private Cars","01","Black","Number","23456"
"TEA26","New and Secondhand Vehicles","2017","2017","021","Secondhand Private Cars","02","Grey","Number","14971"
"TEA26","New and Secondhand Vehicles","2017","2017","021","Secondhand Private Cars","03","White","Number","14374"
"TEA26","New and Secondhand Vehicles","2017","2017","021","Secondhand Private Cars","04","Beige","Number","445"
"TEA26","New and Secondhand Vehicles","2017","2017","021","Secondhand Private Cars","05","Brown","Number","911"
"TEA26","New and Secondhand Vehicles","2017","2017","021","Secondhand Private Cars","06","Orange","Number","150"
"TEA26","New and Secondhand Vehicles","2017","2017","021","Secondhand Private Cars","07","Yellow","Number","93"
"TEA26","New and Secondhand Vehicles","2017","2017","021","Secondhand Private Cars","08","Green","Number","517"
"TEA26","New and Secondhand Vehicles","2017","2017","021","Secondhand Private Cars","09","Blue","Number","12494"
"TEA26","New and Secondhand Vehicles","2017","2017","021","Secondhand Private Cars","10","Purple","Number","173"
"TEA26","New and Secondhand Vehicles","2017","2017","021","Secondhand Private Cars","11","Pink","Number","20"
"TEA26","New and Secondhand Vehicles","2017","2017","021","Secondhand Private Cars","12","Red","Number","7478"
"TEA26","New and Secondhand Vehicles","2017","2017","021","Secondhand Private Cars","13","Bronze","Number","293"
"TEA26","New and Secondhand Vehicles","2017","2017","021","Secondhand Private Cars","14","Gold","Number","126"
"TEA26","New and Secondhand Vehicles","2017","2017","021","Secondhand Private Cars","15","Silver","Number","16915"
"TEA26","New and Secondhand Vehicles","2017","2017","021","Secondhand Private Cars","16","Navy","Number","17"
"TEA26","New and Secondhand Vehicles","2017","2017","021","Secondhand Private Cars","17","Multi-coloured","Number","75"
"TEA26","New and Secondhand Vehicles","2017","2017","021","Secondhand Private Cars","18","Other","Number","0"
"TEA26","New and Secondhand Vehicles","2017","2017","022","Secondhand Goods Vehicles","-","All colours","Number","14168"
"TEA26","New and Secondhand Vehicles","2017","2017","022","Secondhand Goods Vehicles","01","Black","Number","1145"
"TEA26","New and Secondhand Vehicles","2017","2017","022","Secondhand Goods Vehicles","02","Grey","Number","772"
"TEA26","New and Secondhand Vehicles","2017","2017","022","Secondhand Goods Vehicles","03","White","Number","8697"
"TEA26","New and Secondhand Vehicles","2017","2017","022","Secondhand Goods Vehicles","04","Beige","Number","13"
"TEA26","New and Secondhand Vehicles","2017","2017","022","Secondhand Goods Vehicles","05","Brown","Number","24"
"TEA26","New and Secondhand Vehicles","2017","2017","022","Secondhand Goods Vehicles","06","Orange","Number","79"
"TEA26","New and Secondhand Vehicles","2017","2017","022","Secondhand Goods Vehicles","07","Yellow","Number","198"
"TEA26","New and Secondhand Vehicles","2017","2017","022","Secondhand Goods Vehicles","08","Green","Number","161"
"TEA26","New and Secondhand Vehicles","2017","2017","022","Secondhand Goods Vehicles","09","Blue","Number","857"
"TEA26","New and Secondhand Vehicles","2017","2017","022","Secondhand Goods Vehicles","10","Purple","Number","9"
"TEA26","New and Secondhand Vehicles","2017","2017","022","Secondhand Goods Vehicles","11","Pink","Number","0"
"TEA26","New and Secondhand Vehicles","2017","2017","022","Secondhand Goods Vehicles","12","Red","Number","664"
"TEA26","New and Secondhand Vehicles","2017","2017","022","Secondhand Goods Vehicles","13","Bronze","Number","9"
"TEA26","New and Secondhand Vehicles","2017","2017","022","Secondhand Goods Vehicles","14","Gold","Number","11"
"TEA26","New and Secondhand Vehicles","2017","2017","022","Secondhand Goods Vehicles","15","Silver","Number","1397"
"TEA26","New and Secondhand Vehicles","2017","2017","022","Secondhand Goods Vehicles","16","Navy","Number","2"
"TEA26","New and Secondhand Vehicles","2017","2017","022","Secondhand Goods Vehicles","17","Multi-coloured","Number","130"
"TEA26","New and Secondhand Vehicles","2017","2017","022","Secondhand Goods Vehicles","18","Other","Number","0"
"TEA26","New and Secondhand Vehicles","2017","2017","023","Secondhand Tractors","-","All colours","Number","2453"
"TEA26","New and Secondhand Vehicles","2017","2017","023","Secondhand Tractors","01","Black","Number","13"
"TEA26","New and Secondhand Vehicles","2017","2017","023","Secondhand Tractors","02","Grey","Number","4"
"TEA26","New and Secondhand Vehicles","2017","2017","023","Secondhand Tractors","03","White","Number","18"
"TEA26","New and Secondhand Vehicles","2017","2017","023","Secondhand Tractors","04","Beige","Number","1"
"TEA26","New and Secondhand Vehicles","2017","2017","023","Secondhand Tractors","05","Brown","Number","31"
"TEA26","New and Secondhand Vehicles","2017","2017","023","Secondhand Tractors","06","Orange","Number","33"
"TEA26","New and Secondhand Vehicles","2017","2017","023","Secondhand Tractors","07","Yellow","Number","87"
"TEA26","New and Secondhand Vehicles","2017","2017","023","Secondhand Tractors","08","Green","Number","474"
"TEA26","New and Secondhand Vehicles","2017","2017","023","Secondhand Tractors","09","Blue","Number","948"
"TEA26","New and Secondhand Vehicles","2017","2017","023","Secondhand Tractors","10","Purple","Number","0"
"TEA26","New and Secondhand Vehicles","2017","2017","023","Secondhand Tractors","11","Pink","Number","0"
"TEA26","New and Secondhand Vehicles","2017","2017","023","Secondhand Tractors","12","Red","Number","739"
"TEA26","New and Secondhand Vehicles","2017","2017","023","Secondhand Tractors","13","Bronze","Number","1"
"TEA26","New and Secondhand Vehicles","2017","2017","023","Secondhand Tractors","14","Gold","Number","0"
"TEA26","New and Secondhand Vehicles","2017","2017","023","Secondhand Tractors","15","Silver","Number","13"
"TEA26","New and Secondhand Vehicles","2017","2017","023","Secondhand Tractors","16","Navy","Number","0"
"TEA26","New and Secondhand Vehicles","2017","2017","023","Secondhand Tractors","17","Multi-coloured","Number","91"
"TEA26","New and Secondhand Vehicles","2017","2017","023","Secondhand Tractors","18","Other","Number","0"
"TEA26","New and Secondhand Vehicles","2017","2017","024","Secondhand Other Vehicles","-","All colours","Number","5702"
"TEA26","New and Secondhand Vehicles","2017","2017","024","Secondhand Other Vehicles","01","Black","Number","638"
"TEA26","New and Secondhand Vehicles","2017","2017","024","Secondhand Other Vehicles","02","Grey","Number","446"
"TEA26","New and Secondhand Vehicles","2017","2017","024","Secondhand Other Vehicles","03","White","Number","1522"
"TEA26","New and Secondhand Vehicles","2017","2017","024","Secondhand Other Vehicles","04","Beige","Number","76"
"TEA26","New and Secondhand Vehicles","2017","2017","024","Secondhand Other Vehicles","05","Brown","Number","61"
"TEA26","New and Secondhand Vehicles","2017","2017","024","Secondhand Other Vehicles","06","Orange","Number","49"
"TEA26","New and Secondhand Vehicles","2017","2017","024","Secondhand Other Vehicles","07","Yellow","Number","432"
"TEA26","New and Secondhand Vehicles","2017","2017","024","Secondhand Other Vehicles","08","Green","Number","278"
"TEA26","New and Secondhand Vehicles","2017","2017","024","Secondhand Other Vehicles","09","Blue","Number","675"
"TEA26","New and Secondhand Vehicles","2017","2017","024","Secondhand Other Vehicles","10","Purple","Number","17"
"TEA26","New and Secondhand Vehicles","2017","2017","024","Secondhand Other Vehicles","11","Pink","Number","2"
"TEA26","New and Secondhand Vehicles","2017","2017","024","Secondhand Other Vehicles","12","Red","Number","569"
"TEA26","New and Secondhand Vehicles","2017","2017","024","Secondhand Other Vehicles","13","Bronze","Number","26"
"TEA26","New and Secondhand Vehicles","2017","2017","024","Secondhand Other Vehicles","14","Gold","Number","45"
"TEA26","New and Secondhand Vehicles","2017","2017","024","Secondhand Other Vehicles","15","Silver","Number","711"
"TEA26","New and Secondhand Vehicles","2017","2017","024","Secondhand Other Vehicles","16","Navy","Number","3"
"TEA26","New and Secondhand Vehicles","2017","2017","024","Secondhand Other Vehicles","17","Multi-coloured","Number","151"
"TEA26","New and Secondhand Vehicles","2017","2017","024","Secondhand Other Vehicles","18","Other","Number","1"
"TEA26","New and Secondhand Vehicles","2017","2017","025","Secondhand Motor Cycles","-","All colours","Number","3187"
"TEA26","New and Secondhand Vehicles","2017","2017","025","Secondhand Motor Cycles","01","Black","Number","827"
"TEA26","New and Secondhand Vehicles","2017","2017","025","Secondhand Motor Cycles","02","Grey","Number","209"
"TEA26","New and Secondhand Vehicles","2017","2017","025","Secondhand Motor Cycles","03","White","Number","382"
"TEA26","New and Secondhand Vehicles","2017","2017","025","Secondhand Motor Cycles","04","Beige","Number","6"
"TEA26","New and Secondhand Vehicles","2017","2017","025","Secondhand Motor Cycles","05","Brown","Number","9"
"TEA26","New and Secondhand Vehicles","2017","2017","025","Secondhand Motor Cycles","06","Orange","Number","109"
"TEA26","New and Secondhand Vehicles","2017","2017","025","Secondhand Motor Cycles","07","Yellow","Number","76"
"TEA26","New and Secondhand Vehicles","2017","2017","025","Secondhand Motor Cycles","08","Green","Number","147"
"TEA26","New and Secondhand Vehicles","2017","2017","025","Secondhand Motor Cycles","09","Blue","Number","500"
"TEA26","New and Secondhand Vehicles","2017","2017","025","Secondhand Motor Cycles","10","Purple","Number","14"
"TEA26","New and Secondhand Vehicles","2017","2017","025","Secondhand Motor Cycles","11","Pink","Number","3"
"TEA26","New and Secondhand Vehicles","2017","2017","025","Secondhand Motor Cycles","12","Red","Number","491"
"TEA26","New and Secondhand Vehicles","2017","2017","025","Secondhand Motor Cycles","13","Bronze","Number","9"
"TEA26","New and Secondhand Vehicles","2017","2017","025","Secondhand Motor Cycles","14","Gold","Number","5"
"TEA26","New and Secondhand Vehicles","2017","2017","025","Secondhand Motor Cycles","15","Silver","Number","251"
"TEA26","New and Secondhand Vehicles","2017","2017","025","Secondhand Motor Cycles","16","Navy","Number","1"
"TEA26","New and Secondhand Vehicles","2017","2017","025","Secondhand Motor Cycles","17","Multi-coloured","Number","147"
"TEA26","New and Secondhand Vehicles","2017","2017","025","Secondhand Motor Cycles","18","Other","Number","1"
"TEA26","New and Secondhand Vehicles","2017","2017","03","All Private Cars","-","All colours","Number","219553"
"TEA26","New and Secondhand Vehicles","2017","2017","03","All Private Cars","01","Black","Number","47718"
"TEA26","New and Secondhand Vehicles","2017","2017","03","All Private Cars","02","Grey","Number","62251"
"TEA26","New and Secondhand Vehicles","2017","2017","03","All Private Cars","03","White","Number","33817"
"TEA26","New and Secondhand Vehicles","2017","2017","03","All Private Cars","04","Beige","Number","496"
"TEA26","New and Secondhand Vehicles","2017","2017","03","All Private Cars","05","Brown","Number","4130"
"TEA26","New and Secondhand Vehicles","2017","2017","03","All Private Cars","06","Orange","Number","365"
"TEA26","New and Secondhand Vehicles","2017","2017","03","All Private Cars","07","Yellow","Number","1050"
"TEA26","New and Secondhand Vehicles","2017","2017","03","All Private Cars","08","Green","Number","1294"
"TEA26","New and Secondhand Vehicles","2017","2017","03","All Private Cars","09","Blue","Number","28309"
"TEA26","New and Secondhand Vehicles","2017","2017","03","All Private Cars","10","Purple","Number","364"
"TEA26","New and Secondhand Vehicles","2017","2017","03","All Private Cars","11","Pink","Number","20"
"TEA26","New and Secondhand Vehicles","2017","2017","03","All Private Cars","12","Red","Number","22032"
"TEA26","New and Secondhand Vehicles","2017","2017","03","All Private Cars","13","Bronze","Number","308"
"TEA26","New and Secondhand Vehicles","2017","2017","03","All Private Cars","14","Gold","Number","133"
"TEA26","New and Secondhand Vehicles","2017","2017","03","All Private Cars","15","Silver","Number","17172"
"TEA26","New and Secondhand Vehicles","2017","2017","03","All Private Cars","16","Navy","Number","18"
"TEA26","New and Secondhand Vehicles","2017","2017","03","All Private Cars","17","Multi-coloured","Number","76"
"TEA26","New and Secondhand Vehicles","2017","2017","03","All Private Cars","18","Other","Number","0"
"TEA26","New and Secondhand Vehicles","2017","2017","04","All Goods Vehicles","-","All colours","Number","38269"
"TEA26","New and Secondhand Vehicles","2017","2017","04","All Goods Vehicles","01","Black","Number","3415"
"TEA26","New and Secondhand Vehicles","2017","2017","04","All Goods Vehicles","02","Grey","Number","4922"
"TEA26","New and Secondhand Vehicles","2017","2017","04","All Goods Vehicles","03","White","Number","23121"
"TEA26","New and Secondhand Vehicles","2017","2017","04","All Goods Vehicles","04","Beige","Number","35"
"TEA26","New and Secondhand Vehicles","2017","2017","04","All Goods Vehicles","05","Brown","Number","296"
"TEA26","New and Secondhand Vehicles","2017","2017","04","All Goods Vehicles","06","Orange","Number","146"
"TEA26","New and Secondhand Vehicles","2017","2017","04","All Goods Vehicles","07","Yellow","Number","367"
"TEA26","New and Secondhand Vehicles","2017","2017","04","All Goods Vehicles","08","Green","Number","258"
"TEA26","New and Secondhand Vehicles","2017","2017","04","All Goods Vehicles","09","Blue","Number","2105"
"TEA26","New and Secondhand Vehicles","2017","2017","04","All Goods Vehicles","10","Purple","Number","26"
"TEA26","New and Secondhand Vehicles","2017","2017","04","All Goods Vehicles","11","Pink","Number","0"
"TEA26","New and Secondhand Vehicles","2017","2017","04","All Goods Vehicles","12","Red","Number","1948"
"TEA26","New and Secondhand Vehicles","2017","2017","04","All Goods Vehicles","13","Bronze","Number","9"
"TEA26","New and Secondhand Vehicles","2017","2017","04","All Goods Vehicles","14","Gold","Number","14"
"TEA26","New and Secondhand Vehicles","2017","2017","04","All Goods Vehicles","15","Silver","Number","1475"
"TEA26","New and Secondhand Vehicles","2017","2017","04","All Goods Vehicles","16","Navy","Number","2"
"TEA26","New and Secondhand Vehicles","2017","2017","04","All Goods Vehicles","17","Multi-coloured","Number","130"
"TEA26","New and Secondhand Vehicles","2017","2017","04","All Goods Vehicles","18","Other","Number","0"
"TEA26","New and Secondhand Vehicles","2017","2017","05","All Tractors","-","All colours","Number","4263"
"TEA26","New and Secondhand Vehicles","2017","2017","05","All Tractors","01","Black","Number","36"
"TEA26","New and Secondhand Vehicles","2017","2017","05","All Tractors","02","Grey","Number","11"
"TEA26","New and Secondhand Vehicles","2017","2017","05","All Tractors","03","White","Number","27"
"TEA26","New and Secondhand Vehicles","2017","2017","05","All Tractors","04","Beige","Number","2"
"TEA26","New and Secondhand Vehicles","2017","2017","05","All Tractors","05","Brown","Number","32"
"TEA26","New and Secondhand Vehicles","2017","2017","05","All Tractors","06","Orange","Number","85"
"TEA26","New and Secondhand Vehicles","2017","2017","05","All Tractors","07","Yellow","Number","119"
"TEA26","New and Secondhand Vehicles","2017","2017","05","All Tractors","08","Green","Number","1073"
"TEA26","New and Secondhand Vehicles","2017","2017","05","All Tractors","09","Blue","Number","1330"
"TEA26","New and Secondhand Vehicles","2017","2017","05","All Tractors","10","Purple","Number","0"
"TEA26","New and Secondhand Vehicles","2017","2017","05","All Tractors","11","Pink","Number","0"
"TEA26","New and Secondhand Vehicles","2017","2017","05","All Tractors","12","Red","Number","1431"
"TEA26","New and Secondhand Vehicles","2017","2017","05","All Tractors","13","Bronze","Number","2"
"TEA26","New and Secondhand Vehicles","2017","2017","05","All Tractors","14","Gold","Number","0"
"TEA26","New and Secondhand Vehicles","2017","2017","05","All Tractors","15","Silver","Number","16"
"TEA26","New and Secondhand Vehicles","2017","2017","05","All Tractors","16","Navy","Number","0"
"TEA26","New and Secondhand Vehicles","2017","2017","05","All Tractors","17","Multi-coloured","Number","98"
"TEA26","New and Secondhand Vehicles","2017","2017","05","All Tractors","18","Other","Number","1"
"TEA26","New and Secondhand Vehicles","2017","2017","06","All Motor Cycles","-","All colours","Number","4618"
"TEA26","New and Secondhand Vehicles","2017","2017","06","All Motor Cycles","01","Black","Number","1284"
"TEA26","New and Secondhand Vehicles","2017","2017","06","All Motor Cycles","02","Grey","Number","358"
"TEA26","New and Secondhand Vehicles","2017","2017","06","All Motor Cycles","03","White","Number","611"
"TEA26","New and Secondhand Vehicles","2017","2017","06","All Motor Cycles","04","Beige","Number","9"
"TEA26","New and Secondhand Vehicles","2017","2017","06","All Motor Cycles","05","Brown","Number","30"
"TEA26","New and Secondhand Vehicles","2017","2017","06","All Motor Cycles","06","Orange","Number","137"
"TEA26","New and Secondhand Vehicles","2017","2017","06","All Motor Cycles","07","Yellow","Number","92"
"TEA26","New and Secondhand Vehicles","2017","2017","06","All Motor Cycles","08","Green","Number","190"
"TEA26","New and Secondhand Vehicles","2017","2017","06","All Motor Cycles","09","Blue","Number","643"
"TEA26","New and Secondhand Vehicles","2017","2017","06","All Motor Cycles","10","Purple","Number","16"
"TEA26","New and Secondhand Vehicles","2017","2017","06","All Motor Cycles","11","Pink","Number","3"
"TEA26","New and Secondhand Vehicles","2017","2017","06","All Motor Cycles","12","Red","Number","741"
"TEA26","New and Secondhand Vehicles","2017","2017","06","All Motor Cycles","13","Bronze","Number","13"
"TEA26","New and Secondhand Vehicles","2017","2017","06","All Motor Cycles","14","Gold","Number","6"
"TEA26","New and Secondhand Vehicles","2017","2017","06","All Motor Cycles","15","Silver","Number","316"
"TEA26","New and Secondhand Vehicles","2017","2017","06","All Motor Cycles","16","Navy","Number","1"
"TEA26","New and Secondhand Vehicles","2017","2017","06","All Motor Cycles","17","Multi-coloured","Number","167"
"TEA26","New and Secondhand Vehicles","2017","2017","06","All Motor Cycles","18","Other","Number","1"
"TEA26","New and Secondhand Vehicles","2017","2017","07","All Other Vehicles","-","All colours","Number","13155"
"TEA26","New and Secondhand Vehicles","2017","2017","07","All Other Vehicles","01","Black","Number","1678"
"TEA26","New and Secondhand Vehicles","2017","2017","07","All Other Vehicles","02","Grey","Number","2864"
"TEA26","New and Secondhand Vehicles","2017","2017","07","All Other Vehicles","03","White","Number","3019"
"TEA26","New and Secondhand Vehicles","2017","2017","07","All Other Vehicles","04","Beige","Number","80"
"TEA26","New and Secondhand Vehicles","2017","2017","07","All Other Vehicles","05","Brown","Number","292"
"TEA26","New and Secondhand Vehicles","2017","2017","07","All Other Vehicles","06","Orange","Number","76"
"TEA26","New and Secondhand Vehicles","2017","2017","07","All Other Vehicles","07","Yellow","Number","920"
"TEA26","New and Secondhand Vehicles","2017","2017","07","All Other Vehicles","08","Green","Number","362"
"TEA26","New and Secondhand Vehicles","2017","2017","07","All Other Vehicles","09","Blue","Number","1403"
"TEA26","New and Secondhand Vehicles","2017","2017","07","All Other Vehicles","10","Purple","Number","37"
"TEA26","New and Secondhand Vehicles","2017","2017","07","All Other Vehicles","11","Pink","Number","2"
"TEA26","New and Secondhand Vehicles","2017","2017","07","All Other Vehicles","12","Red","Number","1346"
"TEA26","New and Secondhand Vehicles","2017","2017","07","All Other Vehicles","13","Bronze","Number","26"
"TEA26","New and Secondhand Vehicles","2017","2017","07","All Other Vehicles","14","Gold","Number","49"
"TEA26","New and Secondhand Vehicles","2017","2017","07","All Other Vehicles","15","Silver","Number","741"
"TEA26","New and Secondhand Vehicles","2017","2017","07","All Other Vehicles","16","Navy","Number","3"
"TEA26","New and Secondhand Vehicles","2017","2017","07","All Other Vehicles","17","Multi-coloured","Number","256"
"TEA26","New and Secondhand Vehicles","2017","2017","07","All Other Vehicles","18","Other","Number","1"
"TEA26","New and Secondhand Vehicles","2018","2018","011","New Private Cars","-","All colours","Number","121157"
"TEA26","New and Secondhand Vehicles","2018","2018","011","New Private Cars","01","Black","Number","22265"
"TEA26","New and Secondhand Vehicles","2018","2018","011","New Private Cars","02","Grey","Number","45852"
"TEA26","New and Secondhand Vehicles","2018","2018","011","New Private Cars","03","White","Number","18641"
"TEA26","New and Secondhand Vehicles","2018","2018","011","New Private Cars","04","Beige","Number","11"
"TEA26","New and Secondhand Vehicles","2018","2018","011","New Private Cars","05","Brown","Number","2370"
"TEA26","New and Secondhand Vehicles","2018","2018","011","New Private Cars","06","Orange","Number","636"
"TEA26","New and Secondhand Vehicles","2018","2018","011","New Private Cars","07","Yellow","Number","363"
"TEA26","New and Secondhand Vehicles","2018","2018","011","New Private Cars","08","Green","Number","519"
"TEA26","New and Secondhand Vehicles","2018","2018","011","New Private Cars","09","Blue","Number","15838"
"TEA26","New and Secondhand Vehicles","2018","2018","011","New Private Cars","10","Purple","Number","113"
"TEA26","New and Secondhand Vehicles","2018","2018","011","New Private Cars","11","Pink","Number","0"
"TEA26","New and Secondhand Vehicles","2018","2018","011","New Private Cars","12","Red","Number","14479"
"TEA26","New and Secondhand Vehicles","2018","2018","011","New Private Cars","13","Bronze","Number","8"
"TEA26","New and Secondhand Vehicles","2018","2018","011","New Private Cars","14","Gold","Number","0"
"TEA26","New and Secondhand Vehicles","2018","2018","011","New Private Cars","15","Silver","Number","62"
"TEA26","New and Secondhand Vehicles","2018","2018","011","New Private Cars","16","Navy","Number","0"
"TEA26","New and Secondhand Vehicles","2018","2018","011","New Private Cars","17","Multi-coloured","Number","0"
"TEA26","New and Secondhand Vehicles","2018","2018","011","New Private Cars","18","Other","Number","0"
"TEA26","New and Secondhand Vehicles","2018","2018","012","New Goods Vehicles","-","All colours","Number","25459"
"TEA26","New and Secondhand Vehicles","2018","2018","012","New Goods Vehicles","01","Black","Number","2673"
"TEA26","New and Secondhand Vehicles","2018","2018","012","New Goods Vehicles","02","Grey","Number","4597"
"TEA26","New and Secondhand Vehicles","2018","2018","012","New Goods Vehicles","03","White","Number","14709"
"TEA26","New and Secondhand Vehicles","2018","2018","012","New Goods Vehicles","04","Beige","Number","16"
"TEA26","New and Secondhand Vehicles","2018","2018","012","New Goods Vehicles","05","Brown","Number","269"
"TEA26","New and Secondhand Vehicles","2018","2018","012","New Goods Vehicles","06","Orange","Number","52"
"TEA26","New and Secondhand Vehicles","2018","2018","012","New Goods Vehicles","07","Yellow","Number","147"
"TEA26","New and Secondhand Vehicles","2018","2018","012","New Goods Vehicles","08","Green","Number","107"
"TEA26","New and Secondhand Vehicles","2018","2018","012","New Goods Vehicles","09","Blue","Number","1602"
"TEA26","New and Secondhand Vehicles","2018","2018","012","New Goods Vehicles","10","Purple","Number","1"
"TEA26","New and Secondhand Vehicles","2018","2018","012","New Goods Vehicles","11","Pink","Number","0"
"TEA26","New and Secondhand Vehicles","2018","2018","012","New Goods Vehicles","12","Red","Number","1226"
"TEA26","New and Secondhand Vehicles","2018","2018","012","New Goods Vehicles","13","Bronze","Number","0"
"TEA26","New and Secondhand Vehicles","2018","2018","012","New Goods Vehicles","14","Gold","Number","1"
"TEA26","New and Secondhand Vehicles","2018","2018","012","New Goods Vehicles","15","Silver","Number","57"
"TEA26","New and Secondhand Vehicles","2018","2018","012","New Goods Vehicles","16","Navy","Number","1"
"TEA26","New and Secondhand Vehicles","2018","2018","012","New Goods Vehicles","17","Multi-coloured","Number","1"
"TEA26","New and Secondhand Vehicles","2018","2018","012","New Goods Vehicles","18","Other","Number","0"
"TEA26","New and Secondhand Vehicles","2018","2018","013","New Tractors","-","All colours","Number","2043"
"TEA26","New and Secondhand Vehicles","2018","2018","013","New Tractors","01","Black","Number","20"
"TEA26","New and Secondhand Vehicles","2018","2018","013","New Tractors","02","Grey","Number","7"
"TEA26","New and Secondhand Vehicles","2018","2018","013","New Tractors","03","White","Number","10"
"TEA26","New and Secondhand Vehicles","2018","2018","013","New Tractors","04","Beige","Number","0"
"TEA26","New and Secondhand Vehicles","2018","2018","013","New Tractors","05","Brown","Number","2"
"TEA26","New and Secondhand Vehicles","2018","2018","013","New Tractors","06","Orange","Number","65"
"TEA26","New and Secondhand Vehicles","2018","2018","013","New Tractors","07","Yellow","Number","20"
"TEA26","New and Secondhand Vehicles","2018","2018","013","New Tractors","08","Green","Number","746"
"TEA26","New and Secondhand Vehicles","2018","2018","013","New Tractors","09","Blue","Number","423"
"TEA26","New and Secondhand Vehicles","2018","2018","013","New Tractors","10","Purple","Number","1"
"TEA26","New and Secondhand Vehicles","2018","2018","013","New Tractors","11","Pink","Number","0"
"TEA26","New and Secondhand Vehicles","2018","2018","013","New Tractors","12","Red","Number","744"
"TEA26","New and Secondhand Vehicles","2018","2018","013","New Tractors","13","Bronze","Number","0"
"TEA26","New and Secondhand Vehicles","2018","2018","013","New Tractors","14","Gold","Number","1"
"TEA26","New and Secondhand Vehicles","2018","2018","013","New Tractors","15","Silver","Number","2"
"TEA26","New and Secondhand Vehicles","2018","2018","013","New Tractors","16","Navy","Number","0"
"TEA26","New and Secondhand Vehicles","2018","2018","013","New Tractors","17","Multi-coloured","Number","1"
"TEA26","New and Secondhand Vehicles","2018","2018","013","New Tractors","18","Other","Number","1"
"TEA26","New and Secondhand Vehicles","2018","2018","014","New Motor Cycles","-","All colours","Number","1556"
"TEA26","New and Secondhand Vehicles","2018","2018","014","New Motor Cycles","01","Black","Number","480"
"TEA26","New and Secondhand Vehicles","2018","2018","014","New Motor Cycles","02","Grey","Number","179"
"TEA26","New and Secondhand Vehicles","2018","2018","014","New Motor Cycles","03","White","Number","234"
"TEA26","New and Secondhand Vehicles","2018","2018","014","New Motor Cycles","04","Beige","Number","3"
"TEA26","New and Secondhand Vehicles","2018","2018","014","New Motor Cycles","05","Brown","Number","23"
"TEA26","New and Secondhand Vehicles","2018","2018","014","New Motor Cycles","06","Orange","Number","16"
"TEA26","New and Secondhand Vehicles","2018","2018","014","New Motor Cycles","07","Yellow","Number","21"
"TEA26","New and Secondhand Vehicles","2018","2018","014","New Motor Cycles","08","Green","Number","56"
"TEA26","New and Secondhand Vehicles","2018","2018","014","New Motor Cycles","09","Blue","Number","162"
"TEA26","New and Secondhand Vehicles","2018","2018","014","New Motor Cycles","10","Purple","Number","1"
"TEA26","New and Secondhand Vehicles","2018","2018","014","New Motor Cycles","11","Pink","Number","0"
"TEA26","New and Secondhand Vehicles","2018","2018","014","New Motor Cycles","12","Red","Number","269"
"TEA26","New and Secondhand Vehicles","2018","2018","014","New Motor Cycles","13","Bronze","Number","4"
"TEA26","New and Secondhand Vehicles","2018","2018","014","New Motor Cycles","14","Gold","Number","1"
"TEA26","New and Secondhand Vehicles","2018","2018","014","New Motor Cycles","15","Silver","Number","82"
"TEA26","New and Secondhand Vehicles","2018","2018","014","New Motor Cycles","16","Navy","Number","3"
"TEA26","New and Secondhand Vehicles","2018","2018","014","New Motor Cycles","17","Multi-coloured","Number","22"
"TEA26","New and Secondhand Vehicles","2018","2018","014","New Motor Cycles","18","Other","Number","0"
"TEA26","New and Secondhand Vehicles","2018","2018","01606","New Other Vehicles","-","All colours","Number","7650"
"TEA26","New and Secondhand Vehicles","2018","2018","01606","New Other Vehicles","01","Black","Number","1109"
"TEA26","New and Secondhand Vehicles","2018","2018","01606","New Other Vehicles","02","Grey","Number","2441"
"TEA26","New and Secondhand Vehicles","2018","2018","01606","New Other Vehicles","03","White","Number","1466"
"TEA26","New and Secondhand Vehicles","2018","2018","01606","New Other Vehicles","04","Beige","Number","4"
"TEA26","New and Secondhand Vehicles","2018","2018","01606","New Other Vehicles","05","Brown","Number","202"
"TEA26","New and Secondhand Vehicles","2018","2018","01606","New Other Vehicles","06","Orange","Number","38"
"TEA26","New and Secondhand Vehicles","2018","2018","01606","New Other Vehicles","07","Yellow","Number","450"
"TEA26","New and Secondhand Vehicles","2018","2018","01606","New Other Vehicles","08","Green","Number","96"
"TEA26","New and Secondhand Vehicles","2018","2018","01606","New Other Vehicles","09","Blue","Number","854"
"TEA26","New and Secondhand Vehicles","2018","2018","01606","New Other Vehicles","10","Purple","Number","5"
"TEA26","New and Secondhand Vehicles","2018","2018","01606","New Other Vehicles","11","Pink","Number","0"
"TEA26","New and Secondhand Vehicles","2018","2018","01606","New Other Vehicles","12","Red","Number","778"
"TEA26","New and Secondhand Vehicles","2018","2018","01606","New Other Vehicles","13","Bronze","Number","1"
"TEA26","New and Secondhand Vehicles","2018","2018","01606","New Other Vehicles","14","Gold","Number","3"
"TEA26","New and Secondhand Vehicles","2018","2018","01606","New Other Vehicles","15","Silver","Number","50"
"TEA26","New and Secondhand Vehicles","2018","2018","01606","New Other Vehicles","16","Navy","Number","0"
"TEA26","New and Secondhand Vehicles","2018","2018","01606","New Other Vehicles","17","Multi-coloured","Number","153"
"TEA26","New and Secondhand Vehicles","2018","2018","01606","New Other Vehicles","18","Other","Number","0"
"TEA26","New and Secondhand Vehicles","2018","2018","021","Secondhand Private Cars","-","All colours","Number","99456"
"TEA26","New and Secondhand Vehicles","2018","2018","021","Secondhand Private Cars","01","Black","Number","24685"
"TEA26","New and Secondhand Vehicles","2018","2018","021","Secondhand Private Cars","02","Grey","Number","17044"
"TEA26","New and Secondhand Vehicles","2018","2018","021","Secondhand Private Cars","03","White","Number","16833"
"TEA26","New and Secondhand Vehicles","2018","2018","021","Secondhand Private Cars","04","Beige","Number","410"
"TEA26","New and Secondhand Vehicles","2018","2018","021","Secondhand Private Cars","05","Brown","Number","749"
"TEA26","New and Secondhand Vehicles","2018","2018","021","Secondhand Private Cars","06","Orange","Number","207"
"TEA26","New and Secondhand Vehicles","2018","2018","021","Secondhand Private Cars","07","Yellow","Number","115"
"TEA26","New and Secondhand Vehicles","2018","2018","021","Secondhand Private Cars","08","Green","Number","532"
"TEA26","New and Secondhand Vehicles","2018","2018","021","Secondhand Private Cars","09","Blue","Number","13850"
"TEA26","New and Secondhand Vehicles","2018","2018","021","Secondhand Private Cars","10","Purple","Number","195"
"TEA26","New and Secondhand Vehicles","2018","2018","021","Secondhand Private Cars","11","Pink","Number","29"
"TEA26","New and Secondhand Vehicles","2018","2018","021","Secondhand Private Cars","12","Red","Number","8060"
"TEA26","New and Secondhand Vehicles","2018","2018","021","Secondhand Private Cars","13","Bronze","Number","355"
"TEA26","New and Secondhand Vehicles","2018","2018","021","Secondhand Private Cars","14","Gold","Number","120"
"TEA26","New and Secondhand Vehicles","2018","2018","021","Secondhand Private Cars","15","Silver","Number","16163"
"TEA26","New and Secondhand Vehicles","2018","2018","021","Secondhand Private Cars","16","Navy","Number","16"
"TEA26","New and Secondhand Vehicles","2018","2018","021","Secondhand Private Cars","17","Multi-coloured","Number","93"
"TEA26","New and Secondhand Vehicles","2018","2018","021","Secondhand Private Cars","18","Other","Number","0"
"TEA26","New and Secondhand Vehicles","2018","2018","022","Secondhand Goods Vehicles","-","All colours","Number","14858"
"TEA26","New and Secondhand Vehicles","2018","2018","022","Secondhand Goods Vehicles","01","Black","Number","1356"
"TEA26","New and Secondhand Vehicles","2018","2018","022","Secondhand Goods Vehicles","02","Grey","Number","936"
"TEA26","New and Secondhand Vehicles","2018","2018","022","Secondhand Goods Vehicles","03","White","Number","8984"
"TEA26","New and Secondhand Vehicles","2018","2018","022","Secondhand Goods Vehicles","04","Beige","Number","20"
"TEA26","New and Secondhand Vehicles","2018","2018","022","Secondhand Goods Vehicles","05","Brown","Number","34"
"TEA26","New and Secondhand Vehicles","2018","2018","022","Secondhand Goods Vehicles","06","Orange","Number","97"
"TEA26","New and Secondhand Vehicles","2018","2018","022","Secondhand Goods Vehicles","07","Yellow","Number","180"
"TEA26","New and Secondhand Vehicles","2018","2018","022","Secondhand Goods Vehicles","08","Green","Number","186"
"TEA26","New and Secondhand Vehicles","2018","2018","022","Secondhand Goods Vehicles","09","Blue","Number","852"
"TEA26","New and Secondhand Vehicles","2018","2018","022","Secondhand Goods Vehicles","10","Purple","Number","6"
"TEA26","New and Secondhand Vehicles","2018","2018","022","Secondhand Goods Vehicles","11","Pink","Number","3"
"TEA26","New and Secondhand Vehicles","2018","2018","022","Secondhand Goods Vehicles","12","Red","Number","622"
"TEA26","New and Secondhand Vehicles","2018","2018","022","Secondhand Goods Vehicles","13","Bronze","Number","9"
"TEA26","New and Secondhand Vehicles","2018","2018","022","Secondhand Goods Vehicles","14","Gold","Number","14"
"TEA26","New and Secondhand Vehicles","2018","2018","022","Secondhand Goods Vehicles","15","Silver","Number","1445"
"TEA26","New and Secondhand Vehicles","2018","2018","022","Secondhand Goods Vehicles","16","Navy","Number","3"
"TEA26","New and Secondhand Vehicles","2018","2018","022","Secondhand Goods Vehicles","17","Multi-coloured","Number","111"
"TEA26","New and Secondhand Vehicles","2018","2018","022","Secondhand Goods Vehicles","18","Other","Number","0"
"TEA26","New and Secondhand Vehicles","2018","2018","023","Secondhand Tractors","-","All colours","Number","2198"
"TEA26","New and Secondhand Vehicles","2018","2018","023","Secondhand Tractors","01","Black","Number","16"
"TEA26","New and Secondhand Vehicles","2018","2018","023","Secondhand Tractors","02","Grey","Number","4"
"TEA26","New and Secondhand Vehicles","2018","2018","023","Secondhand Tractors","03","White","Number","10"
"TEA26","New and Secondhand Vehicles","2018","2018","023","Secondhand Tractors","04","Beige","Number","1"
"TEA26","New and Secondhand Vehicles","2018","2018","023","Secondhand Tractors","05","Brown","Number","19"
"TEA26","New and Secondhand Vehicles","2018","2018","023","Secondhand Tractors","06","Orange","Number","38"
"TEA26","New and Secondhand Vehicles","2018","2018","023","Secondhand Tractors","07","Yellow","Number","73"
"TEA26","New and Secondhand Vehicles","2018","2018","023","Secondhand Tractors","08","Green","Number","391"
"TEA26","New and Secondhand Vehicles","2018","2018","023","Secondhand Tractors","09","Blue","Number","808"
"TEA26","New and Secondhand Vehicles","2018","2018","023","Secondhand Tractors","10","Purple","Number","1"
"TEA26","New and Secondhand Vehicles","2018","2018","023","Secondhand Tractors","11","Pink","Number","0"
"TEA26","New and Secondhand Vehicles","2018","2018","023","Secondhand Tractors","12","Red","Number","751"
"TEA26","New and Secondhand Vehicles","2018","2018","023","Secondhand Tractors","13","Bronze","Number","0"
"TEA26","New and Secondhand Vehicles","2018","2018","023","Secondhand Tractors","14","Gold","Number","1"
"TEA26","New and Secondhand Vehicles","2018","2018","023","Secondhand Tractors","15","Silver","Number","16"
"TEA26","New and Secondhand Vehicles","2018","2018","023","Secondhand Tractors","16","Navy","Number","0"
"TEA26","New and Secondhand Vehicles","2018","2018","023","Secondhand Tractors","17","Multi-coloured","Number","68"
"TEA26","New and Secondhand Vehicles","2018","2018","023","Secondhand Tractors","18","Other","Number","1"
"TEA26","New and Secondhand Vehicles","2018","2018","024","Secondhand Other Vehicles","-","All colours","Number","6013"
"TEA26","New and Secondhand Vehicles","2018","2018","024","Secondhand Other Vehicles","01","Black","Number","619"
"TEA26","New and Secondhand Vehicles","2018","2018","024","Secondhand Other Vehicles","02","Grey","Number","539"
"TEA26","New and Secondhand Vehicles","2018","2018","024","Secondhand Other Vehicles","03","White","Number","1623"
"TEA26","New and Secondhand Vehicles","2018","2018","024","Secondhand Other Vehicles","04","Beige","Number","59"
"TEA26","New and Secondhand Vehicles","2018","2018","024","Secondhand Other Vehicles","05","Brown","Number","90"
"TEA26","New and Secondhand Vehicles","2018","2018","024","Secondhand Other Vehicles","06","Orange","Number","50"
"TEA26","New and Secondhand Vehicles","2018","2018","024","Secondhand Other Vehicles","07","Yellow","Number","391"
"TEA26","New and Secondhand Vehicles","2018","2018","024","Secondhand Other Vehicles","08","Green","Number","215"
"TEA26","New and Secondhand Vehicles","2018","2018","024","Secondhand Other Vehicles","09","Blue","Number","736"
"TEA26","New and Secondhand Vehicles","2018","2018","024","Secondhand Other Vehicles","10","Purple","Number","31"
"TEA26","New and Secondhand Vehicles","2018","2018","024","Secondhand Other Vehicles","11","Pink","Number","1"
"TEA26","New and Secondhand Vehicles","2018","2018","024","Secondhand Other Vehicles","12","Red","Number","592"
"TEA26","New and Secondhand Vehicles","2018","2018","024","Secondhand Other Vehicles","13","Bronze","Number","59"
"TEA26","New and Secondhand Vehicles","2018","2018","024","Secondhand Other Vehicles","14","Gold","Number","42"
"TEA26","New and Secondhand Vehicles","2018","2018","024","Secondhand Other Vehicles","15","Silver","Number","851"
"TEA26","New and Secondhand Vehicles","2018","2018","024","Secondhand Other Vehicles","16","Navy","Number","1"
"TEA26","New and Secondhand Vehicles","2018","2018","024","Secondhand Other Vehicles","17","Multi-coloured","Number","113"
"TEA26","New and Secondhand Vehicles","2018","2018","024","Secondhand Other Vehicles","18","Other","Number","1"
"TEA26","New and Secondhand Vehicles","2018","2018","025","Secondhand Motor Cycles","-","All colours","Number","3348"
"TEA26","New and Secondhand Vehicles","2018","2018","025","Secondhand Motor Cycles","01","Black","Number","835"
"TEA26","New and Secondhand Vehicles","2018","2018","025","Secondhand Motor Cycles","02","Grey","Number","180"
"TEA26","New and Secondhand Vehicles","2018","2018","025","Secondhand Motor Cycles","03","White","Number","411"
"TEA26","New and Secondhand Vehicles","2018","2018","025","Secondhand Motor Cycles","04","Beige","Number","12"
"TEA26","New and Secondhand Vehicles","2018","2018","025","Secondhand Motor Cycles","05","Brown","Number","10"
"TEA26","New and Secondhand Vehicles","2018","2018","025","Secondhand Motor Cycles","06","Orange","Number","142"
"TEA26","New and Secondhand Vehicles","2018","2018","025","Secondhand Motor Cycles","07","Yellow","Number","80"
"TEA26","New and Secondhand Vehicles","2018","2018","025","Secondhand Motor Cycles","08","Green","Number","180"
"TEA26","New and Secondhand Vehicles","2018","2018","025","Secondhand Motor Cycles","09","Blue","Number","511"
"TEA26","New and Secondhand Vehicles","2018","2018","025","Secondhand Motor Cycles","10","Purple","Number","11"
"TEA26","New and Secondhand Vehicles","2018","2018","025","Secondhand Motor Cycles","11","Pink","Number","0"
"TEA26","New and Secondhand Vehicles","2018","2018","025","Secondhand Motor Cycles","12","Red","Number","520"
"TEA26","New and Secondhand Vehicles","2018","2018","025","Secondhand Motor Cycles","13","Bronze","Number","6"
"TEA26","New and Secondhand Vehicles","2018","2018","025","Secondhand Motor Cycles","14","Gold","Number","13"
"TEA26","New and Secondhand Vehicles","2018","2018","025","Secondhand Motor Cycles","15","Silver","Number","282"
"TEA26","New and Secondhand Vehicles","2018","2018","025","Secondhand Motor Cycles","16","Navy","Number","1"
"TEA26","New and Secondhand Vehicles","2018","2018","025","Secondhand Motor Cycles","17","Multi-coloured","Number","154"
"TEA26","New and Secondhand Vehicles","2018","2018","025","Secondhand Motor Cycles","18","Other","Number","0"
"TEA26","New and Secondhand Vehicles","2018","2018","03","All Private Cars","-","All colours","Number","220613"
"TEA26","New and Secondhand Vehicles","2018","2018","03","All Private Cars","01","Black","Number","46950"
"TEA26","New and Secondhand Vehicles","2018","2018","03","All Private Cars","02","Grey","Number","62896"
"TEA26","New and Secondhand Vehicles","2018","2018","03","All Private Cars","03","White","Number","35474"
"TEA26","New and Secondhand Vehicles","2018","2018","03","All Private Cars","04","Beige","Number","421"
"TEA26","New and Secondhand Vehicles","2018","2018","03","All Private Cars","05","Brown","Number","3119"
"TEA26","New and Secondhand Vehicles","2018","2018","03","All Private Cars","06","Orange","Number","843"
"TEA26","New and Secondhand Vehicles","2018","2018","03","All Private Cars","07","Yellow","Number","478"
"TEA26","New and Secondhand Vehicles","2018","2018","03","All Private Cars","08","Green","Number","1051"
"TEA26","New and Secondhand Vehicles","2018","2018","03","All Private Cars","09","Blue","Number","29688"
"TEA26","New and Secondhand Vehicles","2018","2018","03","All Private Cars","10","Purple","Number","308"
"TEA26","New and Secondhand Vehicles","2018","2018","03","All Private Cars","11","Pink","Number","29"
"TEA26","New and Secondhand Vehicles","2018","2018","03","All Private Cars","12","Red","Number","22539"
"TEA26","New and Secondhand Vehicles","2018","2018","03","All Private Cars","13","Bronze","Number","363"
"TEA26","New and Secondhand Vehicles","2018","2018","03","All Private Cars","14","Gold","Number","120"
"TEA26","New and Secondhand Vehicles","2018","2018","03","All Private Cars","15","Silver","Number","16225"
"TEA26","New and Secondhand Vehicles","2018","2018","03","All Private Cars","16","Navy","Number","16"
"TEA26","New and Secondhand Vehicles","2018","2018","03","All Private Cars","17","Multi-coloured","Number","93"
"TEA26","New and Secondhand Vehicles","2018","2018","03","All Private Cars","18","Other","Number","0"
"TEA26","New and Secondhand Vehicles","2018","2018","04","All Goods Vehicles","-","All colours","Number","40317"
"TEA26","New and Secondhand Vehicles","2018","2018","04","All Goods Vehicles","01","Black","Number","4029"
"TEA26","New and Secondhand Vehicles","2018","2018","04","All Goods Vehicles","02","Grey","Number","5533"
"TEA26","New and Secondhand Vehicles","2018","2018","04","All Goods Vehicles","03","White","Number","23693"
"TEA26","New and Secondhand Vehicles","2018","2018","04","All Goods Vehicles","04","Beige","Number","36"
"TEA26","New and Secondhand Vehicles","2018","2018","04","All Goods Vehicles","05","Brown","Number","303"
"TEA26","New and Secondhand Vehicles","2018","2018","04","All Goods Vehicles","06","Orange","Number","149"
"TEA26","New and Secondhand Vehicles","2018","2018","04","All Goods Vehicles","07","Yellow","Number","327"
"TEA26","New and Secondhand Vehicles","2018","2018","04","All Goods Vehicles","08","Green","Number","293"
"TEA26","New and Secondhand Vehicles","2018","2018","04","All Goods Vehicles","09","Blue","Number","2454"
"TEA26","New and Secondhand Vehicles","2018","2018","04","All Goods Vehicles","10","Purple","Number","7"
"TEA26","New and Secondhand Vehicles","2018","2018","04","All Goods Vehicles","11","Pink","Number","3"
"TEA26","New and Secondhand Vehicles","2018","2018","04","All Goods Vehicles","12","Red","Number","1848"
"TEA26","New and Secondhand Vehicles","2018","2018","04","All Goods Vehicles","13","Bronze","Number","9"
"TEA26","New and Secondhand Vehicles","2018","2018","04","All Goods Vehicles","14","Gold","Number","15"
"TEA26","New and Secondhand Vehicles","2018","2018","04","All Goods Vehicles","15","Silver","Number","1502"
"TEA26","New and Secondhand Vehicles","2018","2018","04","All Goods Vehicles","16","Navy","Number","4"
"TEA26","New and Secondhand Vehicles","2018","2018","04","All Goods Vehicles","17","Multi-coloured","Number","112"
"TEA26","New and Secondhand Vehicles","2018","2018","04","All Goods Vehicles","18","Other","Number","0"
"TEA26","New and Secondhand Vehicles","2018","2018","05","All Tractors","-","All colours","Number","4241"
"TEA26","New and Secondhand Vehicles","2018","2018","05","All Tractors","01","Black","Number","36"
"TEA26","New and Secondhand Vehicles","2018","2018","05","All Tractors","02","Grey","Number","11"
"TEA26","New and Secondhand Vehicles","2018","2018","05","All Tractors","03","White","Number","20"
"TEA26","New and Secondhand Vehicles","2018","2018","05","All Tractors","04","Beige","Number","1"
"TEA26","New and Secondhand Vehicles","2018","2018","05","All Tractors","05","Brown","Number","21"
"TEA26","New and Secondhand Vehicles","2018","2018","05","All Tractors","06","Orange","Number","103"
"TEA26","New and Secondhand Vehicles","2018","2018","05","All Tractors","07","Yellow","Number","93"
"TEA26","New and Secondhand Vehicles","2018","2018","05","All Tractors","08","Green","Number","1137"
"TEA26","New and Secondhand Vehicles","2018","2018","05","All Tractors","09","Blue","Number","1231"
"TEA26","New and Secondhand Vehicles","2018","2018","05","All Tractors","10","Purple","Number","2"
"TEA26","New and Secondhand Vehicles","2018","2018","05","All Tractors","11","Pink","Number","0"
"TEA26","New and Secondhand Vehicles","2018","2018","05","All Tractors","12","Red","Number","1495"
"TEA26","New and Secondhand Vehicles","2018","2018","05","All Tractors","13","Bronze","Number","0"
"TEA26","New and Secondhand Vehicles","2018","2018","05","All Tractors","14","Gold","Number","2"
"TEA26","New and Secondhand Vehicles","2018","2018","05","All Tractors","15","Silver","Number","18"
"TEA26","New and Secondhand Vehicles","2018","2018","05","All Tractors","16","Navy","Number","0"
"TEA26","New and Secondhand Vehicles","2018","2018","05","All Tractors","17","Multi-coloured","Number","69"
"TEA26","New and Secondhand Vehicles","2018","2018","05","All Tractors","18","Other","Number","2"
"TEA26","New and Secondhand Vehicles","2018","2018","06","All Motor Cycles","-","All colours","Number","4904"
"TEA26","New and Secondhand Vehicles","2018","2018","06","All Motor Cycles","01","Black","Number","1315"
"TEA26","New and Secondhand Vehicles","2018","2018","06","All Motor Cycles","02","Grey","Number","359"
"TEA26","New and Secondhand Vehicles","2018","2018","06","All Motor Cycles","03","White","Number","645"
"TEA26","New and Secondhand Vehicles","2018","2018","06","All Motor Cycles","04","Beige","Number","15"
"TEA26","New and Secondhand Vehicles","2018","2018","06","All Motor Cycles","05","Brown","Number","33"
"TEA26","New and Secondhand Vehicles","2018","2018","06","All Motor Cycles","06","Orange","Number","158"
"TEA26","New and Secondhand Vehicles","2018","2018","06","All Motor Cycles","07","Yellow","Number","101"
"TEA26","New and Secondhand Vehicles","2018","2018","06","All Motor Cycles","08","Green","Number","236"
"TEA26","New and Secondhand Vehicles","2018","2018","06","All Motor Cycles","09","Blue","Number","673"
"TEA26","New and Secondhand Vehicles","2018","2018","06","All Motor Cycles","10","Purple","Number","12"
"TEA26","New and Secondhand Vehicles","2018","2018","06","All Motor Cycles","11","Pink","Number","0"
"TEA26","New and Secondhand Vehicles","2018","2018","06","All Motor Cycles","12","Red","Number","789"
"TEA26","New and Secondhand Vehicles","2018","2018","06","All Motor Cycles","13","Bronze","Number","10"
"TEA26","New and Secondhand Vehicles","2018","2018","06","All Motor Cycles","14","Gold","Number","14"
"TEA26","New and Secondhand Vehicles","2018","2018","06","All Motor Cycles","15","Silver","Number","364"
"TEA26","New and Secondhand Vehicles","2018","2018","06","All Motor Cycles","16","Navy","Number","4"
"TEA26","New and Secondhand Vehicles","2018","2018","06","All Motor Cycles","17","Multi-coloured","Number","176"
"TEA26","New and Secondhand Vehicles","2018","2018","06","All Motor Cycles","18","Other","Number","0"
"TEA26","New and Secondhand Vehicles","2018","2018","07","All Other Vehicles","-","All colours","Number","13663"
"TEA26","New and Secondhand Vehicles","2018","2018","07","All Other Vehicles","01","Black","Number","1728"
"TEA26","New and Secondhand Vehicles","2018","2018","07","All Other Vehicles","02","Grey","Number","2980"
"TEA26","New and Secondhand Vehicles","2018","2018","07","All Other Vehicles","03","White","Number","3089"
"TEA26","New and Secondhand Vehicles","2018","2018","07","All Other Vehicles","04","Beige","Number","63"
"TEA26","New and Secondhand Vehicles","2018","2018","07","All Other Vehicles","05","Brown","Number","292"
"TEA26","New and Secondhand Vehicles","2018","2018","07","All Other Vehicles","06","Orange","Number","88"
"TEA26","New and Secondhand Vehicles","2018","2018","07","All Other Vehicles","07","Yellow","Number","841"
"TEA26","New and Secondhand Vehicles","2018","2018","07","All Other Vehicles","08","Green","Number","311"
"TEA26","New and Secondhand Vehicles","2018","2018","07","All Other Vehicles","09","Blue","Number","1590"
"TEA26","New and Secondhand Vehicles","2018","2018","07","All Other Vehicles","10","Purple","Number","36"
"TEA26","New and Secondhand Vehicles","2018","2018","07","All Other Vehicles","11","Pink","Number","1"
"TEA26","New and Secondhand Vehicles","2018","2018","07","All Other Vehicles","12","Red","Number","1370"
"TEA26","New and Secondhand Vehicles","2018","2018","07","All Other Vehicles","13","Bronze","Number","60"
"TEA26","New and Secondhand Vehicles","2018","2018","07","All Other Vehicles","14","Gold","Number","45"
"TEA26","New and Secondhand Vehicles","2018","2018","07","All Other Vehicles","15","Silver","Number","901"
"TEA26","New and Secondhand Vehicles","2018","2018","07","All Other Vehicles","16","Navy","Number","1"
"TEA26","New and Secondhand Vehicles","2018","2018","07","All Other Vehicles","17","Multi-coloured","Number","266"
"TEA26","New and Secondhand Vehicles","2018","2018","07","All Other Vehicles","18","Other","Number","1"
"TEA26","New and Secondhand Vehicles","2019","2019","011","New Private Cars","-","All colours","Number","113305"
"TEA26","New and Secondhand Vehicles","2019","2019","011","New Private Cars","01","Black","Number","20164"
"TEA26","New and Secondhand Vehicles","2019","2019","011","New Private Cars","02","Grey","Number","41795"
"TEA26","New and Secondhand Vehicles","2019","2019","011","New Private Cars","03","White","Number","18226"
"TEA26","New and Secondhand Vehicles","2019","2019","011","New Private Cars","04","Beige","Number","5"
"TEA26","New and Secondhand Vehicles","2019","2019","011","New Private Cars","05","Brown","Number","1684"
"TEA26","New and Secondhand Vehicles","2019","2019","011","New Private Cars","06","Orange","Number","740"
"TEA26","New and Secondhand Vehicles","2019","2019","011","New Private Cars","07","Yellow","Number","285"
"TEA26","New and Secondhand Vehicles","2019","2019","011","New Private Cars","08","Green","Number","714"
"TEA26","New and Secondhand Vehicles","2019","2019","011","New Private Cars","09","Blue","Number","16158"
"TEA26","New and Secondhand Vehicles","2019","2019","011","New Private Cars","10","Purple","Number","58"
"TEA26","New and Secondhand Vehicles","2019","2019","011","New Private Cars","11","Pink","Number","0"
"TEA26","New and Secondhand Vehicles","2019","2019","011","New Private Cars","12","Red","Number","13434"
"TEA26","New and Secondhand Vehicles","2019","2019","011","New Private Cars","13","Bronze","Number","1"
"TEA26","New and Secondhand Vehicles","2019","2019","011","New Private Cars","14","Gold","Number","2"
"TEA26","New and Secondhand Vehicles","2019","2019","011","New Private Cars","15","Silver","Number","38"
"TEA26","New and Secondhand Vehicles","2019","2019","011","New Private Cars","16","Navy","Number","1"
"TEA26","New and Secondhand Vehicles","2019","2019","011","New Private Cars","17","Multi-coloured","Number","0"
"TEA26","New and Secondhand Vehicles","2019","2019","011","New Private Cars","18","Other","Number","0"
"TEA26","New and Secondhand Vehicles","2019","2019","012","New Goods Vehicles","-","All colours","Number","24645"
"TEA26","New and Secondhand Vehicles","2019","2019","012","New Goods Vehicles","01","Black","Number","2178"
"TEA26","New and Secondhand Vehicles","2019","2019","012","New Goods Vehicles","02","Grey","Number","3829"
"TEA26","New and Secondhand Vehicles","2019","2019","012","New Goods Vehicles","03","White","Number","16099"
"TEA26","New and Secondhand Vehicles","2019","2019","012","New Goods Vehicles","04","Beige","Number","2"
"TEA26","New and Secondhand Vehicles","2019","2019","012","New Goods Vehicles","05","Brown","Number","116"
"TEA26","New and Secondhand Vehicles","2019","2019","012","New Goods Vehicles","06","Orange","Number","65"
"TEA26","New and Secondhand Vehicles","2019","2019","012","New Goods Vehicles","07","Yellow","Number","206"
"TEA26","New and Secondhand Vehicles","2019","2019","012","New Goods Vehicles","08","Green","Number","110"
"TEA26","New and Secondhand Vehicles","2019","2019","012","New Goods Vehicles","09","Blue","Number","1155"
"TEA26","New and Secondhand Vehicles","2019","2019","012","New Goods Vehicles","10","Purple","Number","3"
"TEA26","New and Secondhand Vehicles","2019","2019","012","New Goods Vehicles","11","Pink","Number","0"
"TEA26","New and Secondhand Vehicles","2019","2019","012","New Goods Vehicles","12","Red","Number","839"
"TEA26","New and Secondhand Vehicles","2019","2019","012","New Goods Vehicles","13","Bronze","Number","1"
"TEA26","New and Secondhand Vehicles","2019","2019","012","New Goods Vehicles","14","Gold","Number","1"
"TEA26","New and Secondhand Vehicles","2019","2019","012","New Goods Vehicles","15","Silver","Number","21"
"TEA26","New and Secondhand Vehicles","2019","2019","012","New Goods Vehicles","16","Navy","Number","1"
"TEA26","New and Secondhand Vehicles","2019","2019","012","New Goods Vehicles","17","Multi-coloured","Number","19"
"TEA26","New and Secondhand Vehicles","2019","2019","012","New Goods Vehicles","18","Other","Number","0"
"TEA26","New and Secondhand Vehicles","2019","2019","013","New Tractors","-","All colours","Number","2137"
"TEA26","New and Secondhand Vehicles","2019","2019","013","New Tractors","01","Black","Number","17"
"TEA26","New and Secondhand Vehicles","2019","2019","013","New Tractors","02","Grey","Number","6"
"TEA26","New and Secondhand Vehicles","2019","2019","013","New Tractors","03","White","Number","12"
"TEA26","New and Secondhand Vehicles","2019","2019","013","New Tractors","04","Beige","Number","0"
"TEA26","New and Secondhand Vehicles","2019","2019","013","New Tractors","05","Brown","Number","1"
"TEA26","New and Secondhand Vehicles","2019","2019","013","New Tractors","06","Orange","Number","81"
"TEA26","New and Secondhand Vehicles","2019","2019","013","New Tractors","07","Yellow","Number","52"
"TEA26","New and Secondhand Vehicles","2019","2019","013","New Tractors","08","Green","Number","781"
"TEA26","New and Secondhand Vehicles","2019","2019","013","New Tractors","09","Blue","Number","400"
"TEA26","New and Secondhand Vehicles","2019","2019","013","New Tractors","10","Purple","Number","0"
"TEA26","New and Secondhand Vehicles","2019","2019","013","New Tractors","11","Pink","Number","0"
"TEA26","New and Secondhand Vehicles","2019","2019","013","New Tractors","12","Red","Number","780"
"TEA26","New and Secondhand Vehicles","2019","2019","013","New Tractors","13","Bronze","Number","0"
"TEA26","New and Secondhand Vehicles","2019","2019","013","New Tractors","14","Gold","Number","0"
"TEA26","New and Secondhand Vehicles","2019","2019","013","New Tractors","15","Silver","Number","2"
"TEA26","New and Secondhand Vehicles","2019","2019","013","New Tractors","16","Navy","Number","0"
"TEA26","New and Secondhand Vehicles","2019","2019","013","New Tractors","17","Multi-coloured","Number","5"
"TEA26","New and Secondhand Vehicles","2019","2019","013","New Tractors","18","Other","Number","0"
"TEA26","New and Secondhand Vehicles","2019","2019","014","New Motor Cycles","-","All colours","Number","1848"
"TEA26","New and Secondhand Vehicles","2019","2019","014","New Motor Cycles","01","Black","Number","555"
"TEA26","New and Secondhand Vehicles","2019","2019","014","New Motor Cycles","02","Grey","Number","230"
"TEA26","New and Secondhand Vehicles","2019","2019","014","New Motor Cycles","03","White","Number","283"
"TEA26","New and Secondhand Vehicles","2019","2019","014","New Motor Cycles","04","Beige","Number","2"
"TEA26","New and Secondhand Vehicles","2019","2019","014","New Motor Cycles","05","Brown","Number","30"
"TEA26","New and Secondhand Vehicles","2019","2019","014","New Motor Cycles","06","Orange","Number","52"
"TEA26","New and Secondhand Vehicles","2019","2019","014","New Motor Cycles","07","Yellow","Number","26"
"TEA26","New and Secondhand Vehicles","2019","2019","014","New Motor Cycles","08","Green","Number","81"
"TEA26","New and Secondhand Vehicles","2019","2019","014","New Motor Cycles","09","Blue","Number","213"
"TEA26","New and Secondhand Vehicles","2019","2019","014","New Motor Cycles","10","Purple","Number","1"
"TEA26","New and Secondhand Vehicles","2019","2019","014","New Motor Cycles","11","Pink","Number","0"
"TEA26","New and Secondhand Vehicles","2019","2019","014","New Motor Cycles","12","Red","Number","275"
"TEA26","New and Secondhand Vehicles","2019","2019","014","New Motor Cycles","13","Bronze","Number","1"
"TEA26","New and Secondhand Vehicles","2019","2019","014","New Motor Cycles","14","Gold","Number","2"
"TEA26","New and Secondhand Vehicles","2019","2019","014","New Motor Cycles","15","Silver","Number","69"
"TEA26","New and Secondhand Vehicles","2019","2019","014","New Motor Cycles","16","Navy","Number","9"
"TEA26","New and Secondhand Vehicles","2019","2019","014","New Motor Cycles","17","Multi-coloured","Number","19"
"TEA26","New and Secondhand Vehicles","2019","2019","014","New Motor Cycles","18","Other","Number","0"
"TEA26","New and Secondhand Vehicles","2019","2019","01606","New Other Vehicles","-","All colours","Number","7813"
"TEA26","New and Secondhand Vehicles","2019","2019","01606","New Other Vehicles","01","Black","Number","1082"
"TEA26","New and Secondhand Vehicles","2019","2019","01606","New Other Vehicles","02","Grey","Number","2429"
"TEA26","New and Secondhand Vehicles","2019","2019","01606","New Other Vehicles","03","White","Number","1477"
"TEA26","New and Secondhand Vehicles","2019","2019","01606","New Other Vehicles","04","Beige","Number","5"
"TEA26","New and Secondhand Vehicles","2019","2019","01606","New Other Vehicles","05","Brown","Number","131"
"TEA26","New and Secondhand Vehicles","2019","2019","01606","New Other Vehicles","06","Orange","Number","54"
"TEA26","New and Secondhand Vehicles","2019","2019","01606","New Other Vehicles","07","Yellow","Number","498"
"TEA26","New and Secondhand Vehicles","2019","2019","01606","New Other Vehicles","08","Green","Number","85"
"TEA26","New and Secondhand Vehicles","2019","2019","01606","New Other Vehicles","09","Blue","Number","949"
"TEA26","New and Secondhand Vehicles","2019","2019","01606","New Other Vehicles","10","Purple","Number","4"
"TEA26","New and Secondhand Vehicles","2019","2019","01606","New Other Vehicles","11","Pink","Number","0"
"TEA26","New and Secondhand Vehicles","2019","2019","01606","New Other Vehicles","12","Red","Number","882"
"TEA26","New and Secondhand Vehicles","2019","2019","01606","New Other Vehicles","13","Bronze","Number","1"
"TEA26","New and Secondhand Vehicles","2019","2019","01606","New Other Vehicles","14","Gold","Number","2"
"TEA26","New and Secondhand Vehicles","2019","2019","01606","New Other Vehicles","15","Silver","Number","50"
"TEA26","New and Secondhand Vehicles","2019","2019","01606","New Other Vehicles","16","Navy","Number","1"
"TEA26","New and Secondhand Vehicles","2019","2019","01606","New Other Vehicles","17","Multi-coloured","Number","163"
"TEA26","New and Secondhand Vehicles","2019","2019","01606","New Other Vehicles","18","Other","Number","0"
"TEA26","New and Secondhand Vehicles","2019","2019","021","Secondhand Private Cars","-","All colours","Number","108895"
"TEA26","New and Secondhand Vehicles","2019","2019","021","Secondhand Private Cars","01","Black","Number","26559"
"TEA26","New and Secondhand Vehicles","2019","2019","021","Secondhand Private Cars","02","Grey","Number","18900"
"TEA26","New and Secondhand Vehicles","2019","2019","021","Secondhand Private Cars","03","White","Number","19678"
"TEA26","New and Secondhand Vehicles","2019","2019","021","Secondhand Private Cars","04","Beige","Number","546"
"TEA26","New and Secondhand Vehicles","2019","2019","021","Secondhand Private Cars","05","Brown","Number","716"
"TEA26","New and Secondhand Vehicles","2019","2019","021","Secondhand Private Cars","06","Orange","Number","256"
"TEA26","New and Secondhand Vehicles","2019","2019","021","Secondhand Private Cars","07","Yellow","Number","123"
"TEA26","New and Secondhand Vehicles","2019","2019","021","Secondhand Private Cars","08","Green","Number","535"
"TEA26","New and Secondhand Vehicles","2019","2019","021","Secondhand Private Cars","09","Blue","Number","15663"
"TEA26","New and Secondhand Vehicles","2019","2019","021","Secondhand Private Cars","10","Purple","Number","202"
"TEA26","New and Secondhand Vehicles","2019","2019","021","Secondhand Private Cars","11","Pink","Number","34"
"TEA26","New and Secondhand Vehicles","2019","2019","021","Secondhand Private Cars","12","Red","Number","9293"
"TEA26","New and Secondhand Vehicles","2019","2019","021","Secondhand Private Cars","13","Bronze","Number","368"
"TEA26","New and Secondhand Vehicles","2019","2019","021","Secondhand Private Cars","14","Gold","Number","138"
"TEA26","New and Secondhand Vehicles","2019","2019","021","Secondhand Private Cars","15","Silver","Number","15760"
"TEA26","New and Secondhand Vehicles","2019","2019","021","Secondhand Private Cars","16","Navy","Number","24"
"TEA26","New and Secondhand Vehicles","2019","2019","021","Secondhand Private Cars","17","Multi-coloured","Number","100"
"TEA26","New and Secondhand Vehicles","2019","2019","021","Secondhand Private Cars","18","Other","Number","0"
"TEA26","New and Secondhand Vehicles","2019","2019","022","Secondhand Goods Vehicles","-","All colours","Number","15152"
"TEA26","New and Secondhand Vehicles","2019","2019","022","Secondhand Goods Vehicles","01","Black","Number","1325"
"TEA26","New and Secondhand Vehicles","2019","2019","022","Secondhand Goods Vehicles","02","Grey","Number","1026"
"TEA26","New and Secondhand Vehicles","2019","2019","022","Secondhand Goods Vehicles","03","White","Number","8882"
"TEA26","New and Secondhand Vehicles","2019","2019","022","Secondhand Goods Vehicles","04","Beige","Number","19"
"TEA26","New and Secondhand Vehicles","2019","2019","022","Secondhand Goods Vehicles","05","Brown","Number","31"
"TEA26","New and Secondhand Vehicles","2019","2019","022","Secondhand Goods Vehicles","06","Orange","Number","104"
"TEA26","New and Secondhand Vehicles","2019","2019","022","Secondhand Goods Vehicles","07","Yellow","Number","168"
"TEA26","New and Secondhand Vehicles","2019","2019","022","Secondhand Goods Vehicles","08","Green","Number","199"
"TEA26","New and Secondhand Vehicles","2019","2019","022","Secondhand Goods Vehicles","09","Blue","Number","999"
"TEA26","New and Secondhand Vehicles","2019","2019","022","Secondhand Goods Vehicles","10","Purple","Number","10"
"TEA26","New and Secondhand Vehicles","2019","2019","022","Secondhand Goods Vehicles","11","Pink","Number","10"
"TEA26","New and Secondhand Vehicles","2019","2019","022","Secondhand Goods Vehicles","12","Red","Number","618"
"TEA26","New and Secondhand Vehicles","2019","2019","022","Secondhand Goods Vehicles","13","Bronze","Number","8"
"TEA26","New and Secondhand Vehicles","2019","2019","022","Secondhand Goods Vehicles","14","Gold","Number","15"
"TEA26","New and Secondhand Vehicles","2019","2019","022","Secondhand Goods Vehicles","15","Silver","Number","1626"
"TEA26","New and Secondhand Vehicles","2019","2019","022","Secondhand Goods Vehicles","16","Navy","Number","6"
"TEA26","New and Secondhand Vehicles","2019","2019","022","Secondhand Goods Vehicles","17","Multi-coloured","Number","106"
"TEA26","New and Secondhand Vehicles","2019","2019","022","Secondhand Goods Vehicles","18","Other","Number","0"
"TEA26","New and Secondhand Vehicles","2019","2019","023","Secondhand Tractors","-","All colours","Number","2595"
"TEA26","New and Secondhand Vehicles","2019","2019","023","Secondhand Tractors","01","Black","Number","21"
"TEA26","New and Secondhand Vehicles","2019","2019","023","Secondhand Tractors","02","Grey","Number","3"
"TEA26","New and Secondhand Vehicles","2019","2019","023","Secondhand Tractors","03","White","Number","10"
"TEA26","New and Secondhand Vehicles","2019","2019","023","Secondhand Tractors","04","Beige","Number","1"
"TEA26","New and Secondhand Vehicles","2019","2019","023","Secondhand Tractors","05","Brown","Number","12"
"TEA26","New and Secondhand Vehicles","2019","2019","023","Secondhand Tractors","06","Orange","Number","44"
"TEA26","New and Secondhand Vehicles","2019","2019","023","Secondhand Tractors","07","Yellow","Number","108"
"TEA26","New and Secondhand Vehicles","2019","2019","023","Secondhand Tractors","08","Green","Number","520"
"TEA26","New and Secondhand Vehicles","2019","2019","023","Secondhand Tractors","09","Blue","Number","978"
"TEA26","New and Secondhand Vehicles","2019","2019","023","Secondhand Tractors","10","Purple","Number","0"
"TEA26","New and Secondhand Vehicles","2019","2019","023","Secondhand Tractors","11","Pink","Number","0"
"TEA26","New and Secondhand Vehicles","2019","2019","023","Secondhand Tractors","12","Red","Number","813"
"TEA26","New and Secondhand Vehicles","2019","2019","023","Secondhand Tractors","13","Bronze","Number","0"
"TEA26","New and Secondhand Vehicles","2019","2019","023","Secondhand Tractors","14","Gold","Number","0"
"TEA26","New and Secondhand Vehicles","2019","2019","023","Secondhand Tractors","15","Silver","Number","12"
"TEA26","New and Secondhand Vehicles","2019","2019","023","Secondhand Tractors","16","Navy","Number","0"
"TEA26","New and Secondhand Vehicles","2019","2019","023","Secondhand Tractors","17","Multi-coloured","Number","73"
"TEA26","New and Secondhand Vehicles","2019","2019","023","Secondhand Tractors","18","Other","Number","0"
"TEA26","New and Secondhand Vehicles","2019","2019","024","Secondhand Other Vehicles","-","All colours","Number","6906"
"TEA26","New and Secondhand Vehicles","2019","2019","024","Secondhand Other Vehicles","01","Black","Number","744"
"TEA26","New and Secondhand Vehicles","2019","2019","024","Secondhand Other Vehicles","02","Grey","Number","608"
"TEA26","New and Secondhand Vehicles","2019","2019","024","Secondhand Other Vehicles","03","White","Number","1896"
"TEA26","New and Secondhand Vehicles","2019","2019","024","Secondhand Other Vehicles","04","Beige","Number","66"
"TEA26","New and Secondhand Vehicles","2019","2019","024","Secondhand Other Vehicles","05","Brown","Number","101"
"TEA26","New and Secondhand Vehicles","2019","2019","024","Secondhand Other Vehicles","06","Orange","Number","65"
"TEA26","New and Secondhand Vehicles","2019","2019","024","Secondhand Other Vehicles","07","Yellow","Number","426"
"TEA26","New and Secondhand Vehicles","2019","2019","024","Secondhand Other Vehicles","08","Green","Number","245"
"TEA26","New and Secondhand Vehicles","2019","2019","024","Secondhand Other Vehicles","09","Blue","Number","903"
"TEA26","New and Secondhand Vehicles","2019","2019","024","Secondhand Other Vehicles","10","Purple","Number","36"
"TEA26","New and Secondhand Vehicles","2019","2019","024","Secondhand Other Vehicles","11","Pink","Number","5"
"TEA26","New and Secondhand Vehicles","2019","2019","024","Secondhand Other Vehicles","12","Red","Number","719"
"TEA26","New and Secondhand Vehicles","2019","2019","024","Secondhand Other Vehicles","13","Bronze","Number","59"
"TEA26","New and Secondhand Vehicles","2019","2019","024","Secondhand Other Vehicles","14","Gold","Number","52"
"TEA26","New and Secondhand Vehicles","2019","2019","024","Secondhand Other Vehicles","15","Silver","Number","855"
"TEA26","New and Secondhand Vehicles","2019","2019","024","Secondhand Other Vehicles","16","Navy","Number","0"
"TEA26","New and Secondhand Vehicles","2019","2019","024","Secondhand Other Vehicles","17","Multi-coloured","Number","124"
"TEA26","New and Secondhand Vehicles","2019","2019","024","Secondhand Other Vehicles","18","Other","Number","2"
"TEA26","New and Secondhand Vehicles","2019","2019","025","Secondhand Motor Cycles","-","All colours","Number","3648"
"TEA26","New and Secondhand Vehicles","2019","2019","025","Secondhand Motor Cycles","01","Black","Number","891"
"TEA26","New and Secondhand Vehicles","2019","2019","025","Secondhand Motor Cycles","02","Grey","Number","211"
"TEA26","New and Secondhand Vehicles","2019","2019","025","Secondhand Motor Cycles","03","White","Number","462"
"TEA26","New and Secondhand Vehicles","2019","2019","025","Secondhand Motor Cycles","04","Beige","Number","11"
"TEA26","New and Secondhand Vehicles","2019","2019","025","Secondhand Motor Cycles","05","Brown","Number","13"
"TEA26","New and Secondhand Vehicles","2019","2019","025","Secondhand Motor Cycles","06","Orange","Number","117"
"TEA26","New and Secondhand Vehicles","2019","2019","025","Secondhand Motor Cycles","07","Yellow","Number","95"
"TEA26","New and Secondhand Vehicles","2019","2019","025","Secondhand Motor Cycles","08","Green","Number","219"
"TEA26","New and Secondhand Vehicles","2019","2019","025","Secondhand Motor Cycles","09","Blue","Number","515"
"TEA26","New and Secondhand Vehicles","2019","2019","025","Secondhand Motor Cycles","10","Purple","Number","20"
"TEA26","New and Secondhand Vehicles","2019","2019","025","Secondhand Motor Cycles","11","Pink","Number","2"
"TEA26","New and Secondhand Vehicles","2019","2019","025","Secondhand Motor Cycles","12","Red","Number","578"
"TEA26","New and Secondhand Vehicles","2019","2019","025","Secondhand Motor Cycles","13","Bronze","Number","9"
"TEA26","New and Secondhand Vehicles","2019","2019","025","Secondhand Motor Cycles","14","Gold","Number","10"
"TEA26","New and Secondhand Vehicles","2019","2019","025","Secondhand Motor Cycles","15","Silver","Number","294"
"TEA26","New and Secondhand Vehicles","2019","2019","025","Secondhand Motor Cycles","16","Navy","Number","1"
"TEA26","New and Secondhand Vehicles","2019","2019","025","Secondhand Motor Cycles","17","Multi-coloured","Number","200"
"TEA26","New and Secondhand Vehicles","2019","2019","025","Secondhand Motor Cycles","18","Other","Number","0"
"TEA26","New and Secondhand Vehicles","2019","2019","03","All Private Cars","-","All colours","Number","222200"
"TEA26","New and Secondhand Vehicles","2019","2019","03","All Private Cars","01","Black","Number","46723"
"TEA26","New and Secondhand Vehicles","2019","2019","03","All Private Cars","02","Grey","Number","60695"
"TEA26","New and Secondhand Vehicles","2019","2019","03","All Private Cars","03","White","Number","37904"
"TEA26","New and Secondhand Vehicles","2019","2019","03","All Private Cars","04","Beige","Number","551"
"TEA26","New and Secondhand Vehicles","2019","2019","03","All Private Cars","05","Brown","Number","2400"
"TEA26","New and Secondhand Vehicles","2019","2019","03","All Private Cars","06","Orange","Number","996"
"TEA26","New and Secondhand Vehicles","2019","2019","03","All Private Cars","07","Yellow","Number","408"
"TEA26","New and Secondhand Vehicles","2019","2019","03","All Private Cars","08","Green","Number","1249"
"TEA26","New and Secondhand Vehicles","2019","2019","03","All Private Cars","09","Blue","Number","31821"
"TEA26","New and Secondhand Vehicles","2019","2019","03","All Private Cars","10","Purple","Number","260"
"TEA26","New and Secondhand Vehicles","2019","2019","03","All Private Cars","11","Pink","Number","34"
"TEA26","New and Secondhand Vehicles","2019","2019","03","All Private Cars","12","Red","Number","22727"
"TEA26","New and Secondhand Vehicles","2019","2019","03","All Private Cars","13","Bronze","Number","369"
"TEA26","New and Secondhand Vehicles","2019","2019","03","All Private Cars","14","Gold","Number","140"
"TEA26","New and Secondhand Vehicles","2019","2019","03","All Private Cars","15","Silver","Number","15798"
"TEA26","New and Secondhand Vehicles","2019","2019","03","All Private Cars","16","Navy","Number","25"
"TEA26","New and Secondhand Vehicles","2019","2019","03","All Private Cars","17","Multi-coloured","Number","100"
"TEA26","New and Secondhand Vehicles","2019","2019","03","All Private Cars","18","Other","Number","0"
"TEA26","New and Secondhand Vehicles","2019","2019","04","All Goods Vehicles","-","All colours","Number","39797"
"TEA26","New and Secondhand Vehicles","2019","2019","04","All Goods Vehicles","01","Black","Number","3503"
"TEA26","New and Secondhand Vehicles","2019","2019","04","All Goods Vehicles","02","Grey","Number","4855"
"TEA26","New and Secondhand Vehicles","2019","2019","04","All Goods Vehicles","03","White","Number","24981"
"TEA26","New and Secondhand Vehicles","2019","2019","04","All Goods Vehicles","04","Beige","Number","21"
"TEA26","New and Secondhand Vehicles","2019","2019","04","All Goods Vehicles","05","Brown","Number","147"
"TEA26","New and Secondhand Vehicles","2019","2019","04","All Goods Vehicles","06","Orange","Number","169"
"TEA26","New and Secondhand Vehicles","2019","2019","04","All Goods Vehicles","07","Yellow","Number","374"
"TEA26","New and Secondhand Vehicles","2019","2019","04","All Goods Vehicles","08","Green","Number","309"
"TEA26","New and Secondhand Vehicles","2019","2019","04","All Goods Vehicles","09","Blue","Number","2154"
"TEA26","New and Secondhand Vehicles","2019","2019","04","All Goods Vehicles","10","Purple","Number","13"
"TEA26","New and Secondhand Vehicles","2019","2019","04","All Goods Vehicles","11","Pink","Number","10"
"TEA26","New and Secondhand Vehicles","2019","2019","04","All Goods Vehicles","12","Red","Number","1457"
"TEA26","New and Secondhand Vehicles","2019","2019","04","All Goods Vehicles","13","Bronze","Number","9"
"TEA26","New and Secondhand Vehicles","2019","2019","04","All Goods Vehicles","14","Gold","Number","16"
"TEA26","New and Secondhand Vehicles","2019","2019","04","All Goods Vehicles","15","Silver","Number","1647"
"TEA26","New and Secondhand Vehicles","2019","2019","04","All Goods Vehicles","16","Navy","Number","7"
"TEA26","New and Secondhand Vehicles","2019","2019","04","All Goods Vehicles","17","Multi-coloured","Number","125"
"TEA26","New and Secondhand Vehicles","2019","2019","04","All Goods Vehicles","18","Other","Number","0"
"TEA26","New and Secondhand Vehicles","2019","2019","05","All Tractors","-","All colours","Number","4732"
"TEA26","New and Secondhand Vehicles","2019","2019","05","All Tractors","01","Black","Number","38"
"TEA26","New and Secondhand Vehicles","2019","2019","05","All Tractors","02","Grey","Number","9"
"TEA26","New and Secondhand Vehicles","2019","2019","05","All Tractors","03","White","Number","22"
"TEA26","New and Secondhand Vehicles","2019","2019","05","All Tractors","04","Beige","Number","1"
"TEA26","New and Secondhand Vehicles","2019","2019","05","All Tractors","05","Brown","Number","13"
"TEA26","New and Secondhand Vehicles","2019","2019","05","All Tractors","06","Orange","Number","125"
"TEA26","New and Secondhand Vehicles","2019","2019","05","All Tractors","07","Yellow","Number","160"
"TEA26","New and Secondhand Vehicles","2019","2019","05","All Tractors","08","Green","Number","1301"
"TEA26","New and Secondhand Vehicles","2019","2019","05","All Tractors","09","Blue","Number","1378"
"TEA26","New and Secondhand Vehicles","2019","2019","05","All Tractors","10","Purple","Number","0"
"TEA26","New and Secondhand Vehicles","2019","2019","05","All Tractors","11","Pink","Number","0"
"TEA26","New and Secondhand Vehicles","2019","2019","05","All Tractors","12","Red","Number","1593"
"TEA26","New and Secondhand Vehicles","2019","2019","05","All Tractors","13","Bronze","Number","0"
"TEA26","New and Secondhand Vehicles","2019","2019","05","All Tractors","14","Gold","Number","0"
"TEA26","New and Secondhand Vehicles","2019","2019","05","All Tractors","15","Silver","Number","14"
"TEA26","New and Secondhand Vehicles","2019","2019","05","All Tractors","16","Navy","Number","0"
"TEA26","New and Secondhand Vehicles","2019","2019","05","All Tractors","17","Multi-coloured","Number","78"
"TEA26","New and Secondhand Vehicles","2019","2019","05","All Tractors","18","Other","Number","0"
"TEA26","New and Secondhand Vehicles","2019","2019","06","All Motor Cycles","-","All colours","Number","5496"
"TEA26","New and Secondhand Vehicles","2019","2019","06","All Motor Cycles","01","Black","Number","1446"
"TEA26","New and Secondhand Vehicles","2019","2019","06","All Motor Cycles","02","Grey","Number","441"
"TEA26","New and Secondhand Vehicles","2019","2019","06","All Motor Cycles","03","White","Number","745"
"TEA26","New and Secondhand Vehicles","2019","2019","06","All Motor Cycles","04","Beige","Number","13"
"TEA26","New and Secondhand Vehicles","2019","2019","06","All Motor Cycles","05","Brown","Number","43"
"TEA26","New and Secondhand Vehicles","2019","2019","06","All Motor Cycles","06","Orange","Number","169"
"TEA26","New and Secondhand Vehicles","2019","2019","06","All Motor Cycles","07","Yellow","Number","121"
"TEA26","New and Secondhand Vehicles","2019","2019","06","All Motor Cycles","08","Green","Number","300"
"TEA26","New and Secondhand Vehicles","2019","2019","06","All Motor Cycles","09","Blue","Number","728"
"TEA26","New and Secondhand Vehicles","2019","2019","06","All Motor Cycles","10","Purple","Number","21"
"TEA26","New and Secondhand Vehicles","2019","2019","06","All Motor Cycles","11","Pink","Number","2"
"TEA26","New and Secondhand Vehicles","2019","2019","06","All Motor Cycles","12","Red","Number","853"
"TEA26","New and Secondhand Vehicles","2019","2019","06","All Motor Cycles","13","Bronze","Number","10"
"TEA26","New and Secondhand Vehicles","2019","2019","06","All Motor Cycles","14","Gold","Number","12"
"TEA26","New and Secondhand Vehicles","2019","2019","06","All Motor Cycles","15","Silver","Number","363"
"TEA26","New and Secondhand Vehicles","2019","2019","06","All Motor Cycles","16","Navy","Number","10"
"TEA26","New and Secondhand Vehicles","2019","2019","06","All Motor Cycles","17","Multi-coloured","Number","219"
"TEA26","New and Secondhand Vehicles","2019","2019","06","All Motor Cycles","18","Other","Number","0"
"TEA26","New and Secondhand Vehicles","2019","2019","07","All Other Vehicles","-","All colours","Number","14719"
"TEA26","New and Secondhand Vehicles","2019","2019","07","All Other Vehicles","01","Black","Number","1826"
"TEA26","New and Secondhand Vehicles","2019","2019","07","All Other Vehicles","02","Grey","Number","3037"
"TEA26","New and Secondhand Vehicles","2019","2019","07","All Other Vehicles","03","White","Number","3373"
"TEA26","New and Secondhand Vehicles","2019","2019","07","All Other Vehicles","04","Beige","Number","71"
"TEA26","New and Secondhand Vehicles","2019","2019","07","All Other Vehicles","05","Brown","Number","232"
"TEA26","New and Secondhand Vehicles","2019","2019","07","All Other Vehicles","06","Orange","Number","119"
"TEA26","New and Secondhand Vehicles","2019","2019","07","All Other Vehicles","07","Yellow","Number","924"
"TEA26","New and Secondhand Vehicles","2019","2019","07","All Other Vehicles","08","Green","Number","330"
"TEA26","New and Secondhand Vehicles","2019","2019","07","All Other Vehicles","09","Blue","Number","1852"
"TEA26","New and Secondhand Vehicles","2019","2019","07","All Other Vehicles","10","Purple","Number","40"
"TEA26","New and Secondhand Vehicles","2019","2019","07","All Other Vehicles","11","Pink","Number","5"
"TEA26","New and Secondhand Vehicles","2019","2019","07","All Other Vehicles","12","Red","Number","1601"
"TEA26","New and Secondhand Vehicles","2019","2019","07","All Other Vehicles","13","Bronze","Number","60"
"TEA26","New and Secondhand Vehicles","2019","2019","07","All Other Vehicles","14","Gold","Number","54"
"TEA26","New and Secondhand Vehicles","2019","2019","07","All Other Vehicles","15","Silver","Number","905"
"TEA26","New and Secondhand Vehicles","2019","2019","07","All Other Vehicles","16","Navy","Number","1"
"TEA26","New and Secondhand Vehicles","2019","2019","07","All Other Vehicles","17","Multi-coloured","Number","287"
"TEA26","New and Secondhand Vehicles","2019","2019","07","All Other Vehicles","18","Other","Number","2"
"TEA26","New and Secondhand Vehicles","2020","2020","011","New Private Cars","-","All colours","Number","84309"
"TEA26","New and Secondhand Vehicles","2020","2020","011","New Private Cars","01","Black","Number","15047"
"TEA26","New and Secondhand Vehicles","2020","2020","011","New Private Cars","02","Grey","Number","31758"
"TEA26","New and Secondhand Vehicles","2020","2020","011","New Private Cars","03","White","Number","13234"
"TEA26","New and Secondhand Vehicles","2020","2020","011","New Private Cars","04","Beige","Number","1"
"TEA26","New and Secondhand Vehicles","2020","2020","011","New Private Cars","05","Brown","Number","594"
"TEA26","New and Secondhand Vehicles","2020","2020","011","New Private Cars","06","Orange","Number","742"
"TEA26","New and Secondhand Vehicles","2020","2020","011","New Private Cars","07","Yellow","Number","160"
"TEA26","New and Secondhand Vehicles","2020","2020","011","New Private Cars","08","Green","Number","537"
"TEA26","New and Secondhand Vehicles","2020","2020","011","New Private Cars","09","Blue","Number","12820"
"TEA26","New and Secondhand Vehicles","2020","2020","011","New Private Cars","10","Purple","Number","34"
"TEA26","New and Secondhand Vehicles","2020","2020","011","New Private Cars","11","Pink","Number","0"
"TEA26","New and Secondhand Vehicles","2020","2020","011","New Private Cars","12","Red","Number","9344"
"TEA26","New and Secondhand Vehicles","2020","2020","011","New Private Cars","13","Bronze","Number","3"
"TEA26","New and Secondhand Vehicles","2020","2020","011","New Private Cars","14","Gold","Number","0"
"TEA26","New and Secondhand Vehicles","2020","2020","011","New Private Cars","15","Silver","Number","35"
"TEA26","New and Secondhand Vehicles","2020","2020","011","New Private Cars","16","Navy","Number","0"
"TEA26","New and Secondhand Vehicles","2020","2020","011","New Private Cars","17","Multi-coloured","Number","0"
"TEA26","New and Secondhand Vehicles","2020","2020","011","New Private Cars","18","Other","Number","0"
"TEA26","New and Secondhand Vehicles","2020","2020","012","New Goods Vehicles","-","All colours","Number","21495"
"TEA26","New and Secondhand Vehicles","2020","2020","012","New Goods Vehicles","01","Black","Number","1819"
"TEA26","New and Secondhand Vehicles","2020","2020","012","New Goods Vehicles","02","Grey","Number","3363"
"TEA26","New and Secondhand Vehicles","2020","2020","012","New Goods Vehicles","03","White","Number","13723"
"TEA26","New and Secondhand Vehicles","2020","2020","012","New Goods Vehicles","04","Beige","Number","33"
"TEA26","New and Secondhand Vehicles","2020","2020","012","New Goods Vehicles","05","Brown","Number","163"
"TEA26","New and Secondhand Vehicles","2020","2020","012","New Goods Vehicles","06","Orange","Number","81"
"TEA26","New and Secondhand Vehicles","2020","2020","012","New Goods Vehicles","07","Yellow","Number","377"
"TEA26","New and Secondhand Vehicles","2020","2020","012","New Goods Vehicles","08","Green","Number","84"
"TEA26","New and Secondhand Vehicles","2020","2020","012","New Goods Vehicles","09","Blue","Number","1040"
"TEA26","New and Secondhand Vehicles","2020","2020","012","New Goods Vehicles","10","Purple","Number","1"
"TEA26","New and Secondhand Vehicles","2020","2020","012","New Goods Vehicles","11","Pink","Number","0"
"TEA26","New and Secondhand Vehicles","2020","2020","012","New Goods Vehicles","12","Red","Number","789"
"TEA26","New and Secondhand Vehicles","2020","2020","012","New Goods Vehicles","13","Bronze","Number","0"
"TEA26","New and Secondhand Vehicles","2020","2020","012","New Goods Vehicles","14","Gold","Number","0"
"TEA26","New and Secondhand Vehicles","2020","2020","012","New Goods Vehicles","15","Silver","Number","22"
"TEA26","New and Secondhand Vehicles","2020","2020","012","New Goods Vehicles","16","Navy","Number","0"
"TEA26","New and Secondhand Vehicles","2020","2020","012","New Goods Vehicles","17","Multi-coloured","Number","0"
"TEA26","New and Secondhand Vehicles","2020","2020","012","New Goods Vehicles","18","Other","Number","0"
"TEA26","New and Secondhand Vehicles","2020","2020","013","New Tractors","-","All colours","Number","2190"
"TEA26","New and Secondhand Vehicles","2020","2020","013","New Tractors","01","Black","Number","27"
"TEA26","New and Secondhand Vehicles","2020","2020","013","New Tractors","02","Grey","Number","13"
"TEA26","New and Secondhand Vehicles","2020","2020","013","New Tractors","03","White","Number","13"
"TEA26","New and Secondhand Vehicles","2020","2020","013","New Tractors","04","Beige","Number","0"
"TEA26","New and Secondhand Vehicles","2020","2020","013","New Tractors","05","Brown","Number","5"
"TEA26","New and Secondhand Vehicles","2020","2020","013","New Tractors","06","Orange","Number","103"
"TEA26","New and Secondhand Vehicles","2020","2020","013","New Tractors","07","Yellow","Number","34"
"TEA26","New and Secondhand Vehicles","2020","2020","013","New Tractors","08","Green","Number","832"
"TEA26","New and Secondhand Vehicles","2020","2020","013","New Tractors","09","Blue","Number","391"
"TEA26","New and Secondhand Vehicles","2020","2020","013","New Tractors","10","Purple","Number","2"
"TEA26","New and Secondhand Vehicles","2020","2020","013","New Tractors","11","Pink","Number","0"
"TEA26","New and Secondhand Vehicles","2020","2020","013","New Tractors","12","Red","Number","763"
"TEA26","New and Secondhand Vehicles","2020","2020","013","New Tractors","13","Bronze","Number","0"
"TEA26","New and Secondhand Vehicles","2020","2020","013","New Tractors","14","Gold","Number","0"
"TEA26","New and Secondhand Vehicles","2020","2020","013","New Tractors","15","Silver","Number","3"
"TEA26","New and Secondhand Vehicles","2020","2020","013","New Tractors","16","Navy","Number","0"
"TEA26","New and Secondhand Vehicles","2020","2020","013","New Tractors","17","Multi-coloured","Number","3"
"TEA26","New and Secondhand Vehicles","2020","2020","013","New Tractors","18","Other","Number","1"
"TEA26","New and Secondhand Vehicles","2020","2020","014","New Motor Cycles","-","All colours","Number","1709"
"TEA26","New and Secondhand Vehicles","2020","2020","014","New Motor Cycles","01","Black","Number","512"
"TEA26","New and Secondhand Vehicles","2020","2020","014","New Motor Cycles","02","Grey","Number","208"
"TEA26","New and Secondhand Vehicles","2020","2020","014","New Motor Cycles","03","White","Number","254"
"TEA26","New and Secondhand Vehicles","2020","2020","014","New Motor Cycles","04","Beige","Number","1"
"TEA26","New and Secondhand Vehicles","2020","2020","014","New Motor Cycles","05","Brown","Number","9"
"TEA26","New and Secondhand Vehicles","2020","2020","014","New Motor Cycles","06","Orange","Number","45"
"TEA26","New and Secondhand Vehicles","2020","2020","014","New Motor Cycles","07","Yellow","Number","23"
"TEA26","New and Secondhand Vehicles","2020","2020","014","New Motor Cycles","08","Green","Number","119"
"TEA26","New and Secondhand Vehicles","2020","2020","014","New Motor Cycles","09","Blue","Number","209"
"TEA26","New and Secondhand Vehicles","2020","2020","014","New Motor Cycles","10","Purple","Number","1"
"TEA26","New and Secondhand Vehicles","2020","2020","014","New Motor Cycles","11","Pink","Number","1"
"TEA26","New and Secondhand Vehicles","2020","2020","014","New Motor Cycles","12","Red","Number","253"
"TEA26","New and Secondhand Vehicles","2020","2020","014","New Motor Cycles","13","Bronze","Number","2"
"TEA26","New and Secondhand Vehicles","2020","2020","014","New Motor Cycles","14","Gold","Number","2"
"TEA26","New and Secondhand Vehicles","2020","2020","014","New Motor Cycles","15","Silver","Number","61"
"TEA26","New and Secondhand Vehicles","2020","2020","014","New Motor Cycles","16","Navy","Number","1"
"TEA26","New and Secondhand Vehicles","2020","2020","014","New Motor Cycles","17","Multi-coloured","Number","8"
"TEA26","New and Secondhand Vehicles","2020","2020","014","New Motor Cycles","18","Other","Number","0"
"TEA26","New and Secondhand Vehicles","2020","2020","01606","New Other Vehicles","-","All colours","Number","6811"
"TEA26","New and Secondhand Vehicles","2020","2020","01606","New Other Vehicles","01","Black","Number","972"
"TEA26","New and Secondhand Vehicles","2020","2020","01606","New Other Vehicles","02","Grey","Number","2122"
"TEA26","New and Secondhand Vehicles","2020","2020","01606","New Other Vehicles","03","White","Number","1554"
"TEA26","New and Secondhand Vehicles","2020","2020","01606","New Other Vehicles","04","Beige","Number","3"
"TEA26","New and Secondhand Vehicles","2020","2020","01606","New Other Vehicles","05","Brown","Number","99"
"TEA26","New and Secondhand Vehicles","2020","2020","01606","New Other Vehicles","06","Orange","Number","72"
"TEA26","New and Secondhand Vehicles","2020","2020","01606","New Other Vehicles","07","Yellow","Number","382"
"TEA26","New and Secondhand Vehicles","2020","2020","01606","New Other Vehicles","08","Green","Number","83"
"TEA26","New and Secondhand Vehicles","2020","2020","01606","New Other Vehicles","09","Blue","Number","800"
"TEA26","New and Secondhand Vehicles","2020","2020","01606","New Other Vehicles","10","Purple","Number","6"
"TEA26","New and Secondhand Vehicles","2020","2020","01606","New Other Vehicles","11","Pink","Number","0"
"TEA26","New and Secondhand Vehicles","2020","2020","01606","New Other Vehicles","12","Red","Number","668"
"TEA26","New and Secondhand Vehicles","2020","2020","01606","New Other Vehicles","13","Bronze","Number","0"
"TEA26","New and Secondhand Vehicles","2020","2020","01606","New Other Vehicles","14","Gold","Number","2"
"TEA26","New and Secondhand Vehicles","2020","2020","01606","New Other Vehicles","15","Silver","Number","17"
"TEA26","New and Secondhand Vehicles","2020","2020","01606","New Other Vehicles","16","Navy","Number","0"
"TEA26","New and Secondhand Vehicles","2020","2020","01606","New Other Vehicles","17","Multi-coloured","Number","30"
"TEA26","New and Secondhand Vehicles","2020","2020","01606","New Other Vehicles","18","Other","Number","1"
"TEA26","New and Secondhand Vehicles","2020","2020","021","Secondhand Private Cars","-","All colours","Number","78541"
"TEA26","New and Secondhand Vehicles","2020","2020","021","Secondhand Private Cars","01","Black","Number","18862"
"TEA26","New and Secondhand Vehicles","2020","2020","021","Secondhand Private Cars","02","Grey","Number","14824"
"TEA26","New and Secondhand Vehicles","2020","2020","021","Secondhand Private Cars","03","White","Number","14875"
"TEA26","New and Secondhand Vehicles","2020","2020","021","Secondhand Private Cars","04","Beige","Number","258"
"TEA26","New and Secondhand Vehicles","2020","2020","021","Secondhand Private Cars","05","Brown","Number","351"
"TEA26","New and Secondhand Vehicles","2020","2020","021","Secondhand Private Cars","06","Orange","Number","186"
"TEA26","New and Secondhand Vehicles","2020","2020","021","Secondhand Private Cars","07","Yellow","Number","97"
"TEA26","New and Secondhand Vehicles","2020","2020","021","Secondhand Private Cars","08","Green","Number","385"
"TEA26","New and Secondhand Vehicles","2020","2020","021","Secondhand Private Cars","09","Blue","Number","12011"
"TEA26","New and Secondhand Vehicles","2020","2020","021","Secondhand Private Cars","10","Purple","Number","128"
"TEA26","New and Secondhand Vehicles","2020","2020","021","Secondhand Private Cars","11","Pink","Number","42"
"TEA26","New and Secondhand Vehicles","2020","2020","021","Secondhand Private Cars","12","Red","Number","6393"
"TEA26","New and Secondhand Vehicles","2020","2020","021","Secondhand Private Cars","13","Bronze","Number","264"
"TEA26","New and Secondhand Vehicles","2020","2020","021","Secondhand Private Cars","14","Gold","Number","93"
"TEA26","New and Secondhand Vehicles","2020","2020","021","Secondhand Private Cars","15","Silver","Number","9704"
"TEA26","New and Secondhand Vehicles","2020","2020","021","Secondhand Private Cars","16","Navy","Number","8"
"TEA26","New and Secondhand Vehicles","2020","2020","021","Secondhand Private Cars","17","Multi-coloured","Number","60"
"TEA26","New and Secondhand Vehicles","2020","2020","021","Secondhand Private Cars","18","Other","Number","0"
"TEA26","New and Secondhand Vehicles","2020","2020","022","Secondhand Goods Vehicles","-","All colours","Number","11753"
"TEA26","New and Secondhand Vehicles","2020","2020","022","Secondhand Goods Vehicles","01","Black","Number","1193"
"TEA26","New and Secondhand Vehicles","2020","2020","022","Secondhand Goods Vehicles","02","Grey","Number","896"
"TEA26","New and Secondhand Vehicles","2020","2020","022","Secondhand Goods Vehicles","03","White","Number","6668"
"TEA26","New and Secondhand Vehicles","2020","2020","022","Secondhand Goods Vehicles","04","Beige","Number","11"
"TEA26","New and Secondhand Vehicles","2020","2020","022","Secondhand Goods Vehicles","05","Brown","Number","29"
"TEA26","New and Secondhand Vehicles","2020","2020","022","Secondhand Goods Vehicles","06","Orange","Number","119"
"TEA26","New and Secondhand Vehicles","2020","2020","022","Secondhand Goods Vehicles","07","Yellow","Number","138"
"TEA26","New and Secondhand Vehicles","2020","2020","022","Secondhand Goods Vehicles","08","Green","Number","143"
"TEA26","New and Secondhand Vehicles","2020","2020","022","Secondhand Goods Vehicles","09","Blue","Number","801"
"TEA26","New and Secondhand Vehicles","2020","2020","022","Secondhand Goods Vehicles","10","Purple","Number","7"
"TEA26","New and Secondhand Vehicles","2020","2020","022","Secondhand Goods Vehicles","11","Pink","Number","1"
"TEA26","New and Secondhand Vehicles","2020","2020","022","Secondhand Goods Vehicles","12","Red","Number","512"
"TEA26","New and Secondhand Vehicles","2020","2020","022","Secondhand Goods Vehicles","13","Bronze","Number","7"
"TEA26","New and Secondhand Vehicles","2020","2020","022","Secondhand Goods Vehicles","14","Gold","Number","7"
"TEA26","New and Secondhand Vehicles","2020","2020","022","Secondhand Goods Vehicles","15","Silver","Number","1144"
"TEA26","New and Secondhand Vehicles","2020","2020","022","Secondhand Goods Vehicles","16","Navy","Number","0"
"TEA26","New and Secondhand Vehicles","2020","2020","022","Secondhand Goods Vehicles","17","Multi-coloured","Number","77"
"TEA26","New and Secondhand Vehicles","2020","2020","022","Secondhand Goods Vehicles","18","Other","Number","0"
"TEA26","New and Secondhand Vehicles","2020","2020","023","Secondhand Tractors","-","All colours","Number","2648"
"TEA26","New and Secondhand Vehicles","2020","2020","023","Secondhand Tractors","01","Black","Number","20"
"TEA26","New and Secondhand Vehicles","2020","2020","023","Secondhand Tractors","02","Grey","Number","2"
"TEA26","New and Secondhand Vehicles","2020","2020","023","Secondhand Tractors","03","White","Number","12"
"TEA26","New and Secondhand Vehicles","2020","2020","023","Secondhand Tractors","04","Beige","Number","0"
"TEA26","New and Secondhand Vehicles","2020","2020","023","Secondhand Tractors","05","Brown","Number","12"
"TEA26","New and Secondhand Vehicles","2020","2020","023","Secondhand Tractors","06","Orange","Number","49"
"TEA26","New and Secondhand Vehicles","2020","2020","023","Secondhand Tractors","07","Yellow","Number","92"
"TEA26","New and Secondhand Vehicles","2020","2020","023","Secondhand Tractors","08","Green","Number","525"
"TEA26","New and Secondhand Vehicles","2020","2020","023","Secondhand Tractors","09","Blue","Number","1068"
"TEA26","New and Secondhand Vehicles","2020","2020","023","Secondhand Tractors","10","Purple","Number","1"
"TEA26","New and Secondhand Vehicles","2020","2020","023","Secondhand Tractors","11","Pink","Number","0"
"TEA26","New and Secondhand Vehicles","2020","2020","023","Secondhand Tractors","12","Red","Number","770"
"TEA26","New and Secondhand Vehicles","2020","2020","023","Secondhand Tractors","13","Bronze","Number","0"
"TEA26","New and Secondhand Vehicles","2020","2020","023","Secondhand Tractors","14","Gold","Number","0"
"TEA26","New and Secondhand Vehicles","2020","2020","023","Secondhand Tractors","15","Silver","Number","14"
"TEA26","New and Secondhand Vehicles","2020","2020","023","Secondhand Tractors","16","Navy","Number","0"
"TEA26","New and Secondhand Vehicles","2020","2020","023","Secondhand Tractors","17","Multi-coloured","Number","83"
"TEA26","New and Secondhand Vehicles","2020","2020","023","Secondhand Tractors","18","Other","Number","0"
"TEA26","New and Secondhand Vehicles","2020","2020","024","Secondhand Other Vehicles","-","All colours","Number","5146"
"TEA26","New and Secondhand Vehicles","2020","2020","024","Secondhand Other Vehicles","01","Black","Number","510"
"TEA26","New and Secondhand Vehicles","2020","2020","024","Secondhand Other Vehicles","02","Grey","Number","441"
"TEA26","New and Secondhand Vehicles","2020","2020","024","Secondhand Other Vehicles","03","White","Number","1438"
"TEA26","New and Secondhand Vehicles","2020","2020","024","Secondhand Other Vehicles","04","Beige","Number","66"
"TEA26","New and Secondhand Vehicles","2020","2020","024","Secondhand Other Vehicles","05","Brown","Number","54"
"TEA26","New and Secondhand Vehicles","2020","2020","024","Secondhand Other Vehicles","06","Orange","Number","45"
"TEA26","New and Secondhand Vehicles","2020","2020","024","Secondhand Other Vehicles","07","Yellow","Number","325"
"TEA26","New and Secondhand Vehicles","2020","2020","024","Secondhand Other Vehicles","08","Green","Number","211"
"TEA26","New and Secondhand Vehicles","2020","2020","024","Secondhand Other Vehicles","09","Blue","Number","689"
"TEA26","New and Secondhand Vehicles","2020","2020","024","Secondhand Other Vehicles","10","Purple","Number","25"
"TEA26","New and Secondhand Vehicles","2020","2020","024","Secondhand Other Vehicles","11","Pink","Number","3"
"TEA26","New and Secondhand Vehicles","2020","2020","024","Secondhand Other Vehicles","12","Red","Number","697"
"TEA26","New and Secondhand Vehicles","2020","2020","024","Secondhand Other Vehicles","13","Bronze","Number","32"
"TEA26","New and Secondhand Vehicles","2020","2020","024","Secondhand Other Vehicles","14","Gold","Number","44"
"TEA26","New and Secondhand Vehicles","2020","2020","024","Secondhand Other Vehicles","15","Silver","Number","467"
"TEA26","New and Secondhand Vehicles","2020","2020","024","Secondhand Other Vehicles","16","Navy","Number","0"
"TEA26","New and Secondhand Vehicles","2020","2020","024","Secondhand Other Vehicles","17","Multi-coloured","Number","97"
"TEA26","New and Secondhand Vehicles","2020","2020","024","Secondhand Other Vehicles","18","Other","Number","2"
"TEA26","New and Secondhand Vehicles","2020","2020","025","Secondhand Motor Cycles","-","All colours","Number","3384"
"TEA26","New and Secondhand Vehicles","2020","2020","025","Secondhand Motor Cycles","01","Black","Number","892"
"TEA26","New and Secondhand Vehicles","2020","2020","025","Secondhand Motor Cycles","02","Grey","Number","185"
"TEA26","New and Secondhand Vehicles","2020","2020","025","Secondhand Motor Cycles","03","White","Number","417"
"TEA26","New and Secondhand Vehicles","2020","2020","025","Secondhand Motor Cycles","04","Beige","Number","9"
"TEA26","New and Secondhand Vehicles","2020","2020","025","Secondhand Motor Cycles","05","Brown","Number","18"
"TEA26","New and Secondhand Vehicles","2020","2020","025","Secondhand Motor Cycles","06","Orange","Number","109"
"TEA26","New and Secondhand Vehicles","2020","2020","025","Secondhand Motor Cycles","07","Yellow","Number","67"
"TEA26","New and Secondhand Vehicles","2020","2020","025","Secondhand Motor Cycles","08","Green","Number","180"
"TEA26","New and Secondhand Vehicles","2020","2020","025","Secondhand Motor Cycles","09","Blue","Number","488"
"TEA26","New and Secondhand Vehicles","2020","2020","025","Secondhand Motor Cycles","10","Purple","Number","10"
"TEA26","New and Secondhand Vehicles","2020","2020","025","Secondhand Motor Cycles","11","Pink","Number","0"
"TEA26","New and Secondhand Vehicles","2020","2020","025","Secondhand Motor Cycles","12","Red","Number","593"
"TEA26","New and Secondhand Vehicles","2020","2020","025","Secondhand Motor Cycles","13","Bronze","Number","13"
"TEA26","New and Secondhand Vehicles","2020","2020","025","Secondhand Motor Cycles","14","Gold","Number","9"
"TEA26","New and Secondhand Vehicles","2020","2020","025","Secondhand Motor Cycles","15","Silver","Number","208"
"TEA26","New and Secondhand Vehicles","2020","2020","025","Secondhand Motor Cycles","16","Navy","Number","0"
"TEA26","New and Secondhand Vehicles","2020","2020","025","Secondhand Motor Cycles","17","Multi-coloured","Number","186"
"TEA26","New and Secondhand Vehicles","2020","2020","025","Secondhand Motor Cycles","18","Other","Number","0"
"TEA26","New and Secondhand Vehicles","2020","2020","03","All Private Cars","-","All colours","Number","162850"
"TEA26","New and Secondhand Vehicles","2020","2020","03","All Private Cars","01","Black","Number","33909"
"TEA26","New and Secondhand Vehicles","2020","2020","03","All Private Cars","02","Grey","Number","46582"
"TEA26","New and Secondhand Vehicles","2020","2020","03","All Private Cars","03","White","Number","28109"
"TEA26","New and Secondhand Vehicles","2020","2020","03","All Private Cars","04","Beige","Number","259"
"TEA26","New and Secondhand Vehicles","2020","2020","03","All Private Cars","05","Brown","Number","945"
"TEA26","New and Secondhand Vehicles","2020","2020","03","All Private Cars","06","Orange","Number","928"
"TEA26","New and Secondhand Vehicles","2020","2020","03","All Private Cars","07","Yellow","Number","257"
"TEA26","New and Secondhand Vehicles","2020","2020","03","All Private Cars","08","Green","Number","922"
"TEA26","New and Secondhand Vehicles","2020","2020","03","All Private Cars","09","Blue","Number","24831"
"TEA26","New and Secondhand Vehicles","2020","2020","03","All Private Cars","10","Purple","Number","162"
"TEA26","New and Secondhand Vehicles","2020","2020","03","All Private Cars","11","Pink","Number","42"
"TEA26","New and Secondhand Vehicles","2020","2020","03","All Private Cars","12","Red","Number","15737"
"TEA26","New and Secondhand Vehicles","2020","2020","03","All Private Cars","13","Bronze","Number","267"
"TEA26","New and Secondhand Vehicles","2020","2020","03","All Private Cars","14","Gold","Number","93"
"TEA26","New and Secondhand Vehicles","2020","2020","03","All Private Cars","15","Silver","Number","9739"
"TEA26","New and Secondhand Vehicles","2020","2020","03","All Private Cars","16","Navy","Number","8"
"TEA26","New and Secondhand Vehicles","2020","2020","03","All Private Cars","17","Multi-coloured","Number","60"
"TEA26","New and Secondhand Vehicles","2020","2020","03","All Private Cars","18","Other","Number","0"
"TEA26","New and Secondhand Vehicles","2020","2020","04","All Goods Vehicles","-","All colours","Number","33248"
"TEA26","New and Secondhand Vehicles","2020","2020","04","All Goods Vehicles","01","Black","Number","3012"
"TEA26","New and Secondhand Vehicles","2020","2020","04","All Goods Vehicles","02","Grey","Number","4259"
"TEA26","New and Secondhand Vehicles","2020","2020","04","All Goods Vehicles","03","White","Number","20391"
"TEA26","New and Secondhand Vehicles","2020","2020","04","All Goods Vehicles","04","Beige","Number","44"
"TEA26","New and Secondhand Vehicles","2020","2020","04","All Goods Vehicles","05","Brown","Number","192"
"TEA26","New and Secondhand Vehicles","2020","2020","04","All Goods Vehicles","06","Orange","Number","200"
"TEA26","New and Secondhand Vehicles","2020","2020","04","All Goods Vehicles","07","Yellow","Number","515"
"TEA26","New and Secondhand Vehicles","2020","2020","04","All Goods Vehicles","08","Green","Number","227"
"TEA26","New and Secondhand Vehicles","2020","2020","04","All Goods Vehicles","09","Blue","Number","1841"
"TEA26","New and Secondhand Vehicles","2020","2020","04","All Goods Vehicles","10","Purple","Number","8"
"TEA26","New and Secondhand Vehicles","2020","2020","04","All Goods Vehicles","11","Pink","Number","1"
"TEA26","New and Secondhand Vehicles","2020","2020","04","All Goods Vehicles","12","Red","Number","1301"
"TEA26","New and Secondhand Vehicles","2020","2020","04","All Goods Vehicles","13","Bronze","Number","7"
"TEA26","New and Secondhand Vehicles","2020","2020","04","All Goods Vehicles","14","Gold","Number","7"
"TEA26","New and Secondhand Vehicles","2020","2020","04","All Goods Vehicles","15","Silver","Number","1166"
"TEA26","New and Secondhand Vehicles","2020","2020","04","All Goods Vehicles","16","Navy","Number","0"
"TEA26","New and Secondhand Vehicles","2020","2020","04","All Goods Vehicles","17","Multi-coloured","Number","77"
"TEA26","New and Secondhand Vehicles","2020","2020","04","All Goods Vehicles","18","Other","Number","0"
"TEA26","New and Secondhand Vehicles","2020","2020","05","All Tractors","-","All colours","Number","4838"
"TEA26","New and Secondhand Vehicles","2020","2020","05","All Tractors","01","Black","Number","47"
"TEA26","New and Secondhand Vehicles","2020","2020","05","All Tractors","02","Grey","Number","15"
"TEA26","New and Secondhand Vehicles","2020","2020","05","All Tractors","03","White","Number","25"
"TEA26","New and Secondhand Vehicles","2020","2020","05","All Tractors","04","Beige","Number","0"
"TEA26","New and Secondhand Vehicles","2020","2020","05","All Tractors","05","Brown","Number","17"
"TEA26","New and Secondhand Vehicles","2020","2020","05","All Tractors","06","Orange","Number","152"
"TEA26","New and Secondhand Vehicles","2020","2020","05","All Tractors","07","Yellow","Number","126"
"TEA26","New and Secondhand Vehicles","2020","2020","05","All Tractors","08","Green","Number","1357"
"TEA26","New and Secondhand Vehicles","2020","2020","05","All Tractors","09","Blue","Number","1459"
"TEA26","New and Secondhand Vehicles","2020","2020","05","All Tractors","10","Purple","Number","3"
"TEA26","New and Secondhand Vehicles","2020","2020","05","All Tractors","11","Pink","Number","0"
"TEA26","New and Secondhand Vehicles","2020","2020","05","All Tractors","12","Red","Number","1533"
"TEA26","New and Secondhand Vehicles","2020","2020","05","All Tractors","13","Bronze","Number","0"
"TEA26","New and Secondhand Vehicles","2020","2020","05","All Tractors","14","Gold","Number","0"
"TEA26","New and Secondhand Vehicles","2020","2020","05","All Tractors","15","Silver","Number","17"
"TEA26","New and Secondhand Vehicles","2020","2020","05","All Tractors","16","Navy","Number","0"
"TEA26","New and Secondhand Vehicles","2020","2020","05","All Tractors","17","Multi-coloured","Number","86"
"TEA26","New and Secondhand Vehicles","2020","2020","05","All Tractors","18","Other","Number","1"
"TEA26","New and Secondhand Vehicles","2020","2020","06","All Motor Cycles","-","All colours","Number","5093"
"TEA26","New and Secondhand Vehicles","2020","2020","06","All Motor Cycles","01","Black","Number","1404"
"TEA26","New and Secondhand Vehicles","2020","2020","06","All Motor Cycles","02","Grey","Number","393"
"TEA26","New and Secondhand Vehicles","2020","2020","06","All Motor Cycles","03","White","Number","671"
"TEA26","New and Secondhand Vehicles","2020","2020","06","All Motor Cycles","04","Beige","Number","10"
"TEA26","New and Secondhand Vehicles","2020","2020","06","All Motor Cycles","05","Brown","Number","27"
"TEA26","New and Secondhand Vehicles","2020","2020","06","All Motor Cycles","06","Orange","Number","154"
"TEA26","New and Secondhand Vehicles","2020","2020","06","All Motor Cycles","07","Yellow","Number","90"
"TEA26","New and Secondhand Vehicles","2020","2020","06","All Motor Cycles","08","Green","Number","299"
"TEA26","New and Secondhand Vehicles","2020","2020","06","All Motor Cycles","09","Blue","Number","697"
"TEA26","New and Secondhand Vehicles","2020","2020","06","All Motor Cycles","10","Purple","Number","11"
"TEA26","New and Secondhand Vehicles","2020","2020","06","All Motor Cycles","11","Pink","Number","1"
"TEA26","New and Secondhand Vehicles","2020","2020","06","All Motor Cycles","12","Red","Number","846"
"TEA26","New and Secondhand Vehicles","2020","2020","06","All Motor Cycles","13","Bronze","Number","15"
"TEA26","New and Secondhand Vehicles","2020","2020","06","All Motor Cycles","14","Gold","Number","11"
"TEA26","New and Secondhand Vehicles","2020","2020","06","All Motor Cycles","15","Silver","Number","269"
"TEA26","New and Secondhand Vehicles","2020","2020","06","All Motor Cycles","16","Navy","Number","1"
"TEA26","New and Secondhand Vehicles","2020","2020","06","All Motor Cycles","17","Multi-coloured","Number","194"
"TEA26","New and Secondhand Vehicles","2020","2020","06","All Motor Cycles","18","Other","Number","0"
"TEA26","New and Secondhand Vehicles","2020","2020","07","All Other Vehicles","-","All colours","Number","11957"
"TEA26","New and Secondhand Vehicles","2020","2020","07","All Other Vehicles","01","Black","Number","1482"
"TEA26","New and Secondhand Vehicles","2020","2020","07","All Other Vehicles","02","Grey","Number","2563"
"TEA26","New and Secondhand Vehicles","2020","2020","07","All Other Vehicles","03","White","Number","2992"
"TEA26","New and Secondhand Vehicles","2020","2020","07","All Other Vehicles","04","Beige","Number","69"
"TEA26","New and Secondhand Vehicles","2020","2020","07","All Other Vehicles","05","Brown","Number","153"
"TEA26","New and Secondhand Vehicles","2020","2020","07","All Other Vehicles","06","Orange","Number","117"
"TEA26","New and Secondhand Vehicles","2020","2020","07","All Other Vehicles","07","Yellow","Number","707"
"TEA26","New and Secondhand Vehicles","2020","2020","07","All Other Vehicles","08","Green","Number","294"
"TEA26","New and Secondhand Vehicles","2020","2020","07","All Other Vehicles","09","Blue","Number","1489"
"TEA26","New and Secondhand Vehicles","2020","2020","07","All Other Vehicles","10","Purple","Number","31"
"TEA26","New and Secondhand Vehicles","2020","2020","07","All Other Vehicles","11","Pink","Number","3"
"TEA26","New and Secondhand Vehicles","2020","2020","07","All Other Vehicles","12","Red","Number","1365"
"TEA26","New and Secondhand Vehicles","2020","2020","07","All Other Vehicles","13","Bronze","Number","32"
"TEA26","New and Secondhand Vehicles","2020","2020","07","All Other Vehicles","14","Gold","Number","46"
"TEA26","New and Secondhand Vehicles","2020","2020","07","All Other Vehicles","15","Silver","Number","484"
"TEA26","New and Secondhand Vehicles","2020","2020","07","All Other Vehicles","16","Navy","Number","0"
"TEA26","New and Secondhand Vehicles","2020","2020","07","All Other Vehicles","17","Multi-coloured","Number","127"
"TEA26","New and Secondhand Vehicles","2020","2020","07","All Other Vehicles","18","Other","Number","3"
"TEA26","New and Secondhand Vehicles","2021","2021","011","New Private Cars","-","All colours","Number","101853"
"TEA26","New and Secondhand Vehicles","2021","2021","011","New Private Cars","01","Black","Number","19331"
"TEA26","New and Secondhand Vehicles","2021","2021","011","New Private Cars","02","Grey","Number","36609"
"TEA26","New and Secondhand Vehicles","2021","2021","011","New Private Cars","03","White","Number","15310"
"TEA26","New and Secondhand Vehicles","2021","2021","011","New Private Cars","04","Beige","Number","0"
"TEA26","New and Secondhand Vehicles","2021","2021","011","New Private Cars","05","Brown","Number","728"
"TEA26","New and Secondhand Vehicles","2021","2021","011","New Private Cars","06","Orange","Number","758"
"TEA26","New and Secondhand Vehicles","2021","2021","011","New Private Cars","07","Yellow","Number","206"
"TEA26","New and Secondhand Vehicles","2021","2021","011","New Private Cars","08","Green","Number","678"
"TEA26","New and Secondhand Vehicles","2021","2021","011","New Private Cars","09","Blue","Number","17310"
"TEA26","New and Secondhand Vehicles","2021","2021","011","New Private Cars","10","Purple","Number","32"
"TEA26","New and Secondhand Vehicles","2021","2021","011","New Private Cars","11","Pink","Number","0"
"TEA26","New and Secondhand Vehicles","2021","2021","011","New Private Cars","12","Red","Number","10874"
"TEA26","New and Secondhand Vehicles","2021","2021","011","New Private Cars","13","Bronze","Number","0"
"TEA26","New and Secondhand Vehicles","2021","2021","011","New Private Cars","14","Gold","Number","0"
"TEA26","New and Secondhand Vehicles","2021","2021","011","New Private Cars","15","Silver","Number","16"
"TEA26","New and Secondhand Vehicles","2021","2021","011","New Private Cars","16","Navy","Number","0"
"TEA26","New and Secondhand Vehicles","2021","2021","011","New Private Cars","17","Multi-coloured","Number","1"
"TEA26","New and Secondhand Vehicles","2021","2021","011","New Private Cars","18","Other","Number","0"
"TEA26","New and Secondhand Vehicles","2021","2021","012","New Goods Vehicles","-","All colours","Number","28387"
"TEA26","New and Secondhand Vehicles","2021","2021","012","New Goods Vehicles","01","Black","Number","2519"
"TEA26","New and Secondhand Vehicles","2021","2021","012","New Goods Vehicles","02","Grey","Number","5169"
"TEA26","New and Secondhand Vehicles","2021","2021","012","New Goods Vehicles","03","White","Number","17992"
"TEA26","New and Secondhand Vehicles","2021","2021","012","New Goods Vehicles","04","Beige","Number","1"
"TEA26","New and Secondhand Vehicles","2021","2021","012","New Goods Vehicles","05","Brown","Number","95"
"TEA26","New and Secondhand Vehicles","2021","2021","012","New Goods Vehicles","06","Orange","Number","100"
"TEA26","New and Secondhand Vehicles","2021","2021","012","New Goods Vehicles","07","Yellow","Number","235"
"TEA26","New and Secondhand Vehicles","2021","2021","012","New Goods Vehicles","08","Green","Number","133"
"TEA26","New and Secondhand Vehicles","2021","2021","012","New Goods Vehicles","09","Blue","Number","1358"
"TEA26","New and Secondhand Vehicles","2021","2021","012","New Goods Vehicles","10","Purple","Number","2"
"TEA26","New and Secondhand Vehicles","2021","2021","012","New Goods Vehicles","11","Pink","Number","0"
"TEA26","New and Secondhand Vehicles","2021","2021","012","New Goods Vehicles","12","Red","Number","683"
"TEA26","New and Secondhand Vehicles","2021","2021","012","New Goods Vehicles","13","Bronze","Number","0"
"TEA26","New and Secondhand Vehicles","2021","2021","012","New Goods Vehicles","14","Gold","Number","0"
"TEA26","New and Secondhand Vehicles","2021","2021","012","New Goods Vehicles","15","Silver","Number","69"
"TEA26","New and Secondhand Vehicles","2021","2021","012","New Goods Vehicles","16","Navy","Number","1"
"TEA26","New and Secondhand Vehicles","2021","2021","012","New Goods Vehicles","17","Multi-coloured","Number","30"
"TEA26","New and Secondhand Vehicles","2021","2021","012","New Goods Vehicles","18","Other","Number","0"
"TEA26","New and Secondhand Vehicles","2021","2021","013","New Tractors","-","All colours","Number","2491"
"TEA26","New and Secondhand Vehicles","2021","2021","013","New Tractors","01","Black","Number","38"
"TEA26","New and Secondhand Vehicles","2021","2021","013","New Tractors","02","Grey","Number","29"
"TEA26","New and Secondhand Vehicles","2021","2021","013","New Tractors","03","White","Number","19"
"TEA26","New and Secondhand Vehicles","2021","2021","013","New Tractors","04","Beige","Number","0"
"TEA26","New and Secondhand Vehicles","2021","2021","013","New Tractors","05","Brown","Number","10"
"TEA26","New and Secondhand Vehicles","2021","2021","013","New Tractors","06","Orange","Number","95"
"TEA26","New and Secondhand Vehicles","2021","2021","013","New Tractors","07","Yellow","Number","41"
"TEA26","New and Secondhand Vehicles","2021","2021","013","New Tractors","08","Green","Number","884"
"TEA26","New and Secondhand Vehicles","2021","2021","013","New Tractors","09","Blue","Number","487"
"TEA26","New and Secondhand Vehicles","2021","2021","013","New Tractors","10","Purple","Number","1"
"TEA26","New and Secondhand Vehicles","2021","2021","013","New Tractors","11","Pink","Number","0"
"TEA26","New and Secondhand Vehicles","2021","2021","013","New Tractors","12","Red","Number","875"
"TEA26","New and Secondhand Vehicles","2021","2021","013","New Tractors","13","Bronze","Number","0"
"TEA26","New and Secondhand Vehicles","2021","2021","013","New Tractors","14","Gold","Number","0"
"TEA26","New and Secondhand Vehicles","2021","2021","013","New Tractors","15","Silver","Number","0"
"TEA26","New and Secondhand Vehicles","2021","2021","013","New Tractors","16","Navy","Number","0"
"TEA26","New and Secondhand Vehicles","2021","2021","013","New Tractors","17","Multi-coloured","Number","11"
"TEA26","New and Secondhand Vehicles","2021","2021","013","New Tractors","18","Other","Number","1"
"TEA26","New and Secondhand Vehicles","2021","2021","014","New Motor Cycles","-","All colours","Number","2335"
"TEA26","New and Secondhand Vehicles","2021","2021","014","New Motor Cycles","01","Black","Number","689"
"TEA26","New and Secondhand Vehicles","2021","2021","014","New Motor Cycles","02","Grey","Number","320"
"TEA26","New and Secondhand Vehicles","2021","2021","014","New Motor Cycles","03","White","Number","348"
"TEA26","New and Secondhand Vehicles","2021","2021","014","New Motor Cycles","04","Beige","Number","2"
"TEA26","New and Secondhand Vehicles","2021","2021","014","New Motor Cycles","05","Brown","Number","13"
"TEA26","New and Secondhand Vehicles","2021","2021","014","New Motor Cycles","06","Orange","Number","65"
"TEA26","New and Secondhand Vehicles","2021","2021","014","New Motor Cycles","07","Yellow","Number","20"
"TEA26","New and Secondhand Vehicles","2021","2021","014","New Motor Cycles","08","Green","Number","121"
"TEA26","New and Secondhand Vehicles","2021","2021","014","New Motor Cycles","09","Blue","Number","265"
"TEA26","New and Secondhand Vehicles","2021","2021","014","New Motor Cycles","10","Purple","Number","1"
"TEA26","New and Secondhand Vehicles","2021","2021","014","New Motor Cycles","11","Pink","Number","0"
"TEA26","New and Secondhand Vehicles","2021","2021","014","New Motor Cycles","12","Red","Number","397"
"TEA26","New and Secondhand Vehicles","2021","2021","014","New Motor Cycles","13","Bronze","Number","2"
"TEA26","New and Secondhand Vehicles","2021","2021","014","New Motor Cycles","14","Gold","Number","6"
"TEA26","New and Secondhand Vehicles","2021","2021","014","New Motor Cycles","15","Silver","Number","81"
"TEA26","New and Secondhand Vehicles","2021","2021","014","New Motor Cycles","16","Navy","Number","2"
"TEA26","New and Secondhand Vehicles","2021","2021","014","New Motor Cycles","17","Multi-coloured","Number","3"
"TEA26","New and Secondhand Vehicles","2021","2021","014","New Motor Cycles","18","Other","Number","0"
"TEA26","New and Secondhand Vehicles","2021","2021","01606","New Other Vehicles","-","All colours","Number","7310"
"TEA26","New and Secondhand Vehicles","2021","2021","01606","New Other Vehicles","01","Black","Number","966"
"TEA26","New and Secondhand Vehicles","2021","2021","01606","New Other Vehicles","02","Grey","Number","2039"
"TEA26","New and Secondhand Vehicles","2021","2021","01606","New Other Vehicles","03","White","Number","1521"
"TEA26","New and Secondhand Vehicles","2021","2021","01606","New Other Vehicles","04","Beige","Number","0"
"TEA26","New and Secondhand Vehicles","2021","2021","01606","New Other Vehicles","05","Brown","Number","82"
"TEA26","New and Secondhand Vehicles","2021","2021","01606","New Other Vehicles","06","Orange","Number","84"
"TEA26","New and Secondhand Vehicles","2021","2021","01606","New Other Vehicles","07","Yellow","Number","664"
"TEA26","New and Secondhand Vehicles","2021","2021","01606","New Other Vehicles","08","Green","Number","240"
"TEA26","New and Secondhand Vehicles","2021","2021","01606","New Other Vehicles","09","Blue","Number","924"
"TEA26","New and Secondhand Vehicles","2021","2021","01606","New Other Vehicles","10","Purple","Number","2"
"TEA26","New and Secondhand Vehicles","2021","2021","01606","New Other Vehicles","11","Pink","Number","0"
"TEA26","New and Secondhand Vehicles","2021","2021","01606","New Other Vehicles","12","Red","Number","713"
"TEA26","New and Secondhand Vehicles","2021","2021","01606","New Other Vehicles","13","Bronze","Number","0"
"TEA26","New and Secondhand Vehicles","2021","2021","01606","New Other Vehicles","14","Gold","Number","1"
"TEA26","New and Secondhand Vehicles","2021","2021","01606","New Other Vehicles","15","Silver","Number","15"
"TEA26","New and Secondhand Vehicles","2021","2021","01606","New Other Vehicles","16","Navy","Number","0"
"TEA26","New and Secondhand Vehicles","2021","2021","01606","New Other Vehicles","17","Multi-coloured","Number","59"
"TEA26","New and Secondhand Vehicles","2021","2021","01606","New Other Vehicles","18","Other","Number","0"
"TEA26","New and Secondhand Vehicles","2021","2021","021","Secondhand Private Cars","-","All colours","Number","68042"
"TEA26","New and Secondhand Vehicles","2021","2021","021","Secondhand Private Cars","01","Black","Number","15662"
"TEA26","New and Secondhand Vehicles","2021","2021","021","Secondhand Private Cars","02","Grey","Number","12066"
"TEA26","New and Secondhand Vehicles","2021","2021","021","Secondhand Private Cars","03","White","Number","13797"
"TEA26","New and Secondhand Vehicles","2021","2021","021","Secondhand Private Cars","04","Beige","Number","258"
"TEA26","New and Secondhand Vehicles","2021","2021","021","Secondhand Private Cars","05","Brown","Number","295"
"TEA26","New and Secondhand Vehicles","2021","2021","021","Secondhand Private Cars","06","Orange","Number","213"
"TEA26","New and Secondhand Vehicles","2021","2021","021","Secondhand Private Cars","07","Yellow","Number","122"
"TEA26","New and Secondhand Vehicles","2021","2021","021","Secondhand Private Cars","08","Green","Number","352"
"TEA26","New and Secondhand Vehicles","2021","2021","021","Secondhand Private Cars","09","Blue","Number","10335"
"TEA26","New and Secondhand Vehicles","2021","2021","021","Secondhand Private Cars","10","Purple","Number","183"
"TEA26","New and Secondhand Vehicles","2021","2021","021","Secondhand Private Cars","11","Pink","Number","44"
"TEA26","New and Secondhand Vehicles","2021","2021","021","Secondhand Private Cars","12","Red","Number","5916"
"TEA26","New and Secondhand Vehicles","2021","2021","021","Secondhand Private Cars","13","Bronze","Number","229"
"TEA26","New and Secondhand Vehicles","2021","2021","021","Secondhand Private Cars","14","Gold","Number","64"
"TEA26","New and Secondhand Vehicles","2021","2021","021","Secondhand Private Cars","15","Silver","Number","8411"
"TEA26","New and Secondhand Vehicles","2021","2021","021","Secondhand Private Cars","16","Navy","Number","41"
"TEA26","New and Secondhand Vehicles","2021","2021","021","Secondhand Private Cars","17","Multi-coloured","Number","54"
"TEA26","New and Secondhand Vehicles","2021","2021","021","Secondhand Private Cars","18","Other","Number","0"
"TEA26","New and Secondhand Vehicles","2021","2021","022","Secondhand Goods Vehicles","-","All colours","Number","10631"
"TEA26","New and Secondhand Vehicles","2021","2021","022","Secondhand Goods Vehicles","01","Black","Number","1192"
"TEA26","New and Secondhand Vehicles","2021","2021","022","Secondhand Goods Vehicles","02","Grey","Number","944"
"TEA26","New and Secondhand Vehicles","2021","2021","022","Secondhand Goods Vehicles","03","White","Number","5709"
"TEA26","New and Secondhand Vehicles","2021","2021","022","Secondhand Goods Vehicles","04","Beige","Number","13"
"TEA26","New and Secondhand Vehicles","2021","2021","022","Secondhand Goods Vehicles","05","Brown","Number","26"
"TEA26","New and Secondhand Vehicles","2021","2021","022","Secondhand Goods Vehicles","06","Orange","Number","119"
"TEA26","New and Secondhand Vehicles","2021","2021","022","Secondhand Goods Vehicles","07","Yellow","Number","134"
"TEA26","New and Secondhand Vehicles","2021","2021","022","Secondhand Goods Vehicles","08","Green","Number","184"
"TEA26","New and Secondhand Vehicles","2021","2021","022","Secondhand Goods Vehicles","09","Blue","Number","770"
"TEA26","New and Secondhand Vehicles","2021","2021","022","Secondhand Goods Vehicles","10","Purple","Number","4"
"TEA26","New and Secondhand Vehicles","2021","2021","022","Secondhand Goods Vehicles","11","Pink","Number","11"
"TEA26","New and Secondhand Vehicles","2021","2021","022","Secondhand Goods Vehicles","12","Red","Number","455"
"TEA26","New and Secondhand Vehicles","2021","2021","022","Secondhand Goods Vehicles","13","Bronze","Number","14"
"TEA26","New and Secondhand Vehicles","2021","2021","022","Secondhand Goods Vehicles","14","Gold","Number","11"
"TEA26","New and Secondhand Vehicles","2021","2021","022","Secondhand Goods Vehicles","15","Silver","Number","912"
"TEA26","New and Secondhand Vehicles","2021","2021","022","Secondhand Goods Vehicles","16","Navy","Number","0"
"TEA26","New and Secondhand Vehicles","2021","2021","022","Secondhand Goods Vehicles","17","Multi-coloured","Number","133"
"TEA26","New and Secondhand Vehicles","2021","2021","022","Secondhand Goods Vehicles","18","Other","Number","0"
"TEA26","New and Secondhand Vehicles","2021","2021","023","Secondhand Tractors","-","All colours","Number","3341"
"TEA26","New and Secondhand Vehicles","2021","2021","023","Secondhand Tractors","01","Black","Number","32"
"TEA26","New and Secondhand Vehicles","2021","2021","023","Secondhand Tractors","02","Grey","Number","8"
"TEA26","New and Secondhand Vehicles","2021","2021","023","Secondhand Tractors","03","White","Number","26"
"TEA26","New and Secondhand Vehicles","2021","2021","023","Secondhand Tractors","04","Beige","Number","3"
"TEA26","New and Secondhand Vehicles","2021","2021","023","Secondhand Tractors","05","Brown","Number","12"
"TEA26","New and Secondhand Vehicles","2021","2021","023","Secondhand Tractors","06","Orange","Number","44"
"TEA26","New and Secondhand Vehicles","2021","2021","023","Secondhand Tractors","07","Yellow","Number","130"
"TEA26","New and Secondhand Vehicles","2021","2021","023","Secondhand Tractors","08","Green","Number","632"
"TEA26","New and Secondhand Vehicles","2021","2021","023","Secondhand Tractors","09","Blue","Number","1305"
"TEA26","New and Secondhand Vehicles","2021","2021","023","Secondhand Tractors","10","Purple","Number","1"
"TEA26","New and Secondhand Vehicles","2021","2021","023","Secondhand Tractors","11","Pink","Number","0"
"TEA26","New and Secondhand Vehicles","2021","2021","023","Secondhand Tractors","12","Red","Number","1043"
"TEA26","New and Secondhand Vehicles","2021","2021","023","Secondhand Tractors","13","Bronze","Number","0"
"TEA26","New and Secondhand Vehicles","2021","2021","023","Secondhand Tractors","14","Gold","Number","3"
"TEA26","New and Secondhand Vehicles","2021","2021","023","Secondhand Tractors","15","Silver","Number","14"
"TEA26","New and Secondhand Vehicles","2021","2021","023","Secondhand Tractors","16","Navy","Number","0"
"TEA26","New and Secondhand Vehicles","2021","2021","023","Secondhand Tractors","17","Multi-coloured","Number","88"
"TEA26","New and Secondhand Vehicles","2021","2021","023","Secondhand Tractors","18","Other","Number","0"
"TEA26","New and Secondhand Vehicles","2021","2021","024","Secondhand Other Vehicles","-","All colours","Number","6511"
"TEA26","New and Secondhand Vehicles","2021","2021","024","Secondhand Other Vehicles","01","Black","Number","586"
"TEA26","New and Secondhand Vehicles","2021","2021","024","Secondhand Other Vehicles","02","Grey","Number","438"
"TEA26","New and Secondhand Vehicles","2021","2021","024","Secondhand Other Vehicles","03","White","Number","1965"
"TEA26","New and Secondhand Vehicles","2021","2021","024","Secondhand Other Vehicles","04","Beige","Number","75"
"TEA26","New and Secondhand Vehicles","2021","2021","024","Secondhand Other Vehicles","05","Brown","Number","38"
"TEA26","New and Secondhand Vehicles","2021","2021","024","Secondhand Other Vehicles","06","Orange","Number","55"
"TEA26","New and Secondhand Vehicles","2021","2021","024","Secondhand Other Vehicles","07","Yellow","Number","468"
"TEA26","New and Secondhand Vehicles","2021","2021","024","Secondhand Other Vehicles","08","Green","Number","319"
"TEA26","New and Secondhand Vehicles","2021","2021","024","Secondhand Other Vehicles","09","Blue","Number","843"
"TEA26","New and Secondhand Vehicles","2021","2021","024","Secondhand Other Vehicles","10","Purple","Number","23"
"TEA26","New and Secondhand Vehicles","2021","2021","024","Secondhand Other Vehicles","11","Pink","Number","5"
"TEA26","New and Secondhand Vehicles","2021","2021","024","Secondhand Other Vehicles","12","Red","Number","915"
"TEA26","New and Secondhand Vehicles","2021","2021","024","Secondhand Other Vehicles","13","Bronze","Number","29"
"TEA26","New and Secondhand Vehicles","2021","2021","024","Secondhand Other Vehicles","14","Gold","Number","44"
"TEA26","New and Secondhand Vehicles","2021","2021","024","Secondhand Other Vehicles","15","Silver","Number","516"
"TEA26","New and Secondhand Vehicles","2021","2021","024","Secondhand Other Vehicles","16","Navy","Number","2"
"TEA26","New and Secondhand Vehicles","2021","2021","024","Secondhand Other Vehicles","17","Multi-coloured","Number","189"
"TEA26","New and Secondhand Vehicles","2021","2021","024","Secondhand Other Vehicles","18","Other","Number","1"
"TEA26","New and Secondhand Vehicles","2021","2021","025","Secondhand Motor Cycles","-","All colours","Number","3436"
"TEA26","New and Secondhand Vehicles","2021","2021","025","Secondhand Motor Cycles","01","Black","Number","838"
"TEA26","New and Secondhand Vehicles","2021","2021","025","Secondhand Motor Cycles","02","Grey","Number","192"
"TEA26","New and Secondhand Vehicles","2021","2021","025","Secondhand Motor Cycles","03","White","Number","404"
"TEA26","New and Secondhand Vehicles","2021","2021","025","Secondhand Motor Cycles","04","Beige","Number","14"
"TEA26","New and Secondhand Vehicles","2021","2021","025","Secondhand Motor Cycles","05","Brown","Number","17"
"TEA26","New and Secondhand Vehicles","2021","2021","025","Secondhand Motor Cycles","06","Orange","Number","114"
"TEA26","New and Secondhand Vehicles","2021","2021","025","Secondhand Motor Cycles","07","Yellow","Number","75"
"TEA26","New and Secondhand Vehicles","2021","2021","025","Secondhand Motor Cycles","08","Green","Number","194"
"TEA26","New and Secondhand Vehicles","2021","2021","025","Secondhand Motor Cycles","09","Blue","Number","482"
"TEA26","New and Secondhand Vehicles","2021","2021","025","Secondhand Motor Cycles","10","Purple","Number","21"
"TEA26","New and Secondhand Vehicles","2021","2021","025","Secondhand Motor Cycles","11","Pink","Number","3"
"TEA26","New and Secondhand Vehicles","2021","2021","025","Secondhand Motor Cycles","12","Red","Number","543"
"TEA26","New and Secondhand Vehicles","2021","2021","025","Secondhand Motor Cycles","13","Bronze","Number","16"
"TEA26","New and Secondhand Vehicles","2021","2021","025","Secondhand Motor Cycles","14","Gold","Number","10"
"TEA26","New and Secondhand Vehicles","2021","2021","025","Secondhand Motor Cycles","15","Silver","Number","246"
"TEA26","New and Secondhand Vehicles","2021","2021","025","Secondhand Motor Cycles","16","Navy","Number","4"
"TEA26","New and Secondhand Vehicles","2021","2021","025","Secondhand Motor Cycles","17","Multi-coloured","Number","263"
"TEA26","New and Secondhand Vehicles","2021","2021","025","Secondhand Motor Cycles","18","Other","Number","0"
"TEA26","New and Secondhand Vehicles","2021","2021","03","All Private Cars","-","All colours","Number","169895"
"TEA26","New and Secondhand Vehicles","2021","2021","03","All Private Cars","01","Black","Number","34993"
"TEA26","New and Secondhand Vehicles","2021","2021","03","All Private Cars","02","Grey","Number","48675"
"TEA26","New and Secondhand Vehicles","2021","2021","03","All Private Cars","03","White","Number","29107"
"TEA26","New and Secondhand Vehicles","2021","2021","03","All Private Cars","04","Beige","Number","258"
"TEA26","New and Secondhand Vehicles","2021","2021","03","All Private Cars","05","Brown","Number","1023"
"TEA26","New and Secondhand Vehicles","2021","2021","03","All Private Cars","06","Orange","Number","971"
"TEA26","New and Secondhand Vehicles","2021","2021","03","All Private Cars","07","Yellow","Number","328"
"TEA26","New and Secondhand Vehicles","2021","2021","03","All Private Cars","08","Green","Number","1030"
"TEA26","New and Secondhand Vehicles","2021","2021","03","All Private Cars","09","Blue","Number","27645"
"TEA26","New and Secondhand Vehicles","2021","2021","03","All Private Cars","10","Purple","Number","215"
"TEA26","New and Secondhand Vehicles","2021","2021","03","All Private Cars","11","Pink","Number","44"
"TEA26","New and Secondhand Vehicles","2021","2021","03","All Private Cars","12","Red","Number","16790"
"TEA26","New and Secondhand Vehicles","2021","2021","03","All Private Cars","13","Bronze","Number","229"
"TEA26","New and Secondhand Vehicles","2021","2021","03","All Private Cars","14","Gold","Number","64"
"TEA26","New and Secondhand Vehicles","2021","2021","03","All Private Cars","15","Silver","Number","8427"
"TEA26","New and Secondhand Vehicles","2021","2021","03","All Private Cars","16","Navy","Number","41"
"TEA26","New and Secondhand Vehicles","2021","2021","03","All Private Cars","17","Multi-coloured","Number","55"
"TEA26","New and Secondhand Vehicles","2021","2021","03","All Private Cars","18","Other","Number","0"
"TEA26","New and Secondhand Vehicles","2021","2021","04","All Goods Vehicles","-","All colours","Number","39018"
"TEA26","New and Secondhand Vehicles","2021","2021","04","All Goods Vehicles","01","Black","Number","3711"
"TEA26","New and Secondhand Vehicles","2021","2021","04","All Goods Vehicles","02","Grey","Number","6113"
"TEA26","New and Secondhand Vehicles","2021","2021","04","All Goods Vehicles","03","White","Number","23701"
"TEA26","New and Secondhand Vehicles","2021","2021","04","All Goods Vehicles","04","Beige","Number","14"
"TEA26","New and Secondhand Vehicles","2021","2021","04","All Goods Vehicles","05","Brown","Number","121"
"TEA26","New and Secondhand Vehicles","2021","2021","04","All Goods Vehicles","06","Orange","Number","219"
"TEA26","New and Secondhand Vehicles","2021","2021","04","All Goods Vehicles","07","Yellow","Number","369"
"TEA26","New and Secondhand Vehicles","2021","2021","04","All Goods Vehicles","08","Green","Number","317"
"TEA26","New and Secondhand Vehicles","2021","2021","04","All Goods Vehicles","09","Blue","Number","2128"
"TEA26","New and Secondhand Vehicles","2021","2021","04","All Goods Vehicles","10","Purple","Number","6"
"TEA26","New and Secondhand Vehicles","2021","2021","04","All Goods Vehicles","11","Pink","Number","11"
"TEA26","New and Secondhand Vehicles","2021","2021","04","All Goods Vehicles","12","Red","Number","1138"
"TEA26","New and Secondhand Vehicles","2021","2021","04","All Goods Vehicles","13","Bronze","Number","14"
"TEA26","New and Secondhand Vehicles","2021","2021","04","All Goods Vehicles","14","Gold","Number","11"
"TEA26","New and Secondhand Vehicles","2021","2021","04","All Goods Vehicles","15","Silver","Number","981"
"TEA26","New and Secondhand Vehicles","2021","2021","04","All Goods Vehicles","16","Navy","Number","1"
"TEA26","New and Secondhand Vehicles","2021","2021","04","All Goods Vehicles","17","Multi-coloured","Number","163"
"TEA26","New and Secondhand Vehicles","2021","2021","04","All Goods Vehicles","18","Other","Number","0"
"TEA26","New and Secondhand Vehicles","2021","2021","05","All Tractors","-","All colours","Number","5832"
"TEA26","New and Secondhand Vehicles","2021","2021","05","All Tractors","01","Black","Number","70"
"TEA26","New and Secondhand Vehicles","2021","2021","05","All Tractors","02","Grey","Number","37"
"TEA26","New and Secondhand Vehicles","2021","2021","05","All Tractors","03","White","Number","45"
"TEA26","New and Secondhand Vehicles","2021","2021","05","All Tractors","04","Beige","Number","3"
"TEA26","New and Secondhand Vehicles","2021","2021","05","All Tractors","05","Brown","Number","22"
"TEA26","New and Secondhand Vehicles","2021","2021","05","All Tractors","06","Orange","Number","139"
"TEA26","New and Secondhand Vehicles","2021","2021","05","All Tractors","07","Yellow","Number","171"
"TEA26","New and Secondhand Vehicles","2021","2021","05","All Tractors","08","Green","Number","1516"
"TEA26","New and Secondhand Vehicles","2021","2021","05","All Tractors","09","Blue","Number","1792"
"TEA26","New and Secondhand Vehicles","2021","2021","05","All Tractors","10","Purple","Number","2"
"TEA26","New and Secondhand Vehicles","2021","2021","05","All Tractors","11","Pink","Number","0"
"TEA26","New and Secondhand Vehicles","2021","2021","05","All Tractors","12","Red","Number","1918"
"TEA26","New and Secondhand Vehicles","2021","2021","05","All Tractors","13","Bronze","Number","0"
"TEA26","New and Secondhand Vehicles","2021","2021","05","All Tractors","14","Gold","Number","3"
"TEA26","New and Secondhand Vehicles","2021","2021","05","All Tractors","15","Silver","Number","14"
"TEA26","New and Secondhand Vehicles","2021","2021","05","All Tractors","16","Navy","Number","0"
"TEA26","New and Secondhand Vehicles","2021","2021","05","All Tractors","17","Multi-coloured","Number","99"
"TEA26","New and Secondhand Vehicles","2021","2021","05","All Tractors","18","Other","Number","1"
"TEA26","New and Secondhand Vehicles","2021","2021","06","All Motor Cycles","-","All colours","Number","5771"
"TEA26","New and Secondhand Vehicles","2021","2021","06","All Motor Cycles","01","Black","Number","1527"
"TEA26","New and Secondhand Vehicles","2021","2021","06","All Motor Cycles","02","Grey","Number","512"
"TEA26","New and Secondhand Vehicles","2021","2021","06","All Motor Cycles","03","White","Number","752"
"TEA26","New and Secondhand Vehicles","2021","2021","06","All Motor Cycles","04","Beige","Number","16"
"TEA26","New and Secondhand Vehicles","2021","2021","06","All Motor Cycles","05","Brown","Number","30"
"TEA26","New and Secondhand Vehicles","2021","2021","06","All Motor Cycles","06","Orange","Number","179"
"TEA26","New and Secondhand Vehicles","2021","2021","06","All Motor Cycles","07","Yellow","Number","95"
"TEA26","New and Secondhand Vehicles","2021","2021","06","All Motor Cycles","08","Green","Number","315"
"TEA26","New and Secondhand Vehicles","2021","2021","06","All Motor Cycles","09","Blue","Number","747"
"TEA26","New and Secondhand Vehicles","2021","2021","06","All Motor Cycles","10","Purple","Number","22"
"TEA26","New and Secondhand Vehicles","2021","2021","06","All Motor Cycles","11","Pink","Number","3"
"TEA26","New and Secondhand Vehicles","2021","2021","06","All Motor Cycles","12","Red","Number","940"
"TEA26","New and Secondhand Vehicles","2021","2021","06","All Motor Cycles","13","Bronze","Number","18"
"TEA26","New and Secondhand Vehicles","2021","2021","06","All Motor Cycles","14","Gold","Number","16"
"TEA26","New and Secondhand Vehicles","2021","2021","06","All Motor Cycles","15","Silver","Number","327"
"TEA26","New and Secondhand Vehicles","2021","2021","06","All Motor Cycles","16","Navy","Number","6"
"TEA26","New and Secondhand Vehicles","2021","2021","06","All Motor Cycles","17","Multi-coloured","Number","266"
"TEA26","New and Secondhand Vehicles","2021","2021","06","All Motor Cycles","18","Other","Number","0"
"TEA26","New and Secondhand Vehicles","2021","2021","07","All Other Vehicles","-","All colours","Number","13821"
"TEA26","New and Secondhand Vehicles","2021","2021","07","All Other Vehicles","01","Black","Number","1552"
"TEA26","New and Secondhand Vehicles","2021","2021","07","All Other Vehicles","02","Grey","Number","2477"
"TEA26","New and Secondhand Vehicles","2021","2021","07","All Other Vehicles","03","White","Number","3486"
"TEA26","New and Secondhand Vehicles","2021","2021","07","All Other Vehicles","04","Beige","Number","75"
"TEA26","New and Secondhand Vehicles","2021","2021","07","All Other Vehicles","05","Brown","Number","120"
"TEA26","New and Secondhand Vehicles","2021","2021","07","All Other Vehicles","06","Orange","Number","139"
"TEA26","New and Secondhand Vehicles","2021","2021","07","All Other Vehicles","07","Yellow","Number","1132"
"TEA26","New and Secondhand Vehicles","2021","2021","07","All Other Vehicles","08","Green","Number","559"
"TEA26","New and Secondhand Vehicles","2021","2021","07","All Other Vehicles","09","Blue","Number","1767"
"TEA26","New and Secondhand Vehicles","2021","2021","07","All Other Vehicles","10","Purple","Number","25"
"TEA26","New and Secondhand Vehicles","2021","2021","07","All Other Vehicles","11","Pink","Number","5"
"TEA26","New and Secondhand Vehicles","2021","2021","07","All Other Vehicles","12","Red","Number","1628"
"TEA26","New and Secondhand Vehicles","2021","2021","07","All Other Vehicles","13","Bronze","Number","29"
"TEA26","New and Secondhand Vehicles","2021","2021","07","All Other Vehicles","14","Gold","Number","45"
"TEA26","New and Secondhand Vehicles","2021","2021","07","All Other Vehicles","15","Silver","Number","531"
"TEA26","New and Secondhand Vehicles","2021","2021","07","All Other Vehicles","16","Navy","Number","2"
"TEA26","New and Secondhand Vehicles","2021","2021","07","All Other Vehicles","17","Multi-coloured","Number","248"
"TEA26","New and Secondhand Vehicles","2021","2021","07","All Other Vehicles","18","Other","Number","1"
"TEA26","New and Secondhand Vehicles","2022","2022","011","New Private Cars","-","All colours","Number","101349"
"TEA26","New and Secondhand Vehicles","2022","2022","011","New Private Cars","01","Black","Number","18896"
"TEA26","New and Secondhand Vehicles","2022","2022","011","New Private Cars","02","Grey","Number","37925"
"TEA26","New and Secondhand Vehicles","2022","2022","011","New Private Cars","03","White","Number","14686"
"TEA26","New and Secondhand Vehicles","2022","2022","011","New Private Cars","04","Beige","Number","0"
"TEA26","New and Secondhand Vehicles","2022","2022","011","New Private Cars","05","Brown","Number","612"
"TEA26","New and Secondhand Vehicles","2022","2022","011","New Private Cars","06","Orange","Number","671"
"TEA26","New and Secondhand Vehicles","2022","2022","011","New Private Cars","07","Yellow","Number","335"
"TEA26","New and Secondhand Vehicles","2022","2022","011","New Private Cars","08","Green","Number","1472"
"TEA26","New and Secondhand Vehicles","2022","2022","011","New Private Cars","09","Blue","Number","16192"
"TEA26","New and Secondhand Vehicles","2022","2022","011","New Private Cars","10","Purple","Number","54"
"TEA26","New and Secondhand Vehicles","2022","2022","011","New Private Cars","11","Pink","Number","0"
"TEA26","New and Secondhand Vehicles","2022","2022","011","New Private Cars","12","Red","Number","10486"
"TEA26","New and Secondhand Vehicles","2022","2022","011","New Private Cars","13","Bronze","Number","1"
"TEA26","New and Secondhand Vehicles","2022","2022","011","New Private Cars","14","Gold","Number","1"
"TEA26","New and Secondhand Vehicles","2022","2022","011","New Private Cars","15","Silver","Number","14"
"TEA26","New and Secondhand Vehicles","2022","2022","011","New Private Cars","16","Navy","Number","1"
"TEA26","New and Secondhand Vehicles","2022","2022","011","New Private Cars","17","Multi-coloured","Number","3"
"TEA26","New and Secondhand Vehicles","2022","2022","011","New Private Cars","18","Other","Number","0"
"TEA26","New and Secondhand Vehicles","2022","2022","012","New Goods Vehicles","-","All colours","Number","23655"
"TEA26","New and Secondhand Vehicles","2022","2022","012","New Goods Vehicles","01","Black","Number","2274"
"TEA26","New and Secondhand Vehicles","2022","2022","012","New Goods Vehicles","02","Grey","Number","4207"
"TEA26","New and Secondhand Vehicles","2022","2022","012","New Goods Vehicles","03","White","Number","14649"
"TEA26","New and Secondhand Vehicles","2022","2022","012","New Goods Vehicles","04","Beige","Number","36"
"TEA26","New and Secondhand Vehicles","2022","2022","012","New Goods Vehicles","05","Brown","Number","124"
"TEA26","New and Secondhand Vehicles","2022","2022","012","New Goods Vehicles","06","Orange","Number","69"
"TEA26","New and Secondhand Vehicles","2022","2022","012","New Goods Vehicles","07","Yellow","Number","147"
"TEA26","New and Secondhand Vehicles","2022","2022","012","New Goods Vehicles","08","Green","Number","146"
"TEA26","New and Secondhand Vehicles","2022","2022","012","New Goods Vehicles","09","Blue","Number","1255"
"TEA26","New and Secondhand Vehicles","2022","2022","012","New Goods Vehicles","10","Purple","Number","3"
"TEA26","New and Secondhand Vehicles","2022","2022","012","New Goods Vehicles","11","Pink","Number","0"
"TEA26","New and Secondhand Vehicles","2022","2022","012","New Goods Vehicles","12","Red","Number","700"
"TEA26","New and Secondhand Vehicles","2022","2022","012","New Goods Vehicles","13","Bronze","Number","0"
"TEA26","New and Secondhand Vehicles","2022","2022","012","New Goods Vehicles","14","Gold","Number","2"
"TEA26","New and Secondhand Vehicles","2022","2022","012","New Goods Vehicles","15","Silver","Number","40"
"TEA26","New and Secondhand Vehicles","2022","2022","012","New Goods Vehicles","16","Navy","Number","1"
"TEA26","New and Secondhand Vehicles","2022","2022","012","New Goods Vehicles","17","Multi-coloured","Number","2"
"TEA26","New and Secondhand Vehicles","2022","2022","012","New Goods Vehicles","18","Other","Number","0"
"TEA26","New and Secondhand Vehicles","2022","2022","013","New Tractors","-","All colours","Number","2368"
"TEA26","New and Secondhand Vehicles","2022","2022","013","New Tractors","01","Black","Number","45"
"TEA26","New and Secondhand Vehicles","2022","2022","013","New Tractors","02","Grey","Number","21"
"TEA26","New and Secondhand Vehicles","2022","2022","013","New Tractors","03","White","Number","7"
"TEA26","New and Secondhand Vehicles","2022","2022","013","New Tractors","04","Beige","Number","0"
"TEA26","New and Secondhand Vehicles","2022","2022","013","New Tractors","05","Brown","Number","18"
"TEA26","New and Secondhand Vehicles","2022","2022","013","New Tractors","06","Orange","Number","82"
"TEA26","New and Secondhand Vehicles","2022","2022","013","New Tractors","07","Yellow","Number","33"
"TEA26","New and Secondhand Vehicles","2022","2022","013","New Tractors","08","Green","Number","955"
"TEA26","New and Secondhand Vehicles","2022","2022","013","New Tractors","09","Blue","Number","423"
"TEA26","New and Secondhand Vehicles","2022","2022","013","New Tractors","10","Purple","Number","0"
"TEA26","New and Secondhand Vehicles","2022","2022","013","New Tractors","11","Pink","Number","0"
"TEA26","New and Secondhand Vehicles","2022","2022","013","New Tractors","12","Red","Number","770"
"TEA26","New and Secondhand Vehicles","2022","2022","013","New Tractors","13","Bronze","Number","1"
"TEA26","New and Secondhand Vehicles","2022","2022","013","New Tractors","14","Gold","Number","0"
"TEA26","New and Secondhand Vehicles","2022","2022","013","New Tractors","15","Silver","Number","1"
"TEA26","New and Secondhand Vehicles","2022","2022","013","New Tractors","16","Navy","Number","0"
"TEA26","New and Secondhand Vehicles","2022","2022","013","New Tractors","17","Multi-coloured","Number","12"
"TEA26","New and Secondhand Vehicles","2022","2022","013","New Tractors","18","Other","Number","0"
"TEA26","New and Secondhand Vehicles","2022","2022","014","New Motor Cycles","-","All colours","Number","2871"
"TEA26","New and Secondhand Vehicles","2022","2022","014","New Motor Cycles","01","Black","Number","876"
"TEA26","New and Secondhand Vehicles","2022","2022","014","New Motor Cycles","02","Grey","Number","432"
"TEA26","New and Secondhand Vehicles","2022","2022","014","New Motor Cycles","03","White","Number","405"
"TEA26","New and Secondhand Vehicles","2022","2022","014","New Motor Cycles","04","Beige","Number","2"
"TEA26","New and Secondhand Vehicles","2022","2022","014","New Motor Cycles","05","Brown","Number","21"
"TEA26","New and Secondhand Vehicles","2022","2022","014","New Motor Cycles","06","Orange","Number","69"
"TEA26","New and Secondhand Vehicles","2022","2022","014","New Motor Cycles","07","Yellow","Number","50"
"TEA26","New and Secondhand Vehicles","2022","2022","014","New Motor Cycles","08","Green","Number","146"
"TEA26","New and Secondhand Vehicles","2022","2022","014","New Motor Cycles","09","Blue","Number","305"
"TEA26","New and Secondhand Vehicles","2022","2022","014","New Motor Cycles","10","Purple","Number","2"
"TEA26","New and Secondhand Vehicles","2022","2022","014","New Motor Cycles","11","Pink","Number","0"
"TEA26","New and Secondhand Vehicles","2022","2022","014","New Motor Cycles","12","Red","Number","451"
"TEA26","New and Secondhand Vehicles","2022","2022","014","New Motor Cycles","13","Bronze","Number","1"
"TEA26","New and Secondhand Vehicles","2022","2022","014","New Motor Cycles","14","Gold","Number","4"
"TEA26","New and Secondhand Vehicles","2022","2022","014","New Motor Cycles","15","Silver","Number","94"
"TEA26","New and Secondhand Vehicles","2022","2022","014","New Motor Cycles","16","Navy","Number","1"
"TEA26","New and Secondhand Vehicles","2022","2022","014","New Motor Cycles","17","Multi-coloured","Number","12"
"TEA26","New and Secondhand Vehicles","2022","2022","014","New Motor Cycles","18","Other","Number","0"
"TEA26","New and Secondhand Vehicles","2022","2022","01606","New Other Vehicles","-","All colours","Number","7005"
"TEA26","New and Secondhand Vehicles","2022","2022","01606","New Other Vehicles","01","Black","Number","938"
"TEA26","New and Secondhand Vehicles","2022","2022","01606","New Other Vehicles","02","Grey","Number","2159"
"TEA26","New and Secondhand Vehicles","2022","2022","01606","New Other Vehicles","03","White","Number","1398"
"TEA26","New and Secondhand Vehicles","2022","2022","01606","New Other Vehicles","04","Beige","Number","5"
"TEA26","New and Secondhand Vehicles","2022","2022","01606","New Other Vehicles","05","Brown","Number","54"
"TEA26","New and Secondhand Vehicles","2022","2022","01606","New Other Vehicles","06","Orange","Number","54"
"TEA26","New and Secondhand Vehicles","2022","2022","01606","New Other Vehicles","07","Yellow","Number","542"
"TEA26","New and Secondhand Vehicles","2022","2022","01606","New Other Vehicles","08","Green","Number","199"
"TEA26","New and Secondhand Vehicles","2022","2022","01606","New Other Vehicles","09","Blue","Number","906"
"TEA26","New and Secondhand Vehicles","2022","2022","01606","New Other Vehicles","10","Purple","Number","1"
"TEA26","New and Secondhand Vehicles","2022","2022","01606","New Other Vehicles","11","Pink","Number","0"
"TEA26","New and Secondhand Vehicles","2022","2022","01606","New Other Vehicles","12","Red","Number","716"
"TEA26","New and Secondhand Vehicles","2022","2022","01606","New Other Vehicles","13","Bronze","Number","1"
"TEA26","New and Secondhand Vehicles","2022","2022","01606","New Other Vehicles","14","Gold","Number","1"
"TEA26","New and Secondhand Vehicles","2022","2022","01606","New Other Vehicles","15","Silver","Number","20"
"TEA26","New and Secondhand Vehicles","2022","2022","01606","New Other Vehicles","16","Navy","Number","0"
"TEA26","New and Secondhand Vehicles","2022","2022","01606","New Other Vehicles","17","Multi-coloured","Number","11"
"TEA26","New and Secondhand Vehicles","2022","2022","01606","New Other Vehicles","18","Other","Number","0"
"TEA26","New and Secondhand Vehicles","2022","2022","021","Secondhand Private Cars","-","All colours","Number","46567"
"TEA26","New and Secondhand Vehicles","2022","2022","021","Secondhand Private Cars","01","Black","Number","9849"
"TEA26","New and Secondhand Vehicles","2022","2022","021","Secondhand Private Cars","02","Grey","Number","6469"
"TEA26","New and Secondhand Vehicles","2022","2022","021","Secondhand Private Cars","03","White","Number","10885"
"TEA26","New and Secondhand Vehicles","2022","2022","021","Secondhand Private Cars","04","Beige","Number","109"
"TEA26","New and Secondhand Vehicles","2022","2022","021","Secondhand Private Cars","05","Brown","Number","255"
"TEA26","New and Secondhand Vehicles","2022","2022","021","Secondhand Private Cars","06","Orange","Number","199"
"TEA26","New and Secondhand Vehicles","2022","2022","021","Secondhand Private Cars","07","Yellow","Number","120"
"TEA26","New and Secondhand Vehicles","2022","2022","021","Secondhand Private Cars","08","Green","Number","295"
"TEA26","New and Secondhand Vehicles","2022","2022","021","Secondhand Private Cars","09","Blue","Number","6560"
"TEA26","New and Secondhand Vehicles","2022","2022","021","Secondhand Private Cars","10","Purple","Number","309"
"TEA26","New and Secondhand Vehicles","2022","2022","021","Secondhand Private Cars","11","Pink","Number","84"
"TEA26","New and Secondhand Vehicles","2022","2022","021","Secondhand Private Cars","12","Red","Number","4385"
"TEA26","New and Secondhand Vehicles","2022","2022","021","Secondhand Private Cars","13","Bronze","Number","99"
"TEA26","New and Secondhand Vehicles","2022","2022","021","Secondhand Private Cars","14","Gold","Number","98"
"TEA26","New and Secondhand Vehicles","2022","2022","021","Secondhand Private Cars","15","Silver","Number","6697"
"TEA26","New and Secondhand Vehicles","2022","2022","021","Secondhand Private Cars","16","Navy","Number","122"
"TEA26","New and Secondhand Vehicles","2022","2022","021","Secondhand Private Cars","17","Multi-coloured","Number","32"
"TEA26","New and Secondhand Vehicles","2022","2022","021","Secondhand Private Cars","18","Other","Number","0"
"TEA26","New and Secondhand Vehicles","2022","2022","022","Secondhand Goods Vehicles","-","All colours","Number","8063"
"TEA26","New and Secondhand Vehicles","2022","2022","022","Secondhand Goods Vehicles","01","Black","Number","949"
"TEA26","New and Secondhand Vehicles","2022","2022","022","Secondhand Goods Vehicles","02","Grey","Number","784"
"TEA26","New and Secondhand Vehicles","2022","2022","022","Secondhand Goods Vehicles","03","White","Number","4097"
"TEA26","New and Secondhand Vehicles","2022","2022","022","Secondhand Goods Vehicles","04","Beige","Number","14"
"TEA26","New and Secondhand Vehicles","2022","2022","022","Secondhand Goods Vehicles","05","Brown","Number","20"
"TEA26","New and Secondhand Vehicles","2022","2022","022","Secondhand Goods Vehicles","06","Orange","Number","78"
"TEA26","New and Secondhand Vehicles","2022","2022","022","Secondhand Goods Vehicles","07","Yellow","Number","135"
"TEA26","New and Secondhand Vehicles","2022","2022","022","Secondhand Goods Vehicles","08","Green","Number","143"
"TEA26","New and Secondhand Vehicles","2022","2022","022","Secondhand Goods Vehicles","09","Blue","Number","689"
"TEA26","New and Secondhand Vehicles","2022","2022","022","Secondhand Goods Vehicles","10","Purple","Number","10"
"TEA26","New and Secondhand Vehicles","2022","2022","022","Secondhand Goods Vehicles","11","Pink","Number","2"
"TEA26","New and Secondhand Vehicles","2022","2022","022","Secondhand Goods Vehicles","12","Red","Number","362"
"TEA26","New and Secondhand Vehicles","2022","2022","022","Secondhand Goods Vehicles","13","Bronze","Number","12"
"TEA26","New and Secondhand Vehicles","2022","2022","022","Secondhand Goods Vehicles","14","Gold","Number","9"
"TEA26","New and Secondhand Vehicles","2022","2022","022","Secondhand Goods Vehicles","15","Silver","Number","642"
"TEA26","New and Secondhand Vehicles","2022","2022","022","Secondhand Goods Vehicles","16","Navy","Number","3"
"TEA26","New and Secondhand Vehicles","2022","2022","022","Secondhand Goods Vehicles","17","Multi-coloured","Number","114"
"TEA26","New and Secondhand Vehicles","2022","2022","022","Secondhand Goods Vehicles","18","Other","Number","0"
"TEA26","New and Secondhand Vehicles","2022","2022","023","Secondhand Tractors","-","All colours","Number","2381"
"TEA26","New and Secondhand Vehicles","2022","2022","023","Secondhand Tractors","01","Black","Number","12"
"TEA26","New and Secondhand Vehicles","2022","2022","023","Secondhand Tractors","02","Grey","Number","5"
"TEA26","New and Secondhand Vehicles","2022","2022","023","Secondhand Tractors","03","White","Number","11"
"TEA26","New and Secondhand Vehicles","2022","2022","023","Secondhand Tractors","04","Beige","Number","1"
"TEA26","New and Secondhand Vehicles","2022","2022","023","Secondhand Tractors","05","Brown","Number","13"
"TEA26","New and Secondhand Vehicles","2022","2022","023","Secondhand Tractors","06","Orange","Number","40"
"TEA26","New and Secondhand Vehicles","2022","2022","023","Secondhand Tractors","07","Yellow","Number","96"
"TEA26","New and Secondhand Vehicles","2022","2022","023","Secondhand Tractors","08","Green","Number","488"
"TEA26","New and Secondhand Vehicles","2022","2022","023","Secondhand Tractors","09","Blue","Number","915"
"TEA26","New and Secondhand Vehicles","2022","2022","023","Secondhand Tractors","10","Purple","Number","0"
"TEA26","New and Secondhand Vehicles","2022","2022","023","Secondhand Tractors","11","Pink","Number","0"
"TEA26","New and Secondhand Vehicles","2022","2022","023","Secondhand Tractors","12","Red","Number","730"
"TEA26","New and Secondhand Vehicles","2022","2022","023","Secondhand Tractors","13","Bronze","Number","0"
"TEA26","New and Secondhand Vehicles","2022","2022","023","Secondhand Tractors","14","Gold","Number","0"
"TEA26","New and Secondhand Vehicles","2022","2022","023","Secondhand Tractors","15","Silver","Number","12"
"TEA26","New and Secondhand Vehicles","2022","2022","023","Secondhand Tractors","16","Navy","Number","0"
"TEA26","New and Secondhand Vehicles","2022","2022","023","Secondhand Tractors","17","Multi-coloured","Number","58"
"TEA26","New and Secondhand Vehicles","2022","2022","023","Secondhand Tractors","18","Other","Number","0"
"TEA26","New and Secondhand Vehicles","2022","2022","024","Secondhand Other Vehicles","-","All colours","Number","5399"
"TEA26","New and Secondhand Vehicles","2022","2022","024","Secondhand Other Vehicles","01","Black","Number","485"
"TEA26","New and Secondhand Vehicles","2022","2022","024","Secondhand Other Vehicles","02","Grey","Number","420"
"TEA26","New and Secondhand Vehicles","2022","2022","024","Secondhand Other Vehicles","03","White","Number","1524"
"TEA26","New and Secondhand Vehicles","2022","2022","024","Secondhand Other Vehicles","04","Beige","Number","63"
"TEA26","New and Secondhand Vehicles","2022","2022","024","Secondhand Other Vehicles","05","Brown","Number","44"
"TEA26","New and Secondhand Vehicles","2022","2022","024","Secondhand Other Vehicles","06","Orange","Number","76"
"TEA26","New and Secondhand Vehicles","2022","2022","024","Secondhand Other Vehicles","07","Yellow","Number","418"
"TEA26","New and Secondhand Vehicles","2022","2022","024","Secondhand Other Vehicles","08","Green","Number","279"
"TEA26","New and Secondhand Vehicles","2022","2022","024","Secondhand Other Vehicles","09","Blue","Number","691"
"TEA26","New and Secondhand Vehicles","2022","2022","024","Secondhand Other Vehicles","10","Purple","Number","27"
"TEA26","New and Secondhand Vehicles","2022","2022","024","Secondhand Other Vehicles","11","Pink","Number","7"
"TEA26","New and Secondhand Vehicles","2022","2022","024","Secondhand Other Vehicles","12","Red","Number","743"
"TEA26","New and Secondhand Vehicles","2022","2022","024","Secondhand Other Vehicles","13","Bronze","Number","19"
"TEA26","New and Secondhand Vehicles","2022","2022","024","Secondhand Other Vehicles","14","Gold","Number","38"
"TEA26","New and Secondhand Vehicles","2022","2022","024","Secondhand Other Vehicles","15","Silver","Number","416"
"TEA26","New and Secondhand Vehicles","2022","2022","024","Secondhand Other Vehicles","16","Navy","Number","3"
"TEA26","New and Secondhand Vehicles","2022","2022","024","Secondhand Other Vehicles","17","Multi-coloured","Number","144"
"TEA26","New and Secondhand Vehicles","2022","2022","024","Secondhand Other Vehicles","18","Other","Number","2"
"TEA26","New and Secondhand Vehicles","2022","2022","025","Secondhand Motor Cycles","-","All colours","Number","3043"
"TEA26","New and Secondhand Vehicles","2022","2022","025","Secondhand Motor Cycles","01","Black","Number","846"
"TEA26","New and Secondhand Vehicles","2022","2022","025","Secondhand Motor Cycles","02","Grey","Number","165"
"TEA26","New and Secondhand Vehicles","2022","2022","025","Secondhand Motor Cycles","03","White","Number","308"
"TEA26","New and Secondhand Vehicles","2022","2022","025","Secondhand Motor Cycles","04","Beige","Number","9"
"TEA26","New and Secondhand Vehicles","2022","2022","025","Secondhand Motor Cycles","05","Brown","Number","13"
"TEA26","New and Secondhand Vehicles","2022","2022","025","Secondhand Motor Cycles","06","Orange","Number","81"
"TEA26","New and Secondhand Vehicles","2022","2022","025","Secondhand Motor Cycles","07","Yellow","Number","53"
"TEA26","New and Secondhand Vehicles","2022","2022","025","Secondhand Motor Cycles","08","Green","Number","166"
"TEA26","New and Secondhand Vehicles","2022","2022","025","Secondhand Motor Cycles","09","Blue","Number","449"
"TEA26","New and Secondhand Vehicles","2022","2022","025","Secondhand Motor Cycles","10","Purple","Number","19"
"TEA26","New and Secondhand Vehicles","2022","2022","025","Secondhand Motor Cycles","11","Pink","Number","0"
"TEA26","New and Secondhand Vehicles","2022","2022","025","Secondhand Motor Cycles","12","Red","Number","500"
"TEA26","New and Secondhand Vehicles","2022","2022","025","Secondhand Motor Cycles","13","Bronze","Number","4"
"TEA26","New and Secondhand Vehicles","2022","2022","025","Secondhand Motor Cycles","14","Gold","Number","15"
"TEA26","New and Secondhand Vehicles","2022","2022","025","Secondhand Motor Cycles","15","Silver","Number","187"
"TEA26","New and Secondhand Vehicles","2022","2022","025","Secondhand Motor Cycles","16","Navy","Number","4"
"TEA26","New and Secondhand Vehicles","2022","2022","025","Secondhand Motor Cycles","17","Multi-coloured","Number","224"
"TEA26","New and Secondhand Vehicles","2022","2022","025","Secondhand Motor Cycles","18","Other","Number","0"
"TEA26","New and Secondhand Vehicles","2022","2022","03","All Private Cars","-","All colours","Number","147916"
"TEA26","New and Secondhand Vehicles","2022","2022","03","All Private Cars","01","Black","Number","28745"
"TEA26","New and Secondhand Vehicles","2022","2022","03","All Private Cars","02","Grey","Number","44394"
"TEA26","New and Secondhand Vehicles","2022","2022","03","All Private Cars","03","White","Number","25571"
"TEA26","New and Secondhand Vehicles","2022","2022","03","All Private Cars","04","Beige","Number","109"
"TEA26","New and Secondhand Vehicles","2022","2022","03","All Private Cars","05","Brown","Number","867"
"TEA26","New and Secondhand Vehicles","2022","2022","03","All Private Cars","06","Orange","Number","870"
"TEA26","New and Secondhand Vehicles","2022","2022","03","All Private Cars","07","Yellow","Number","455"
"TEA26","New and Secondhand Vehicles","2022","2022","03","All Private Cars","08","Green","Number","1767"
"TEA26","New and Secondhand Vehicles","2022","2022","03","All Private Cars","09","Blue","Number","22752"
"TEA26","New and Secondhand Vehicles","2022","2022","03","All Private Cars","10","Purple","Number","363"
"TEA26","New and Secondhand Vehicles","2022","2022","03","All Private Cars","11","Pink","Number","84"
"TEA26","New and Secondhand Vehicles","2022","2022","03","All Private Cars","12","Red","Number","14871"
"TEA26","New and Secondhand Vehicles","2022","2022","03","All Private Cars","13","Bronze","Number","100"
"TEA26","New and Secondhand Vehicles","2022","2022","03","All Private Cars","14","Gold","Number","99"
"TEA26","New and Secondhand Vehicles","2022","2022","03","All Private Cars","15","Silver","Number","6711"
"TEA26","New and Secondhand Vehicles","2022","2022","03","All Private Cars","16","Navy","Number","123"
"TEA26","New and Secondhand Vehicles","2022","2022","03","All Private Cars","17","Multi-coloured","Number","35"
"TEA26","New and Secondhand Vehicles","2022","2022","03","All Private Cars","18","Other","Number","0"
"TEA26","New and Secondhand Vehicles","2022","2022","04","All Goods Vehicles","-","All colours","Number","31718"
"TEA26","New and Secondhand Vehicles","2022","2022","04","All Goods Vehicles","01","Black","Number","3223"
"TEA26","New and Secondhand Vehicles","2022","2022","04","All Goods Vehicles","02","Grey","Number","4991"
"TEA26","New and Secondhand Vehicles","2022","2022","04","All Goods Vehicles","03","White","Number","18746"
"TEA26","New and Secondhand Vehicles","2022","2022","04","All Goods Vehicles","04","Beige","Number","50"
"TEA26","New and Secondhand Vehicles","2022","2022","04","All Goods Vehicles","05","Brown","Number","144"
"TEA26","New and Secondhand Vehicles","2022","2022","04","All Goods Vehicles","06","Orange","Number","147"
"TEA26","New and Secondhand Vehicles","2022","2022","04","All Goods Vehicles","07","Yellow","Number","282"
"TEA26","New and Secondhand Vehicles","2022","2022","04","All Goods Vehicles","08","Green","Number","289"
"TEA26","New and Secondhand Vehicles","2022","2022","04","All Goods Vehicles","09","Blue","Number","1944"
"TEA26","New and Secondhand Vehicles","2022","2022","04","All Goods Vehicles","10","Purple","Number","13"
"TEA26","New and Secondhand Vehicles","2022","2022","04","All Goods Vehicles","11","Pink","Number","2"
"TEA26","New and Secondhand Vehicles","2022","2022","04","All Goods Vehicles","12","Red","Number","1062"
"TEA26","New and Secondhand Vehicles","2022","2022","04","All Goods Vehicles","13","Bronze","Number","12"
"TEA26","New and Secondhand Vehicles","2022","2022","04","All Goods Vehicles","14","Gold","Number","11"
"TEA26","New and Secondhand Vehicles","2022","2022","04","All Goods Vehicles","15","Silver","Number","682"
"TEA26","New and Secondhand Vehicles","2022","2022","04","All Goods Vehicles","16","Navy","Number","4"
"TEA26","New and Secondhand Vehicles","2022","2022","04","All Goods Vehicles","17","Multi-coloured","Number","116"
"TEA26","New and Secondhand Vehicles","2022","2022","04","All Goods Vehicles","18","Other","Number","0"
"TEA26","New and Secondhand Vehicles","2022","2022","05","All Tractors","-","All colours","Number","4749"
"TEA26","New and Secondhand Vehicles","2022","2022","05","All Tractors","01","Black","Number","57"
"TEA26","New and Secondhand Vehicles","2022","2022","05","All Tractors","02","Grey","Number","26"
"TEA26","New and Secondhand Vehicles","2022","2022","05","All Tractors","03","White","Number","18"
"TEA26","New and Secondhand Vehicles","2022","2022","05","All Tractors","04","Beige","Number","1"
"TEA26","New and Secondhand Vehicles","2022","2022","05","All Tractors","05","Brown","Number","31"
"TEA26","New and Secondhand Vehicles","2022","2022","05","All Tractors","06","Orange","Number","122"
"TEA26","New and Secondhand Vehicles","2022","2022","05","All Tractors","07","Yellow","Number","129"
"TEA26","New and Secondhand Vehicles","2022","2022","05","All Tractors","08","Green","Number","1443"
"TEA26","New and Secondhand Vehicles","2022","2022","05","All Tractors","09","Blue","Number","1338"
"TEA26","New and Secondhand Vehicles","2022","2022","05","All Tractors","10","Purple","Number","0"
"TEA26","New and Secondhand Vehicles","2022","2022","05","All Tractors","11","Pink","Number","0"
"TEA26","New and Secondhand Vehicles","2022","2022","05","All Tractors","12","Red","Number","1500"
"TEA26","New and Secondhand Vehicles","2022","2022","05","All Tractors","13","Bronze","Number","1"
"TEA26","New and Secondhand Vehicles","2022","2022","05","All Tractors","14","Gold","Number","0"
"TEA26","New and Secondhand Vehicles","2022","2022","05","All Tractors","15","Silver","Number","13"
"TEA26","New and Secondhand Vehicles","2022","2022","05","All Tractors","16","Navy","Number","0"
"TEA26","New and Secondhand Vehicles","2022","2022","05","All Tractors","17","Multi-coloured","Number","70"
"TEA26","New and Secondhand Vehicles","2022","2022","05","All Tractors","18","Other","Number","0"
"TEA26","New and Secondhand Vehicles","2022","2022","06","All Motor Cycles","-","All colours","Number","5914"
"TEA26","New and Secondhand Vehicles","2022","2022","06","All Motor Cycles","01","Black","Number","1722"
"TEA26","New and Secondhand Vehicles","2022","2022","06","All Motor Cycles","02","Grey","Number","597"
"TEA26","New and Secondhand Vehicles","2022","2022","06","All Motor Cycles","03","White","Number","713"
"TEA26","New and Secondhand Vehicles","2022","2022","06","All Motor Cycles","04","Beige","Number","11"
"TEA26","New and Secondhand Vehicles","2022","2022","06","All Motor Cycles","05","Brown","Number","34"
"TEA26","New and Secondhand Vehicles","2022","2022","06","All Motor Cycles","06","Orange","Number","150"
"TEA26","New and Secondhand Vehicles","2022","2022","06","All Motor Cycles","07","Yellow","Number","103"
"TEA26","New and Secondhand Vehicles","2022","2022","06","All Motor Cycles","08","Green","Number","312"
"TEA26","New and Secondhand Vehicles","2022","2022","06","All Motor Cycles","09","Blue","Number","754"
"TEA26","New and Secondhand Vehicles","2022","2022","06","All Motor Cycles","10","Purple","Number","21"
"TEA26","New and Secondhand Vehicles","2022","2022","06","All Motor Cycles","11","Pink","Number","0"
"TEA26","New and Secondhand Vehicles","2022","2022","06","All Motor Cycles","12","Red","Number","951"
"TEA26","New and Secondhand Vehicles","2022","2022","06","All Motor Cycles","13","Bronze","Number","5"
"TEA26","New and Secondhand Vehicles","2022","2022","06","All Motor Cycles","14","Gold","Number","19"
"TEA26","New and Secondhand Vehicles","2022","2022","06","All Motor Cycles","15","Silver","Number","281"
"TEA26","New and Secondhand Vehicles","2022","2022","06","All Motor Cycles","16","Navy","Number","5"
"TEA26","New and Secondhand Vehicles","2022","2022","06","All Motor Cycles","17","Multi-coloured","Number","236"
"TEA26","New and Secondhand Vehicles","2022","2022","06","All Motor Cycles","18","Other","Number","0"
"TEA26","New and Secondhand Vehicles","2022","2022","07","All Other Vehicles","-","All colours","Number","12404"
"TEA26","New and Secondhand Vehicles","2022","2022","07","All Other Vehicles","01","Black","Number","1423"
"TEA26","New and Secondhand Vehicles","2022","2022","07","All Other Vehicles","02","Grey","Number","2579"
"TEA26","New and Secondhand Vehicles","2022","2022","07","All Other Vehicles","03","White","Number","2922"
"TEA26","New and Secondhand Vehicles","2022","2022","07","All Other Vehicles","04","Beige","Number","68"
"TEA26","New and Secondhand Vehicles","2022","2022","07","All Other Vehicles","05","Brown","Number","98"
"TEA26","New and Secondhand Vehicles","2022","2022","07","All Other Vehicles","06","Orange","Number","130"
"TEA26","New and Secondhand Vehicles","2022","2022","07","All Other Vehicles","07","Yellow","Number","960"
"TEA26","New and Secondhand Vehicles","2022","2022","07","All Other Vehicles","08","Green","Number","478"
"TEA26","New and Secondhand Vehicles","2022","2022","07","All Other Vehicles","09","Blue","Number","1597"
"TEA26","New and Secondhand Vehicles","2022","2022","07","All Other Vehicles","10","Purple","Number","28"
"TEA26","New and Secondhand Vehicles","2022","2022","07","All Other Vehicles","11","Pink","Number","7"
"TEA26","New and Secondhand Vehicles","2022","2022","07","All Other Vehicles","12","Red","Number","1459"
"TEA26","New and Secondhand Vehicles","2022","2022","07","All Other Vehicles","13","Bronze","Number","20"
"TEA26","New and Secondhand Vehicles","2022","2022","07","All Other Vehicles","14","Gold","Number","39"
"TEA26","New and Secondhand Vehicles","2022","2022","07","All Other Vehicles","15","Silver","Number","436"
"TEA26","New and Secondhand Vehicles","2022","2022","07","All Other Vehicles","16","Navy","Number","3"
"TEA26","New and Secondhand Vehicles","2022","2022","07","All Other Vehicles","17","Multi-coloured","Number","155"
"TEA26","New and Secondhand Vehicles","2022","2022","07","All Other Vehicles","18","Other","Number","2"
"TEA26","New and Secondhand Vehicles","2023","2023","011","New Private Cars","-","All colours","Number","117424"
"TEA26","New and Secondhand Vehicles","2023","2023","011","New Private Cars","01","Black","Number","23363"
"TEA26","New and Secondhand Vehicles","2023","2023","011","New Private Cars","02","Grey","Number","44647"
"TEA26","New and Secondhand Vehicles","2023","2023","011","New Private Cars","03","White","Number","16863"
"TEA26","New and Secondhand Vehicles","2023","2023","011","New Private Cars","04","Beige","Number","1"
"TEA26","New and Secondhand Vehicles","2023","2023","011","New Private Cars","05","Brown","Number","633"
"TEA26","New and Secondhand Vehicles","2023","2023","011","New Private Cars","06","Orange","Number","843"
"TEA26","New and Secondhand Vehicles","2023","2023","011","New Private Cars","07","Yellow","Number","424"
"TEA26","New and Secondhand Vehicles","2023","2023","011","New Private Cars","08","Green","Number","2095"
"TEA26","New and Secondhand Vehicles","2023","2023","011","New Private Cars","09","Blue","Number","17546"
"TEA26","New and Secondhand Vehicles","2023","2023","011","New Private Cars","10","Purple","Number","142"
"TEA26","New and Secondhand Vehicles","2023","2023","011","New Private Cars","11","Pink","Number",""
"TEA26","New and Secondhand Vehicles","2023","2023","011","New Private Cars","12","Red","Number","10817"
"TEA26","New and Secondhand Vehicles","2023","2023","011","New Private Cars","13","Bronze","Number","5"
"TEA26","New and Secondhand Vehicles","2023","2023","011","New Private Cars","14","Gold","Number",""
"TEA26","New and Secondhand Vehicles","2023","2023","011","New Private Cars","15","Silver","Number","42"
"TEA26","New and Secondhand Vehicles","2023","2023","011","New Private Cars","16","Navy","Number",""
"TEA26","New and Secondhand Vehicles","2023","2023","011","New Private Cars","17","Multi-coloured","Number","3"
"TEA26","New and Secondhand Vehicles","2023","2023","011","New Private Cars","18","Other","Number",""
"TEA26","New and Secondhand Vehicles","2023","2023","012","New Goods Vehicles","-","All colours","Number","29038"
"TEA26","New and Secondhand Vehicles","2023","2023","012","New Goods Vehicles","01","Black","Number","2552"
"TEA26","New and Secondhand Vehicles","2023","2023","012","New Goods Vehicles","02","Grey","Number","4750"
"TEA26","New and Secondhand Vehicles","2023","2023","012","New Goods Vehicles","03","White","Number","19023"
"TEA26","New and Secondhand Vehicles","2023","2023","012","New Goods Vehicles","04","Beige","Number","26"
"TEA26","New and Secondhand Vehicles","2023","2023","012","New Goods Vehicles","05","Brown","Number","124"
"TEA26","New and Secondhand Vehicles","2023","2023","012","New Goods Vehicles","06","Orange","Number","136"
"TEA26","New and Secondhand Vehicles","2023","2023","012","New Goods Vehicles","07","Yellow","Number","262"
"TEA26","New and Secondhand Vehicles","2023","2023","012","New Goods Vehicles","08","Green","Number","219"
"TEA26","New and Secondhand Vehicles","2023","2023","012","New Goods Vehicles","09","Blue","Number","1239"
"TEA26","New and Secondhand Vehicles","2023","2023","012","New Goods Vehicles","10","Purple","Number","1"
"TEA26","New and Secondhand Vehicles","2023","2023","012","New Goods Vehicles","11","Pink","Number",""
"TEA26","New and Secondhand Vehicles","2023","2023","012","New Goods Vehicles","12","Red","Number","590"
"TEA26","New and Secondhand Vehicles","2023","2023","012","New Goods Vehicles","13","Bronze","Number","2"
"TEA26","New and Secondhand Vehicles","2023","2023","012","New Goods Vehicles","14","Gold","Number","2"
"TEA26","New and Secondhand Vehicles","2023","2023","012","New Goods Vehicles","15","Silver","Number","96"
"TEA26","New and Secondhand Vehicles","2023","2023","012","New Goods Vehicles","16","Navy","Number","1"
"TEA26","New and Secondhand Vehicles","2023","2023","012","New Goods Vehicles","17","Multi-coloured","Number","14"
"TEA26","New and Secondhand Vehicles","2023","2023","012","New Goods Vehicles","18","Other","Number","1"
"TEA26","New and Secondhand Vehicles","2023","2023","013","New Tractors","-","All colours","Number","2310"
"TEA26","New and Secondhand Vehicles","2023","2023","013","New Tractors","01","Black","Number","51"
"TEA26","New and Secondhand Vehicles","2023","2023","013","New Tractors","02","Grey","Number","30"
"TEA26","New and Secondhand Vehicles","2023","2023","013","New Tractors","03","White","Number","14"
"TEA26","New and Secondhand Vehicles","2023","2023","013","New Tractors","04","Beige","Number","1"
"TEA26","New and Secondhand Vehicles","2023","2023","013","New Tractors","05","Brown","Number","11"
"TEA26","New and Secondhand Vehicles","2023","2023","013","New Tractors","06","Orange","Number","76"
"TEA26","New and Secondhand Vehicles","2023","2023","013","New Tractors","07","Yellow","Number","42"
"TEA26","New and Secondhand Vehicles","2023","2023","013","New Tractors","08","Green","Number","919"
"TEA26","New and Secondhand Vehicles","2023","2023","013","New Tractors","09","Blue","Number","415"
"TEA26","New and Secondhand Vehicles","2023","2023","013","New Tractors","10","Purple","Number",""
"TEA26","New and Secondhand Vehicles","2023","2023","013","New Tractors","11","Pink","Number",""
"TEA26","New and Secondhand Vehicles","2023","2023","013","New Tractors","12","Red","Number","740"
"TEA26","New and Secondhand Vehicles","2023","2023","013","New Tractors","13","Bronze","Number",""
"TEA26","New and Secondhand Vehicles","2023","2023","013","New Tractors","14","Gold","Number",""
"TEA26","New and Secondhand Vehicles","2023","2023","013","New Tractors","15","Silver","Number","2"
"TEA26","New and Secondhand Vehicles","2023","2023","013","New Tractors","16","Navy","Number","1"
"TEA26","New and Secondhand Vehicles","2023","2023","013","New Tractors","17","Multi-coloured","Number","8"
"TEA26","New and Secondhand Vehicles","2023","2023","013","New Tractors","18","Other","Number",""
"TEA26","New and Secondhand Vehicles","2023","2023","014","New Motor Cycles","-","All colours","Number","2932"
"TEA26","New and Secondhand Vehicles","2023","2023","014","New Motor Cycles","01","Black","Number","727"
"TEA26","New and Secondhand Vehicles","2023","2023","014","New Motor Cycles","02","Grey","Number","521"
"TEA26","New and Secondhand Vehicles","2023","2023","014","New Motor Cycles","03","White","Number","421"
"TEA26","New and Secondhand Vehicles","2023","2023","014","New Motor Cycles","04","Beige","Number","2"
"TEA26","New and Secondhand Vehicles","2023","2023","014","New Motor Cycles","05","Brown","Number","8"
"TEA26","New and Secondhand Vehicles","2023","2023","014","New Motor Cycles","06","Orange","Number","71"
"TEA26","New and Secondhand Vehicles","2023","2023","014","New Motor Cycles","07","Yellow","Number","45"
"TEA26","New and Secondhand Vehicles","2023","2023","014","New Motor Cycles","08","Green","Number","167"
"TEA26","New and Secondhand Vehicles","2023","2023","014","New Motor Cycles","09","Blue","Number","464"
"TEA26","New and Secondhand Vehicles","2023","2023","014","New Motor Cycles","10","Purple","Number",""
"TEA26","New and Secondhand Vehicles","2023","2023","014","New Motor Cycles","11","Pink","Number","3"
"TEA26","New and Secondhand Vehicles","2023","2023","014","New Motor Cycles","12","Red","Number","366"
"TEA26","New and Secondhand Vehicles","2023","2023","014","New Motor Cycles","13","Bronze","Number","6"
"TEA26","New and Secondhand Vehicles","2023","2023","014","New Motor Cycles","14","Gold","Number","12"
"TEA26","New and Secondhand Vehicles","2023","2023","014","New Motor Cycles","15","Silver","Number","102"
"TEA26","New and Secondhand Vehicles","2023","2023","014","New Motor Cycles","16","Navy","Number","1"
"TEA26","New and Secondhand Vehicles","2023","2023","014","New Motor Cycles","17","Multi-coloured","Number","16"
"TEA26","New and Secondhand Vehicles","2023","2023","014","New Motor Cycles","18","Other","Number",""
"TEA26","New and Secondhand Vehicles","2023","2023","01606","New Other Vehicles","-","All colours","Number","8074"
"TEA26","New and Secondhand Vehicles","2023","2023","01606","New Other Vehicles","01","Black","Number","1166"
"TEA26","New and Secondhand Vehicles","2023","2023","01606","New Other Vehicles","02","Grey","Number","2583"
"TEA26","New and Secondhand Vehicles","2023","2023","01606","New Other Vehicles","03","White","Number","1549"
"TEA26","New and Secondhand Vehicles","2023","2023","01606","New Other Vehicles","04","Beige","Number","1"
"TEA26","New and Secondhand Vehicles","2023","2023","01606","New Other Vehicles","05","Brown","Number","40"
"TEA26","New and Secondhand Vehicles","2023","2023","01606","New Other Vehicles","06","Orange","Number","64"
"TEA26","New and Secondhand Vehicles","2023","2023","01606","New Other Vehicles","07","Yellow","Number","617"
"TEA26","New and Secondhand Vehicles","2023","2023","01606","New Other Vehicles","08","Green","Number","200"
"TEA26","New and Secondhand Vehicles","2023","2023","01606","New Other Vehicles","09","Blue","Number","1011"
"TEA26","New and Secondhand Vehicles","2023","2023","01606","New Other Vehicles","10","Purple","Number","4"
"TEA26","New and Secondhand Vehicles","2023","2023","01606","New Other Vehicles","11","Pink","Number",""
"TEA26","New and Secondhand Vehicles","2023","2023","01606","New Other Vehicles","12","Red","Number","739"
"TEA26","New and Secondhand Vehicles","2023","2023","01606","New Other Vehicles","13","Bronze","Number",""
"TEA26","New and Secondhand Vehicles","2023","2023","01606","New Other Vehicles","14","Gold","Number",""
"TEA26","New and Secondhand Vehicles","2023","2023","01606","New Other Vehicles","15","Silver","Number","25"
"TEA26","New and Secondhand Vehicles","2023","2023","01606","New Other Vehicles","16","Navy","Number","2"
"TEA26","New and Secondhand Vehicles","2023","2023","01606","New Other Vehicles","17","Multi-coloured","Number","73"
"TEA26","New and Secondhand Vehicles","2023","2023","01606","New Other Vehicles","18","Other","Number",""
"TEA26","New and Secondhand Vehicles","2023","2023","021","Secondhand Private Cars","-","All colours","Number","50381"
"TEA26","New and Secondhand Vehicles","2023","2023","021","Secondhand Private Cars","01","Black","Number","10774"
"TEA26","New and Secondhand Vehicles","2023","2023","021","Secondhand Private Cars","02","Grey","Number","7256"
"TEA26","New and Secondhand Vehicles","2023","2023","021","Secondhand Private Cars","03","White","Number","11743"
"TEA26","New and Secondhand Vehicles","2023","2023","021","Secondhand Private Cars","04","Beige","Number","139"
"TEA26","New and Secondhand Vehicles","2023","2023","021","Secondhand Private Cars","05","Brown","Number","353"
"TEA26","New and Secondhand Vehicles","2023","2023","021","Secondhand Private Cars","06","Orange","Number","310"
"TEA26","New and Secondhand Vehicles","2023","2023","021","Secondhand Private Cars","07","Yellow","Number","154"
"TEA26","New and Secondhand Vehicles","2023","2023","021","Secondhand Private Cars","08","Green","Number","330"
"TEA26","New and Secondhand Vehicles","2023","2023","021","Secondhand Private Cars","09","Blue","Number","7159"
"TEA26","New and Secondhand Vehicles","2023","2023","021","Secondhand Private Cars","10","Purple","Number","363"
"TEA26","New and Secondhand Vehicles","2023","2023","021","Secondhand Private Cars","11","Pink","Number","104"
"TEA26","New and Secondhand Vehicles","2023","2023","021","Secondhand Private Cars","12","Red","Number","4798"
"TEA26","New and Secondhand Vehicles","2023","2023","021","Secondhand Private Cars","13","Bronze","Number","113"
"TEA26","New and Secondhand Vehicles","2023","2023","021","Secondhand Private Cars","14","Gold","Number","103"
"TEA26","New and Secondhand Vehicles","2023","2023","021","Secondhand Private Cars","15","Silver","Number","6388"
"TEA26","New and Secondhand Vehicles","2023","2023","021","Secondhand Private Cars","16","Navy","Number","244"
"TEA26","New and Secondhand Vehicles","2023","2023","021","Secondhand Private Cars","17","Multi-coloured","Number","50"
"TEA26","New and Secondhand Vehicles","2023","2023","021","Secondhand Private Cars","18","Other","Number",""
"TEA26","New and Secondhand Vehicles","2023","2023","022","Secondhand Goods Vehicles","-","All colours","Number","9443"
"TEA26","New and Secondhand Vehicles","2023","2023","022","Secondhand Goods Vehicles","01","Black","Number","1074"
"TEA26","New and Secondhand Vehicles","2023","2023","022","Secondhand Goods Vehicles","02","Grey","Number","973"
"TEA26","New and Secondhand Vehicles","2023","2023","022","Secondhand Goods Vehicles","03","White","Number","5049"
"TEA26","New and Secondhand Vehicles","2023","2023","022","Secondhand Goods Vehicles","04","Beige","Number","14"
"TEA26","New and Secondhand Vehicles","2023","2023","022","Secondhand Goods Vehicles","05","Brown","Number","25"
"TEA26","New and Secondhand Vehicles","2023","2023","022","Secondhand Goods Vehicles","06","Orange","Number","76"
"TEA26","New and Secondhand Vehicles","2023","2023","022","Secondhand Goods Vehicles","07","Yellow","Number","108"
"TEA26","New and Secondhand Vehicles","2023","2023","022","Secondhand Goods Vehicles","08","Green","Number","169"
"TEA26","New and Secondhand Vehicles","2023","2023","022","Secondhand Goods Vehicles","09","Blue","Number","688"
"TEA26","New and Secondhand Vehicles","2023","2023","022","Secondhand Goods Vehicles","10","Purple","Number","8"
"TEA26","New and Secondhand Vehicles","2023","2023","022","Secondhand Goods Vehicles","11","Pink","Number",""
"TEA26","New and Secondhand Vehicles","2023","2023","022","Secondhand Goods Vehicles","12","Red","Number","432"
"TEA26","New and Secondhand Vehicles","2023","2023","022","Secondhand Goods Vehicles","13","Bronze","Number","16"
"TEA26","New and Secondhand Vehicles","2023","2023","022","Secondhand Goods Vehicles","14","Gold","Number","8"
"TEA26","New and Secondhand Vehicles","2023","2023","022","Secondhand Goods Vehicles","15","Silver","Number","716"
"TEA26","New and Secondhand Vehicles","2023","2023","022","Secondhand Goods Vehicles","16","Navy","Number","5"
"TEA26","New and Secondhand Vehicles","2023","2023","022","Secondhand Goods Vehicles","17","Multi-coloured","Number","82"
"TEA26","New and Secondhand Vehicles","2023","2023","022","Secondhand Goods Vehicles","18","Other","Number",""
"TEA26","New and Secondhand Vehicles","2023","2023","023","Secondhand Tractors","-","All colours","Number","2510"
"TEA26","New and Secondhand Vehicles","2023","2023","023","Secondhand Tractors","01","Black","Number","20"
"TEA26","New and Secondhand Vehicles","2023","2023","023","Secondhand Tractors","02","Grey","Number","4"
"TEA26","New and Secondhand Vehicles","2023","2023","023","Secondhand Tractors","03","White","Number","10"
"TEA26","New and Secondhand Vehicles","2023","2023","023","Secondhand Tractors","04","Beige","Number","2"
"TEA26","New and Secondhand Vehicles","2023","2023","023","Secondhand Tractors","05","Brown","Number","12"
"TEA26","New and Secondhand Vehicles","2023","2023","023","Secondhand Tractors","06","Orange","Number","49"
"TEA26","New and Secondhand Vehicles","2023","2023","023","Secondhand Tractors","07","Yellow","Number","112"
"TEA26","New and Secondhand Vehicles","2023","2023","023","Secondhand Tractors","08","Green","Number","529"
"TEA26","New and Secondhand Vehicles","2023","2023","023","Secondhand Tractors","09","Blue","Number","926"
"TEA26","New and Secondhand Vehicles","2023","2023","023","Secondhand Tractors","10","Purple","Number",""
"TEA26","New and Secondhand Vehicles","2023","2023","023","Secondhand Tractors","11","Pink","Number",""
"TEA26","New and Secondhand Vehicles","2023","2023","023","Secondhand Tractors","12","Red","Number","733"
"TEA26","New and Secondhand Vehicles","2023","2023","023","Secondhand Tractors","13","Bronze","Number",""
"TEA26","New and Secondhand Vehicles","2023","2023","023","Secondhand Tractors","14","Gold","Number","2"
"TEA26","New and Secondhand Vehicles","2023","2023","023","Secondhand Tractors","15","Silver","Number","16"
"TEA26","New and Secondhand Vehicles","2023","2023","023","Secondhand Tractors","16","Navy","Number",""
"TEA26","New and Secondhand Vehicles","2023","2023","023","Secondhand Tractors","17","Multi-coloured","Number","95"
"TEA26","New and Secondhand Vehicles","2023","2023","023","Secondhand Tractors","18","Other","Number",""
"TEA26","New and Secondhand Vehicles","2023","2023","024","Secondhand Other Vehicles","-","All colours","Number","5645"
"TEA26","New and Secondhand Vehicles","2023","2023","024","Secondhand Other Vehicles","01","Black","Number","534"
"TEA26","New and Secondhand Vehicles","2023","2023","024","Secondhand Other Vehicles","02","Grey","Number","394"
"TEA26","New and Secondhand Vehicles","2023","2023","024","Secondhand Other Vehicles","03","White","Number","1675"
"TEA26","New and Secondhand Vehicles","2023","2023","024","Secondhand Other Vehicles","04","Beige","Number","62"
"TEA26","New and Secondhand Vehicles","2023","2023","024","Secondhand Other Vehicles","05","Brown","Number","36"
"TEA26","New and Secondhand Vehicles","2023","2023","024","Secondhand Other Vehicles","06","Orange","Number","56"
"TEA26","New and Secondhand Vehicles","2023","2023","024","Secondhand Other Vehicles","07","Yellow","Number","445"
"TEA26","New and Secondhand Vehicles","2023","2023","024","Secondhand Other Vehicles","08","Green","Number","277"
"TEA26","New and Secondhand Vehicles","2023","2023","024","Secondhand Other Vehicles","09","Blue","Number","663"
"TEA26","New and Secondhand Vehicles","2023","2023","024","Secondhand Other Vehicles","10","Purple","Number","24"
"TEA26","New and Secondhand Vehicles","2023","2023","024","Secondhand Other Vehicles","11","Pink","Number","6"
"TEA26","New and Secondhand Vehicles","2023","2023","024","Secondhand Other Vehicles","12","Red","Number","740"
"TEA26","New and Secondhand Vehicles","2023","2023","024","Secondhand Other Vehicles","13","Bronze","Number","15"
"TEA26","New and Secondhand Vehicles","2023","2023","024","Secondhand Other Vehicles","14","Gold","Number","48"
"TEA26","New and Secondhand Vehicles","2023","2023","024","Secondhand Other Vehicles","15","Silver","Number","454"
"TEA26","New and Secondhand Vehicles","2023","2023","024","Secondhand Other Vehicles","16","Navy","Number","11"
"TEA26","New and Secondhand Vehicles","2023","2023","024","Secondhand Other Vehicles","17","Multi-coloured","Number","204"
"TEA26","New and Secondhand Vehicles","2023","2023","024","Secondhand Other Vehicles","18","Other","Number","1"
"TEA26","New and Secondhand Vehicles","2023","2023","025","Secondhand Motor Cycles","-","All colours","Number","2856"
"TEA26","New and Secondhand Vehicles","2023","2023","025","Secondhand Motor Cycles","01","Black","Number","791"
"TEA26","New and Secondhand Vehicles","2023","2023","025","Secondhand Motor Cycles","02","Grey","Number","138"
"TEA26","New and Secondhand Vehicles","2023","2023","025","Secondhand Motor Cycles","03","White","Number","331"
"TEA26","New and Secondhand Vehicles","2023","2023","025","Secondhand Motor Cycles","04","Beige","Number","10"
"TEA26","New and Secondhand Vehicles","2023","2023","025","Secondhand Motor Cycles","05","Brown","Number","12"
"TEA26","New and Secondhand Vehicles","2023","2023","025","Secondhand Motor Cycles","06","Orange","Number","82"
"TEA26","New and Secondhand Vehicles","2023","2023","025","Secondhand Motor Cycles","07","Yellow","Number","60"
"TEA26","New and Secondhand Vehicles","2023","2023","025","Secondhand Motor Cycles","08","Green","Number","148"
"TEA26","New and Secondhand Vehicles","2023","2023","025","Secondhand Motor Cycles","09","Blue","Number","428"
"TEA26","New and Secondhand Vehicles","2023","2023","025","Secondhand Motor Cycles","10","Purple","Number","20"
"TEA26","New and Secondhand Vehicles","2023","2023","025","Secondhand Motor Cycles","11","Pink","Number","1"
"TEA26","New and Secondhand Vehicles","2023","2023","025","Secondhand Motor Cycles","12","Red","Number","455"
"TEA26","New and Secondhand Vehicles","2023","2023","025","Secondhand Motor Cycles","13","Bronze","Number","7"
"TEA26","New and Secondhand Vehicles","2023","2023","025","Secondhand Motor Cycles","14","Gold","Number","15"
"TEA26","New and Secondhand Vehicles","2023","2023","025","Secondhand Motor Cycles","15","Silver","Number","173"
"TEA26","New and Secondhand Vehicles","2023","2023","025","Secondhand Motor Cycles","16","Navy","Number","1"
"TEA26","New and Secondhand Vehicles","2023","2023","025","Secondhand Motor Cycles","17","Multi-coloured","Number","184"
"TEA26","New and Secondhand Vehicles","2023","2023","025","Secondhand Motor Cycles","18","Other","Number",""
"TEA26","New and Secondhand Vehicles","2023","2023","03","All Private Cars","-","All colours","Number","167805"
"TEA26","New and Secondhand Vehicles","2023","2023","03","All Private Cars","01","Black","Number","34137"
"TEA26","New and Secondhand Vehicles","2023","2023","03","All Private Cars","02","Grey","Number","51903"
"TEA26","New and Secondhand Vehicles","2023","2023","03","All Private Cars","03","White","Number","28606"
"TEA26","New and Secondhand Vehicles","2023","2023","03","All Private Cars","04","Beige","Number","140"
"TEA26","New and Secondhand Vehicles","2023","2023","03","All Private Cars","05","Brown","Number","986"
"TEA26","New and Secondhand Vehicles","2023","2023","03","All Private Cars","06","Orange","Number","1153"
"TEA26","New and Secondhand Vehicles","2023","2023","03","All Private Cars","07","Yellow","Number","578"
"TEA26","New and Secondhand Vehicles","2023","2023","03","All Private Cars","08","Green","Number","2425"
"TEA26","New and Secondhand Vehicles","2023","2023","03","All Private Cars","09","Blue","Number","24705"
"TEA26","New and Secondhand Vehicles","2023","2023","03","All Private Cars","10","Purple","Number","505"
"TEA26","New and Secondhand Vehicles","2023","2023","03","All Private Cars","11","Pink","Number","104"
"TEA26","New and Secondhand Vehicles","2023","2023","03","All Private Cars","12","Red","Number","15615"
"TEA26","New and Secondhand Vehicles","2023","2023","03","All Private Cars","13","Bronze","Number","118"
"TEA26","New and Secondhand Vehicles","2023","2023","03","All Private Cars","14","Gold","Number","103"
"TEA26","New and Secondhand Vehicles","2023","2023","03","All Private Cars","15","Silver","Number","6430"
"TEA26","New and Secondhand Vehicles","2023","2023","03","All Private Cars","16","Navy","Number","244"
"TEA26","New and Secondhand Vehicles","2023","2023","03","All Private Cars","17","Multi-coloured","Number","53"
"TEA26","New and Secondhand Vehicles","2023","2023","03","All Private Cars","18","Other","Number",""
"TEA26","New and Secondhand Vehicles","2023","2023","04","All Goods Vehicles","-","All colours","Number","38481"
"TEA26","New and Secondhand Vehicles","2023","2023","04","All Goods Vehicles","01","Black","Number","3626"
"TEA26","New and Secondhand Vehicles","2023","2023","04","All Goods Vehicles","02","Grey","Number","5723"
"TEA26","New and Secondhand Vehicles","2023","2023","04","All Goods Vehicles","03","White","Number","24072"
"TEA26","New and Secondhand Vehicles","2023","2023","04","All Goods Vehicles","04","Beige","Number","40"
"TEA26","New and Secondhand Vehicles","2023","2023","04","All Goods Vehicles","05","Brown","Number","149"
"TEA26","New and Secondhand Vehicles","2023","2023","04","All Goods Vehicles","06","Orange","Number","212"
"TEA26","New and Secondhand Vehicles","2023","2023","04","All Goods Vehicles","07","Yellow","Number","370"
"TEA26","New and Secondhand Vehicles","2023","2023","04","All Goods Vehicles","08","Green","Number","388"
"TEA26","New and Secondhand Vehicles","2023","2023","04","All Goods Vehicles","09","Blue","Number","1927"
"TEA26","New and Secondhand Vehicles","2023","2023","04","All Goods Vehicles","10","Purple","Number","9"
"TEA26","New and Secondhand Vehicles","2023","2023","04","All Goods Vehicles","11","Pink","Number",""
"TEA26","New and Secondhand Vehicles","2023","2023","04","All Goods Vehicles","12","Red","Number","1022"
"TEA26","New and Secondhand Vehicles","2023","2023","04","All Goods Vehicles","13","Bronze","Number","18"
"TEA26","New and Secondhand Vehicles","2023","2023","04","All Goods Vehicles","14","Gold","Number","10"
"TEA26","New and Secondhand Vehicles","2023","2023","04","All Goods Vehicles","15","Silver","Number","812"
"TEA26","New and Secondhand Vehicles","2023","2023","04","All Goods Vehicles","16","Navy","Number","6"
"TEA26","New and Secondhand Vehicles","2023","2023","04","All Goods Vehicles","17","Multi-coloured","Number","96"
"TEA26","New and Secondhand Vehicles","2023","2023","04","All Goods Vehicles","18","Other","Number","1"
"TEA26","New and Secondhand Vehicles","2023","2023","05","All Tractors","-","All colours","Number","4820"
"TEA26","New and Secondhand Vehicles","2023","2023","05","All Tractors","01","Black","Number","71"
"TEA26","New and Secondhand Vehicles","2023","2023","05","All Tractors","02","Grey","Number","34"
"TEA26","New and Secondhand Vehicles","2023","2023","05","All Tractors","03","White","Number","24"
"TEA26","New and Secondhand Vehicles","2023","2023","05","All Tractors","04","Beige","Number","3"
"TEA26","New and Secondhand Vehicles","2023","2023","05","All Tractors","05","Brown","Number","23"
"TEA26","New and Secondhand Vehicles","2023","2023","05","All Tractors","06","Orange","Number","125"
"TEA26","New and Secondhand Vehicles","2023","2023","05","All Tractors","07","Yellow","Number","154"
"TEA26","New and Secondhand Vehicles","2023","2023","05","All Tractors","08","Green","Number","1448"
"TEA26","New and Secondhand Vehicles","2023","2023","05","All Tractors","09","Blue","Number","1341"
"TEA26","New and Secondhand Vehicles","2023","2023","05","All Tractors","10","Purple","Number",""
"TEA26","New and Secondhand Vehicles","2023","2023","05","All Tractors","11","Pink","Number",""
"TEA26","New and Secondhand Vehicles","2023","2023","05","All Tractors","12","Red","Number","1473"
"TEA26","New and Secondhand Vehicles","2023","2023","05","All Tractors","13","Bronze","Number",""
"TEA26","New and Secondhand Vehicles","2023","2023","05","All Tractors","14","Gold","Number","2"
"TEA26","New and Secondhand Vehicles","2023","2023","05","All Tractors","15","Silver","Number","18"
"TEA26","New and Secondhand Vehicles","2023","2023","05","All Tractors","16","Navy","Number","1"
"TEA26","New and Secondhand Vehicles","2023","2023","05","All Tractors","17","Multi-coloured","Number","103"
"TEA26","New and Secondhand Vehicles","2023","2023","05","All Tractors","18","Other","Number",""
"TEA26","New and Secondhand Vehicles","2023","2023","06","All Motor Cycles","-","All colours","Number","5788"
"TEA26","New and Secondhand Vehicles","2023","2023","06","All Motor Cycles","01","Black","Number","1518"
"TEA26","New and Secondhand Vehicles","2023","2023","06","All Motor Cycles","02","Grey","Number","659"
"TEA26","New and Secondhand Vehicles","2023","2023","06","All Motor Cycles","03","White","Number","752"
"TEA26","New and Secondhand Vehicles","2023","2023","06","All Motor Cycles","04","Beige","Number","12"
"TEA26","New and Secondhand Vehicles","2023","2023","06","All Motor Cycles","05","Brown","Number","20"
"TEA26","New and Secondhand Vehicles","2023","2023","06","All Motor Cycles","06","Orange","Number","153"
"TEA26","New and Secondhand Vehicles","2023","2023","06","All Motor Cycles","07","Yellow","Number","105"
"TEA26","New and Secondhand Vehicles","2023","2023","06","All Motor Cycles","08","Green","Number","315"
"TEA26","New and Secondhand Vehicles","2023","2023","06","All Motor Cycles","09","Blue","Number","892"
"TEA26","New and Secondhand Vehicles","2023","2023","06","All Motor Cycles","10","Purple","Number","20"
"TEA26","New and Secondhand Vehicles","2023","2023","06","All Motor Cycles","11","Pink","Number","4"
"TEA26","New and Secondhand Vehicles","2023","2023","06","All Motor Cycles","12","Red","Number","821"
"TEA26","New and Secondhand Vehicles","2023","2023","06","All Motor Cycles","13","Bronze","Number","13"
"TEA26","New and Secondhand Vehicles","2023","2023","06","All Motor Cycles","14","Gold","Number","27"
"TEA26","New and Secondhand Vehicles","2023","2023","06","All Motor Cycles","15","Silver","Number","275"
"TEA26","New and Secondhand Vehicles","2023","2023","06","All Motor Cycles","16","Navy","Number","2"
"TEA26","New and Secondhand Vehicles","2023","2023","06","All Motor Cycles","17","Multi-coloured","Number","200"
"TEA26","New and Secondhand Vehicles","2023","2023","06","All Motor Cycles","18","Other","Number",""
"TEA26","New and Secondhand Vehicles","2023","2023","07","All Other Vehicles","-","All colours","Number","13719"
"TEA26","New and Secondhand Vehicles","2023","2023","07","All Other Vehicles","01","Black","Number","1700"
"TEA26","New and Secondhand Vehicles","2023","2023","07","All Other Vehicles","02","Grey","Number","2977"
"TEA26","New and Secondhand Vehicles","2023","2023","07","All Other Vehicles","03","White","Number","3224"
"TEA26","New and Secondhand Vehicles","2023","2023","07","All Other Vehicles","04","Beige","Number","63"
"TEA26","New and Secondhand Vehicles","2023","2023","07","All Other Vehicles","05","Brown","Number","76"
"TEA26","New and Secondhand Vehicles","2023","2023","07","All Other Vehicles","06","Orange","Number","120"
"TEA26","New and Secondhand Vehicles","2023","2023","07","All Other Vehicles","07","Yellow","Number","1062"
"TEA26","New and Secondhand Vehicles","2023","2023","07","All Other Vehicles","08","Green","Number","477"
"TEA26","New and Secondhand Vehicles","2023","2023","07","All Other Vehicles","09","Blue","Number","1674"
"TEA26","New and Secondhand Vehicles","2023","2023","07","All Other Vehicles","10","Purple","Number","28"
"TEA26","New and Secondhand Vehicles","2023","2023","07","All Other Vehicles","11","Pink","Number","6"
"TEA26","New and Secondhand Vehicles","2023","2023","07","All Other Vehicles","12","Red","Number","1479"
"TEA26","New and Secondhand Vehicles","2023","2023","07","All Other Vehicles","13","Bronze","Number","15"
"TEA26","New and Secondhand Vehicles","2023","2023","07","All Other Vehicles","14","Gold","Number","48"
"TEA26","New and Secondhand Vehicles","2023","2023","07","All Other Vehicles","15","Silver","Number","479"
"TEA26","New and Secondhand Vehicles","2023","2023","07","All Other Vehicles","16","Navy","Number","13"
"TEA26","New and Secondhand Vehicles","2023","2023","07","All Other Vehicles","17","Multi-coloured","Number","277"
"TEA26","New and Secondhand Vehicles","2023","2023","07","All Other Vehicles","18","Other","Number","1"
